fetched_at,location_id,price,price_text,start_time_local,stop_time_local,requires_print_pass,requires_display_pass,cancellation_notice
2026-03-20 13:20:01,442320,11.49,$11.49,2026-03-20T13:30:00,2026-03-20T16:30:00,False,False,0
2026-03-20 13:20:01,575241,5.99,$5.99,2026-03-20T13:30:00,2026-03-20T15:30:00,False,False,0
2026-03-20 13:20:01,2768546,5.99,$5.99,2026-03-20T13:30:00,2026-03-20T15:30:00,False,False,0
2026-03-20 13:20:01,575243,8.74,$8.74,2026-03-20T13:30:00,2026-03-20T15:30:00,False,False,0
2026-03-20 13:20:01,575242,10.99,$10.99,2026-03-20T13:30:00,2026-03-20T15:30:00,False,False,0
2026-03-20 13:20:01,2768551,4.99,$4.99,2026-03-20T13:30:00,2026-03-20T15:30:00,False,False,0
2026-03-20 13:20:01,385993,12.99,$12.99,2026-03-20T13:30:00,2026-03-20T15:30:00,False,False,0
2026-03-20 13:20:01,385997,6.99,$6.99,2026-03-20T13:30:00,2026-03-20T15:30:00,False,False,0
2026-03-20 13:20:01,3716218,6.99,$6.99,2026-03-20T13:30:00,2026-03-20T15:30:00,False,False,0
2026-03-20 13:20:01,377699,13.99,$13.99,2026-03-20T13:30:00,2026-03-20T15:30:00,False,False,0
2026-03-20 13:20:01,4745556,18.02,$18.02,2026-03-20T13:30:00,2026-03-20T19:30:00,False,False,0
2026-03-20 13:20:01,7028871,6.99,$6.99,2026-03-20T13:30:00,2026-03-20T15:30:00,False,False,0
2026-03-20 13:20:01,7991400,26.5,$26.50,2026-03-20T13:30:00,2026-03-21T01:00:00,False,False,0
2026-03-20 13:20:01,1134899,7.24,$7.24,2026-03-20T13:30:00,2026-03-20T15:30:00,False,False,0
2026-03-20 13:20:01,276749,9.99,$9.99,2026-03-20T13:30:00,2026-03-20T15:30:00,False,False,0
2026-03-20 13:20:01,377737,9.99,$9.99,2026-03-20T13:30:00,2026-03-20T16:30:00,False,False,0
2026-03-20 13:20:01,817230,13.99,$13.99,2026-03-20T13:30:00,2026-03-20T15:30:00,False,False,0
2026-03-20 13:20:01,277102,12.99,$12.99,2026-03-20T13:30:00,2026-03-20T23:30:00,False,False,0
2026-03-20 13:20:01,1780978,37.1,$37.10,2026-03-20T13:30:00,2026-03-21T13:30:00,False,False,0
2026-03-20 13:20:01,6984480,13.99,$13.99,2026-03-20T13:30:00,2026-03-20T15:30:00,False,False,0
2026-03-20 13:20:01,2765549,6.24,$6.24,2026-03-20T13:30:00,2026-03-20T15:30:00,False,False,0
2026-03-20 13:25:03,276749,9.99,$9.99,2026-03-20T13:30:00,2026-03-20T15:30:00,False,False,0
2026-03-20 13:25:03,277102,12.99,$12.99,2026-03-20T13:30:00,2026-03-20T23:30:00,False,False,0
2026-03-20 13:25:03,377699,13.99,$13.99,2026-03-20T13:30:00,2026-03-20T15:30:00,False,False,0
2026-03-20 13:25:03,377737,9.99,$9.99,2026-03-20T13:30:00,2026-03-20T16:30:00,False,False,0
2026-03-20 13:25:03,385993,12.99,$12.99,2026-03-20T13:30:00,2026-03-20T15:30:00,False,False,0
2026-03-20 13:25:03,385997,6.99,$6.99,2026-03-20T13:30:00,2026-03-20T15:30:00,False,False,0
2026-03-20 13:25:03,442320,11.49,$11.49,2026-03-20T13:30:00,2026-03-20T16:30:00,False,False,0
2026-03-20 13:25:03,575241,5.99,$5.99,2026-03-20T13:30:00,2026-03-20T15:30:00,False,False,0
2026-03-20 13:25:03,575242,10.99,$10.99,2026-03-20T13:30:00,2026-03-20T15:30:00,False,False,0
2026-03-20 13:25:03,575243,8.74,$8.74,2026-03-20T13:30:00,2026-03-20T15:30:00,False,False,0
2026-03-20 13:25:03,817230,13.99,$13.99,2026-03-20T13:30:00,2026-03-20T15:30:00,False,False,0
2026-03-20 13:25:03,1134899,7.24,$7.24,2026-03-20T13:30:00,2026-03-20T15:30:00,False,False,0
2026-03-20 13:25:03,1780978,37.1,$37.10,2026-03-20T13:30:00,2026-03-21T13:30:00,False,False,0
2026-03-20 13:25:03,2765549,6.24,$6.24,2026-03-20T13:30:00,2026-03-20T15:30:00,False,False,0
2026-03-20 13:25:03,2768546,5.99,$5.99,2026-03-20T13:30:00,2026-03-20T15:30:00,False,False,0
2026-03-20 13:25:03,2768551,4.99,$4.99,2026-03-20T13:30:00,2026-03-20T15:30:00,False,False,0
2026-03-20 13:25:03,3716218,6.99,$6.99,2026-03-20T13:30:00,2026-03-20T15:30:00,False,False,0
2026-03-20 13:25:03,4745556,18.02,$18.02,2026-03-20T13:30:00,2026-03-20T19:30:00,False,False,0
2026-03-20 13:25:03,6984480,13.99,$13.99,2026-03-20T13:30:00,2026-03-20T15:30:00,False,False,0
2026-03-20 13:25:03,7028871,6.99,$6.99,2026-03-20T13:30:00,2026-03-20T15:30:00,False,False,0
2026-03-20 13:25:03,7991400,26.5,$26.50,2026-03-20T13:30:00,2026-03-21T01:00:00,False,False,0
2026-03-20 13:30:04,442320,11.49,$11.49,2026-03-20T14:00:00,2026-03-20T17:00:00,False,False,0
2026-03-20 13:30:04,575241,5.99,$5.99,2026-03-20T14:00:00,2026-03-20T16:00:00,False,False,0
2026-03-20 13:30:04,2768546,5.99,$5.99,2026-03-20T14:00:00,2026-03-20T16:00:00,False,False,0
2026-03-20 13:30:04,575243,8.74,$8.74,2026-03-20T14:00:00,2026-03-20T16:00:00,False,False,0
2026-03-20 13:30:04,575242,10.99,$10.99,2026-03-20T14:00:00,2026-03-20T16:00:00,False,False,0
2026-03-20 13:30:04,2768551,4.99,$4.99,2026-03-20T14:00:00,2026-03-20T16:00:00,False,False,0
2026-03-20 13:30:04,385993,12.99,$12.99,2026-03-20T14:00:00,2026-03-20T16:00:00,False,False,0
2026-03-20 13:30:04,385997,6.99,$6.99,2026-03-20T14:00:00,2026-03-20T16:00:00,False,False,0
2026-03-20 13:30:04,3716218,6.99,$6.99,2026-03-20T14:00:00,2026-03-20T16:00:00,False,False,0
2026-03-20 13:30:04,377699,13.99,$13.99,2026-03-20T14:00:00,2026-03-20T16:00:00,False,False,0
2026-03-20 13:30:04,4745556,18.02,$18.02,2026-03-20T14:00:00,2026-03-20T20:00:00,False,False,0
2026-03-20 13:30:04,7028871,6.99,$6.99,2026-03-20T14:00:00,2026-03-20T16:00:00,False,False,0
2026-03-20 13:30:04,7991400,26.5,$26.50,2026-03-20T14:00:00,2026-03-21T01:00:00,False,False,0
2026-03-20 13:30:04,1134899,7.24,$7.24,2026-03-20T14:00:00,2026-03-20T16:00:00,False,False,0
2026-03-20 13:30:04,276749,9.99,$9.99,2026-03-20T14:00:00,2026-03-20T16:00:00,False,False,0
2026-03-20 13:30:04,377737,9.99,$9.99,2026-03-20T14:00:00,2026-03-20T17:00:00,False,False,0
2026-03-20 13:30:04,817230,13.99,$13.99,2026-03-20T14:00:00,2026-03-20T16:00:00,False,False,0
2026-03-20 13:30:04,277102,12.99,$12.99,2026-03-20T14:00:00,2026-03-21T00:00:00,False,False,0
2026-03-20 13:30:04,1780978,37.1,$37.10,2026-03-20T14:00:00,2026-03-21T14:00:00,False,False,0
2026-03-20 13:30:04,6984480,13.99,$13.99,2026-03-20T14:00:00,2026-03-20T16:00:00,False,False,0
2026-03-20 13:30:04,2765549,6.24,$6.24,2026-03-20T14:00:00,2026-03-20T16:00:00,False,False,0
2026-03-20 13:35:07,276749,9.99,$9.99,2026-03-20T14:00:00,2026-03-20T16:00:00,False,False,0
2026-03-20 13:35:07,277102,12.99,$12.99,2026-03-20T14:00:00,2026-03-21T00:00:00,False,False,0
2026-03-20 13:35:07,377699,13.99,$13.99,2026-03-20T14:00:00,2026-03-20T16:00:00,False,False,0
2026-03-20 13:35:07,377737,9.99,$9.99,2026-03-20T14:00:00,2026-03-20T17:00:00,False,False,0
2026-03-20 13:35:07,385993,12.99,$12.99,2026-03-20T14:00:00,2026-03-20T16:00:00,False,False,0
2026-03-20 13:35:07,385997,6.99,$6.99,2026-03-20T14:00:00,2026-03-20T16:00:00,False,False,0
2026-03-20 13:35:07,442320,11.49,$11.49,2026-03-20T14:00:00,2026-03-20T17:00:00,False,False,0
2026-03-20 13:35:07,575241,5.99,$5.99,2026-03-20T14:00:00,2026-03-20T16:00:00,False,False,0
2026-03-20 13:35:07,575242,10.99,$10.99,2026-03-20T14:00:00,2026-03-20T16:00:00,False,False,0
2026-03-20 13:35:07,575243,8.74,$8.74,2026-03-20T14:00:00,2026-03-20T16:00:00,False,False,0
2026-03-20 13:35:07,817230,13.99,$13.99,2026-03-20T14:00:00,2026-03-20T16:00:00,False,False,0
2026-03-20 13:35:07,1134899,7.24,$7.24,2026-03-20T14:00:00,2026-03-20T16:00:00,False,False,0
2026-03-20 13:35:07,1780978,37.1,$37.10,2026-03-20T14:00:00,2026-03-21T14:00:00,False,False,0
2026-03-20 13:35:07,2765549,6.24,$6.24,2026-03-20T14:00:00,2026-03-20T16:00:00,False,False,0
2026-03-20 13:35:07,2768546,5.99,$5.99,2026-03-20T14:00:00,2026-03-20T16:00:00,False,False,0
2026-03-20 13:35:07,2768551,4.99,$4.99,2026-03-20T14:00:00,2026-03-20T16:00:00,False,False,0
2026-03-20 13:35:07,3716218,6.99,$6.99,2026-03-20T14:00:00,2026-03-20T16:00:00,False,False,0
2026-03-20 13:35:07,4745556,18.02,$18.02,2026-03-20T14:00:00,2026-03-20T20:00:00,False,False,0
2026-03-20 13:35:07,6984480,13.99,$13.99,2026-03-20T14:00:00,2026-03-20T16:00:00,False,False,0
2026-03-20 13:35:07,7028871,6.99,$6.99,2026-03-20T14:00:00,2026-03-20T16:00:00,False,False,0
2026-03-20 13:35:07,7991400,26.5,$26.50,2026-03-20T14:00:00,2026-03-21T01:00:00,False,False,0
2026-03-20 13:40:08,276749,9.99,$9.99,2026-03-20T14:00:00,2026-03-20T16:00:00,False,False,0
2026-03-20 13:40:08,277102,12.99,$12.99,2026-03-20T14:00:00,2026-03-21T00:00:00,False,False,0
2026-03-20 13:40:08,377699,13.99,$13.99,2026-03-20T14:00:00,2026-03-20T16:00:00,False,False,0
2026-03-20 13:40:08,377737,9.99,$9.99,2026-03-20T14:00:00,2026-03-20T17:00:00,False,False,0
2026-03-20 13:40:08,385993,12.99,$12.99,2026-03-20T14:00:00,2026-03-20T16:00:00,False,False,0
2026-03-20 13:40:08,385997,6.99,$6.99,2026-03-20T14:00:00,2026-03-20T16:00:00,False,False,0
2026-03-20 13:40:08,442320,11.49,$11.49,2026-03-20T14:00:00,2026-03-20T17:00:00,False,False,0
2026-03-20 13:40:08,575241,5.99,$5.99,2026-03-20T14:00:00,2026-03-20T16:00:00,False,False,0
2026-03-20 13:40:08,575242,10.99,$10.99,2026-03-20T14:00:00,2026-03-20T16:00:00,False,False,0
2026-03-20 13:40:08,575243,8.74,$8.74,2026-03-20T14:00:00,2026-03-20T16:00:00,False,False,0
2026-03-20 13:40:08,817230,13.99,$13.99,2026-03-20T14:00:00,2026-03-20T16:00:00,False,False,0
2026-03-20 13:40:08,1134899,7.24,$7.24,2026-03-20T14:00:00,2026-03-20T16:00:00,False,False,0
2026-03-20 13:40:08,1780978,37.1,$37.10,2026-03-20T14:00:00,2026-03-21T14:00:00,False,False,0
2026-03-20 13:40:08,2765549,6.24,$6.24,2026-03-20T14:00:00,2026-03-20T16:00:00,False,False,0
2026-03-20 13:40:08,2768546,5.99,$5.99,2026-03-20T14:00:00,2026-03-20T16:00:00,False,False,0
2026-03-20 13:40:08,2768551,4.99,$4.99,2026-03-20T14:00:00,2026-03-20T16:00:00,False,False,0
2026-03-20 13:40:08,3716218,6.99,$6.99,2026-03-20T14:00:00,2026-03-20T16:00:00,False,False,0
2026-03-20 13:40:08,4745556,18.02,$18.02,2026-03-20T14:00:00,2026-03-20T20:00:00,False,False,0
2026-03-20 13:40:08,6984480,13.99,$13.99,2026-03-20T14:00:00,2026-03-20T16:00:00,False,False,0
2026-03-20 13:40:08,7028871,6.99,$6.99,2026-03-20T14:00:00,2026-03-20T16:00:00,False,False,0
2026-03-20 13:40:08,7991400,26.5,$26.50,2026-03-20T14:00:00,2026-03-21T01:00:00,False,False,0
2026-03-20 13:45:09,276749,9.99,$9.99,2026-03-20T14:00:00,2026-03-20T16:00:00,False,False,0
2026-03-20 13:45:09,277102,12.99,$12.99,2026-03-20T14:00:00,2026-03-21T00:00:00,False,False,0
2026-03-20 13:45:09,377699,13.99,$13.99,2026-03-20T14:00:00,2026-03-20T16:00:00,False,False,0
2026-03-20 13:45:09,377737,9.99,$9.99,2026-03-20T14:00:00,2026-03-20T17:00:00,False,False,0
2026-03-20 13:45:09,385993,12.99,$12.99,2026-03-20T14:00:00,2026-03-20T16:00:00,False,False,0
2026-03-20 13:45:09,385997,6.99,$6.99,2026-03-20T14:00:00,2026-03-20T16:00:00,False,False,0
2026-03-20 13:45:09,442320,11.49,$11.49,2026-03-20T14:00:00,2026-03-20T17:00:00,False,False,0
2026-03-20 13:45:09,575241,5.99,$5.99,2026-03-20T14:00:00,2026-03-20T16:00:00,False,False,0
2026-03-20 13:45:09,575242,10.99,$10.99,2026-03-20T14:00:00,2026-03-20T16:00:00,False,False,0
2026-03-20 13:45:09,575243,8.74,$8.74,2026-03-20T14:00:00,2026-03-20T16:00:00,False,False,0
2026-03-20 13:45:09,817230,13.99,$13.99,2026-03-20T14:00:00,2026-03-20T16:00:00,False,False,0
2026-03-20 13:45:09,1134899,7.24,$7.24,2026-03-20T14:00:00,2026-03-20T16:00:00,False,False,0
2026-03-20 13:45:09,1780978,37.1,$37.10,2026-03-20T14:00:00,2026-03-21T14:00:00,False,False,0
2026-03-20 13:45:09,2765549,6.24,$6.24,2026-03-20T14:00:00,2026-03-20T16:00:00,False,False,0
2026-03-20 13:45:09,2768546,5.99,$5.99,2026-03-20T14:00:00,2026-03-20T16:00:00,False,False,0
2026-03-20 13:45:09,2768551,4.99,$4.99,2026-03-20T14:00:00,2026-03-20T16:00:00,False,False,0
2026-03-20 13:45:09,3716218,6.99,$6.99,2026-03-20T14:00:00,2026-03-20T16:00:00,False,False,0
2026-03-20 13:45:09,4745556,18.02,$18.02,2026-03-20T14:00:00,2026-03-20T20:00:00,False,False,0
2026-03-20 13:45:09,6984480,13.99,$13.99,2026-03-20T14:00:00,2026-03-20T16:00:00,False,False,0
2026-03-20 13:45:09,7028871,6.99,$6.99,2026-03-20T14:00:00,2026-03-20T16:00:00,False,False,0
2026-03-20 13:45:09,7991400,26.5,$26.50,2026-03-20T14:00:00,2026-03-21T01:00:00,False,False,0
2026-03-20 13:50:10,276749,9.99,$9.99,2026-03-20T14:00:00,2026-03-20T16:00:00,False,False,0
2026-03-20 13:50:10,277102,12.99,$12.99,2026-03-20T14:00:00,2026-03-21T00:00:00,False,False,0
2026-03-20 13:50:10,377699,13.99,$13.99,2026-03-20T14:00:00,2026-03-20T16:00:00,False,False,0
2026-03-20 13:50:10,377737,9.99,$9.99,2026-03-20T14:00:00,2026-03-20T17:00:00,False,False,0
2026-03-20 13:50:10,385993,12.99,$12.99,2026-03-20T14:00:00,2026-03-20T16:00:00,False,False,0
2026-03-20 13:50:10,385997,6.99,$6.99,2026-03-20T14:00:00,2026-03-20T16:00:00,False,False,0
2026-03-20 13:50:10,442320,11.49,$11.49,2026-03-20T14:00:00,2026-03-20T17:00:00,False,False,0
2026-03-20 13:50:10,575241,5.99,$5.99,2026-03-20T14:00:00,2026-03-20T16:00:00,False,False,0
2026-03-20 13:50:10,575242,10.99,$10.99,2026-03-20T14:00:00,2026-03-20T16:00:00,False,False,0
2026-03-20 13:50:10,575243,8.74,$8.74,2026-03-20T14:00:00,2026-03-20T16:00:00,False,False,0
2026-03-20 13:50:10,817230,13.99,$13.99,2026-03-20T14:00:00,2026-03-20T16:00:00,False,False,0
2026-03-20 13:50:10,1134899,7.24,$7.24,2026-03-20T14:00:00,2026-03-20T16:00:00,False,False,0
2026-03-20 13:50:10,1780978,37.1,$37.10,2026-03-20T14:00:00,2026-03-21T14:00:00,False,False,0
2026-03-20 13:50:10,2765549,6.24,$6.24,2026-03-20T14:00:00,2026-03-20T16:00:00,False,False,0
2026-03-20 13:50:10,2768546,5.99,$5.99,2026-03-20T14:00:00,2026-03-20T16:00:00,False,False,0
2026-03-20 13:50:10,2768551,4.99,$4.99,2026-03-20T14:00:00,2026-03-20T16:00:00,False,False,0
2026-03-20 13:50:10,3716218,6.99,$6.99,2026-03-20T14:00:00,2026-03-20T16:00:00,False,False,0
2026-03-20 13:50:10,4745556,18.02,$18.02,2026-03-20T14:00:00,2026-03-20T20:00:00,False,False,0
2026-03-20 13:50:10,6984480,13.99,$13.99,2026-03-20T14:00:00,2026-03-20T16:00:00,False,False,0
2026-03-20 13:50:10,7028871,6.99,$6.99,2026-03-20T14:00:00,2026-03-20T16:00:00,False,False,0
2026-03-20 13:50:10,7991400,26.5,$26.50,2026-03-20T14:00:00,2026-03-21T01:00:00,False,False,0
2026-03-20 13:55:10,276749,9.99,$9.99,2026-03-20T14:00:00,2026-03-20T16:00:00,False,False,0
2026-03-20 13:55:10,277102,12.99,$12.99,2026-03-20T14:00:00,2026-03-21T00:00:00,False,False,0
2026-03-20 13:55:10,377699,13.99,$13.99,2026-03-20T14:00:00,2026-03-20T16:00:00,False,False,0
2026-03-20 13:55:10,377737,9.99,$9.99,2026-03-20T14:00:00,2026-03-20T17:00:00,False,False,0
2026-03-20 13:55:10,385993,12.99,$12.99,2026-03-20T14:00:00,2026-03-20T16:00:00,False,False,0
2026-03-20 13:55:10,385997,6.99,$6.99,2026-03-20T14:00:00,2026-03-20T16:00:00,False,False,0
2026-03-20 13:55:10,442320,11.49,$11.49,2026-03-20T14:00:00,2026-03-20T17:00:00,False,False,0
2026-03-20 13:55:10,575241,5.99,$5.99,2026-03-20T14:00:00,2026-03-20T16:00:00,False,False,0
2026-03-20 13:55:10,575242,10.99,$10.99,2026-03-20T14:00:00,2026-03-20T16:00:00,False,False,0
2026-03-20 13:55:10,575243,8.74,$8.74,2026-03-20T14:00:00,2026-03-20T16:00:00,False,False,0
2026-03-20 13:55:10,817230,13.99,$13.99,2026-03-20T14:00:00,2026-03-20T16:00:00,False,False,0
2026-03-20 13:55:10,1134899,7.24,$7.24,2026-03-20T14:00:00,2026-03-20T16:00:00,False,False,0
2026-03-20 13:55:10,1780978,37.1,$37.10,2026-03-20T14:00:00,2026-03-21T14:00:00,False,False,0
2026-03-20 13:55:10,2765549,6.24,$6.24,2026-03-20T14:00:00,2026-03-20T16:00:00,False,False,0
2026-03-20 13:55:10,2768546,5.99,$5.99,2026-03-20T14:00:00,2026-03-20T16:00:00,False,False,0
2026-03-20 13:55:10,2768551,4.99,$4.99,2026-03-20T14:00:00,2026-03-20T16:00:00,False,False,0
2026-03-20 13:55:10,3716218,6.99,$6.99,2026-03-20T14:00:00,2026-03-20T16:00:00,False,False,0
2026-03-20 13:55:10,4745556,18.02,$18.02,2026-03-20T14:00:00,2026-03-20T20:00:00,False,False,0
2026-03-20 13:55:10,6984480,13.99,$13.99,2026-03-20T14:00:00,2026-03-20T16:00:00,False,False,0
2026-03-20 13:55:10,7028871,6.99,$6.99,2026-03-20T14:00:00,2026-03-20T16:00:00,False,False,0
2026-03-20 13:55:10,7991400,26.5,$26.50,2026-03-20T14:00:00,2026-03-21T01:00:00,False,False,0
2026-03-20 14:00:11,442320,11.49,$11.49,2026-03-20T14:30:00,2026-03-20T17:30:00,False,False,0
2026-03-20 14:00:11,575241,5.99,$5.99,2026-03-20T14:30:00,2026-03-20T16:30:00,False,False,0
2026-03-20 14:00:11,2768546,5.99,$5.99,2026-03-20T14:30:00,2026-03-20T16:30:00,False,False,0
2026-03-20 14:00:11,575243,8.74,$8.74,2026-03-20T14:30:00,2026-03-20T16:30:00,False,False,0
2026-03-20 14:00:11,575242,10.99,$10.99,2026-03-20T14:30:00,2026-03-20T16:30:00,False,False,0
2026-03-20 14:00:11,2768551,4.99,$4.99,2026-03-20T14:30:00,2026-03-20T16:30:00,False,False,0
2026-03-20 14:00:11,385993,12.99,$12.99,2026-03-20T14:30:00,2026-03-20T16:30:00,False,False,0
2026-03-20 14:00:11,385997,6.99,$6.99,2026-03-20T14:30:00,2026-03-20T16:30:00,False,False,0
2026-03-20 14:00:11,3716218,6.99,$6.99,2026-03-20T14:30:00,2026-03-20T16:30:00,False,False,0
2026-03-20 14:00:11,377699,13.99,$13.99,2026-03-20T14:30:00,2026-03-20T16:30:00,False,False,0
2026-03-20 14:00:11,4745556,18.02,$18.02,2026-03-20T14:30:00,2026-03-20T20:30:00,False,False,0
2026-03-20 14:00:11,7028871,6.99,$6.99,2026-03-20T14:30:00,2026-03-20T16:30:00,False,False,0
2026-03-20 14:00:11,7991400,26.5,$26.50,2026-03-20T14:30:00,2026-03-21T01:00:00,False,False,0
2026-03-20 14:00:11,1134899,7.24,$7.24,2026-03-20T14:30:00,2026-03-20T16:30:00,False,False,0
2026-03-20 14:00:11,276749,9.99,$9.99,2026-03-20T14:30:00,2026-03-20T16:30:00,False,False,0
2026-03-20 14:00:11,377737,9.99,$9.99,2026-03-20T14:30:00,2026-03-20T17:30:00,False,False,0
2026-03-20 14:00:11,817230,13.99,$13.99,2026-03-20T14:30:00,2026-03-20T16:30:00,False,False,0
2026-03-20 14:00:11,277102,12.99,$12.99,2026-03-20T14:30:00,2026-03-21T00:30:00,False,False,0
2026-03-20 14:00:11,1780978,37.1,$37.10,2026-03-20T14:30:00,2026-03-21T14:30:00,False,False,0
2026-03-20 14:00:11,6984480,13.99,$13.99,2026-03-20T14:30:00,2026-03-20T16:30:00,False,False,0
2026-03-20 14:00:11,2765549,6.24,$6.24,2026-03-20T14:30:00,2026-03-20T16:30:00,False,False,0
2026-03-20 14:05:14,276749,9.99,$9.99,2026-03-20T14:30:00,2026-03-20T16:30:00,False,False,0
2026-03-20 14:05:14,277102,12.99,$12.99,2026-03-20T14:30:00,2026-03-21T00:30:00,False,False,0
2026-03-20 14:05:14,377699,13.99,$13.99,2026-03-20T14:30:00,2026-03-20T16:30:00,False,False,0
2026-03-20 14:05:14,377737,9.99,$9.99,2026-03-20T14:30:00,2026-03-20T17:30:00,False,False,0
2026-03-20 14:05:14,385993,12.99,$12.99,2026-03-20T14:30:00,2026-03-20T16:30:00,False,False,0
2026-03-20 14:05:14,385997,6.99,$6.99,2026-03-20T14:30:00,2026-03-20T16:30:00,False,False,0
2026-03-20 14:05:14,442320,11.49,$11.49,2026-03-20T14:30:00,2026-03-20T17:30:00,False,False,0
2026-03-20 14:05:14,575241,5.99,$5.99,2026-03-20T14:30:00,2026-03-20T16:30:00,False,False,0
2026-03-20 14:05:14,575242,10.99,$10.99,2026-03-20T14:30:00,2026-03-20T16:30:00,False,False,0
2026-03-20 14:05:14,575243,8.74,$8.74,2026-03-20T14:30:00,2026-03-20T16:30:00,False,False,0
2026-03-20 14:05:14,817230,13.99,$13.99,2026-03-20T14:30:00,2026-03-20T16:30:00,False,False,0
2026-03-20 14:05:14,1134899,7.24,$7.24,2026-03-20T14:30:00,2026-03-20T16:30:00,False,False,0
2026-03-20 14:05:14,1780978,37.1,$37.10,2026-03-20T14:30:00,2026-03-21T14:30:00,False,False,0
2026-03-20 14:05:14,2765549,6.24,$6.24,2026-03-20T14:30:00,2026-03-20T16:30:00,False,False,0
2026-03-20 14:05:14,2768546,5.99,$5.99,2026-03-20T14:30:00,2026-03-20T16:30:00,False,False,0
2026-03-20 14:05:14,2768551,4.99,$4.99,2026-03-20T14:30:00,2026-03-20T16:30:00,False,False,0
2026-03-20 14:05:14,3716218,6.99,$6.99,2026-03-20T14:30:00,2026-03-20T16:30:00,False,False,0
2026-03-20 14:05:14,4745556,18.02,$18.02,2026-03-20T14:30:00,2026-03-20T20:30:00,False,False,0
2026-03-20 14:05:14,6984480,13.99,$13.99,2026-03-20T14:30:00,2026-03-20T16:30:00,False,False,0
2026-03-20 14:05:14,7028871,6.99,$6.99,2026-03-20T14:30:00,2026-03-20T16:30:00,False,False,0
2026-03-20 14:05:14,7991400,26.5,$26.50,2026-03-20T14:30:00,2026-03-21T01:00:00,False,False,0
2026-03-20 14:10:15,276749,9.99,$9.99,2026-03-20T14:30:00,2026-03-20T16:30:00,False,False,0
2026-03-20 14:10:15,277102,12.99,$12.99,2026-03-20T14:30:00,2026-03-21T00:30:00,False,False,0
2026-03-20 14:10:15,377699,13.99,$13.99,2026-03-20T14:30:00,2026-03-20T16:30:00,False,False,0
2026-03-20 14:10:15,377737,9.99,$9.99,2026-03-20T14:30:00,2026-03-20T17:30:00,False,False,0
2026-03-20 14:10:15,385993,12.99,$12.99,2026-03-20T14:30:00,2026-03-20T16:30:00,False,False,0
2026-03-20 14:10:15,385997,6.99,$6.99,2026-03-20T14:30:00,2026-03-20T16:30:00,False,False,0
2026-03-20 14:10:15,442320,11.49,$11.49,2026-03-20T14:30:00,2026-03-20T17:30:00,False,False,0
2026-03-20 14:10:15,575241,5.99,$5.99,2026-03-20T14:30:00,2026-03-20T16:30:00,False,False,0
2026-03-20 14:10:15,575242,10.99,$10.99,2026-03-20T14:30:00,2026-03-20T16:30:00,False,False,0
2026-03-20 14:10:15,575243,8.74,$8.74,2026-03-20T14:30:00,2026-03-20T16:30:00,False,False,0
2026-03-20 14:10:15,817230,13.99,$13.99,2026-03-20T14:30:00,2026-03-20T16:30:00,False,False,0
2026-03-20 14:10:15,1134899,7.24,$7.24,2026-03-20T14:30:00,2026-03-20T16:30:00,False,False,0
2026-03-20 14:10:15,1780978,37.1,$37.10,2026-03-20T14:30:00,2026-03-21T14:30:00,False,False,0
2026-03-20 14:10:15,2765549,6.24,$6.24,2026-03-20T14:30:00,2026-03-20T16:30:00,False,False,0
2026-03-20 14:10:15,2768546,5.99,$5.99,2026-03-20T14:30:00,2026-03-20T16:30:00,False,False,0
2026-03-20 14:10:15,2768551,4.99,$4.99,2026-03-20T14:30:00,2026-03-20T16:30:00,False,False,0
2026-03-20 14:10:15,3716218,6.99,$6.99,2026-03-20T14:30:00,2026-03-20T16:30:00,False,False,0
2026-03-20 14:10:15,4745556,18.02,$18.02,2026-03-20T14:30:00,2026-03-20T20:30:00,False,False,0
2026-03-20 14:10:15,6984480,13.99,$13.99,2026-03-20T14:30:00,2026-03-20T16:30:00,False,False,0
2026-03-20 14:10:15,7028871,6.99,$6.99,2026-03-20T14:30:00,2026-03-20T16:30:00,False,False,0
2026-03-20 14:10:15,7991400,26.5,$26.50,2026-03-20T14:30:00,2026-03-21T01:00:00,False,False,0
2026-03-20 14:15:16,276749,9.99,$9.99,2026-03-20T14:30:00,2026-03-20T16:30:00,False,False,0
2026-03-20 14:15:16,277102,12.99,$12.99,2026-03-20T14:30:00,2026-03-21T00:30:00,False,False,0
2026-03-20 14:15:16,377699,13.99,$13.99,2026-03-20T14:30:00,2026-03-20T16:30:00,False,False,0
2026-03-20 14:15:16,377737,9.99,$9.99,2026-03-20T14:30:00,2026-03-20T17:30:00,False,False,0
2026-03-20 14:15:16,385993,12.99,$12.99,2026-03-20T14:30:00,2026-03-20T16:30:00,False,False,0
2026-03-20 14:15:16,385997,6.99,$6.99,2026-03-20T14:30:00,2026-03-20T16:30:00,False,False,0
2026-03-20 14:15:16,442320,11.49,$11.49,2026-03-20T14:30:00,2026-03-20T17:30:00,False,False,0
2026-03-20 14:15:16,575241,5.99,$5.99,2026-03-20T14:30:00,2026-03-20T16:30:00,False,False,0
2026-03-20 14:15:16,575242,10.99,$10.99,2026-03-20T14:30:00,2026-03-20T16:30:00,False,False,0
2026-03-20 14:15:16,575243,8.74,$8.74,2026-03-20T14:30:00,2026-03-20T16:30:00,False,False,0
2026-03-20 14:15:16,817230,13.99,$13.99,2026-03-20T14:30:00,2026-03-20T16:30:00,False,False,0
2026-03-20 14:15:16,1134899,7.24,$7.24,2026-03-20T14:30:00,2026-03-20T16:30:00,False,False,0
2026-03-20 14:15:16,1780978,37.1,$37.10,2026-03-20T14:30:00,2026-03-21T14:30:00,False,False,0
2026-03-20 14:15:16,2765549,6.24,$6.24,2026-03-20T14:30:00,2026-03-20T16:30:00,False,False,0
2026-03-20 14:15:16,2768546,5.99,$5.99,2026-03-20T14:30:00,2026-03-20T16:30:00,False,False,0
2026-03-20 14:15:16,2768551,4.99,$4.99,2026-03-20T14:30:00,2026-03-20T16:30:00,False,False,0
2026-03-20 14:15:16,3716218,6.99,$6.99,2026-03-20T14:30:00,2026-03-20T16:30:00,False,False,0
2026-03-20 14:15:16,4745556,18.02,$18.02,2026-03-20T14:30:00,2026-03-20T20:30:00,False,False,0
2026-03-20 14:15:16,6984480,13.99,$13.99,2026-03-20T14:30:00,2026-03-20T16:30:00,False,False,0
2026-03-20 14:15:16,7028871,6.99,$6.99,2026-03-20T14:30:00,2026-03-20T16:30:00,False,False,0
2026-03-20 14:15:16,7991400,26.5,$26.50,2026-03-20T14:30:00,2026-03-21T01:00:00,False,False,0
2026-03-20 20:36:06,442320,11.49,$11.49,2026-03-20T21:00:00,2026-03-21T00:00:00,False,False,0
2026-03-20 20:36:06,575241,4.99,$4.99,2026-03-20T21:00:00,2026-03-20T23:00:00,False,False,0
2026-03-20 20:36:06,2768546,5.99,$5.99,2026-03-20T21:00:00,2026-03-20T23:00:00,False,False,0
2026-03-20 20:36:06,575243,8.74,$8.74,2026-03-20T21:00:00,2026-03-20T23:00:00,False,False,0
2026-03-20 20:36:06,575242,6.99,$6.99,2026-03-20T21:00:00,2026-03-21T04:00:00,False,False,0
2026-03-20 20:36:06,385993,12.99,$12.99,2026-03-20T21:00:00,2026-03-20T23:00:00,False,False,0
2026-03-20 20:36:06,385997,6.24,$6.24,2026-03-20T21:00:00,2026-03-20T23:00:00,False,False,0
2026-03-20 20:36:06,656529,6.49,$6.49,2026-03-20T21:00:00,2026-03-20T23:00:00,False,False,0
2026-03-20 20:36:06,3716218,6.99,$6.99,2026-03-20T21:00:00,2026-03-20T23:00:00,False,False,0
2026-03-20 20:36:06,4745556,18.02,$18.02,2026-03-20T21:00:00,2026-03-21T03:00:00,False,False,0
2026-03-20 20:36:06,7028871,6.99,$6.99,2026-03-20T21:00:00,2026-03-20T23:00:00,False,False,0
2026-03-20 20:36:06,277089,6.49,$6.49,2026-03-20T21:00:00,2026-03-20T23:00:00,False,False,0
2026-03-20 20:36:06,7991400,26.5,$26.50,2026-03-20T21:00:00,2026-03-21T01:00:00,False,False,0
2026-03-20 20:36:06,1134899,12.99,$12.99,2026-03-20T21:00:00,2026-03-20T23:00:00,False,False,0
2026-03-20 20:36:06,276749,9.99,$9.99,2026-03-20T21:00:00,2026-03-20T23:00:00,False,False,0
2026-03-20 20:36:06,377737,9.99,$9.99,2026-03-20T21:00:00,2026-03-21T00:00:00,False,False,0
2026-03-20 20:36:06,817230,13.99,$13.99,2026-03-20T21:00:00,2026-03-20T23:00:00,False,False,0
2026-03-20 20:36:06,277102,6.99,$6.99,2026-03-20T21:00:00,2026-03-21T05:00:00,False,False,0
2026-03-20 20:36:06,377733,4.99,$4.99,2026-03-20T21:00:00,2026-03-20T23:00:00,False,False,0
2026-03-20 20:36:06,1780978,37.1,$37.10,2026-03-20T21:00:00,2026-03-21T21:00:00,False,False,0
2026-03-20 20:36:06,6984480,13.99,$13.99,2026-03-20T21:00:00,2026-03-20T23:00:00,False,False,0
2026-03-20 20:36:06,2765549,6.24,$6.24,2026-03-20T21:00:00,2026-03-20T23:00:00,False,False,0
2026-03-20 20:41:08,276749,9.99,$9.99,2026-03-20T21:00:00,2026-03-20T23:00:00,False,False,0
2026-03-20 20:41:08,277089,6.49,$6.49,2026-03-20T21:00:00,2026-03-20T23:00:00,False,False,0
2026-03-20 20:41:08,277102,6.99,$6.99,2026-03-20T21:00:00,2026-03-21T05:00:00,False,False,0
2026-03-20 20:41:08,377733,4.99,$4.99,2026-03-20T21:00:00,2026-03-20T23:00:00,False,False,0
2026-03-20 20:41:08,377737,9.99,$9.99,2026-03-20T21:00:00,2026-03-21T00:00:00,False,False,0
2026-03-20 20:41:08,385993,12.99,$12.99,2026-03-20T21:00:00,2026-03-20T23:00:00,False,False,0
2026-03-20 20:41:08,385997,6.24,$6.24,2026-03-20T21:00:00,2026-03-20T23:00:00,False,False,0
2026-03-20 20:41:08,442320,11.49,$11.49,2026-03-20T21:00:00,2026-03-21T00:00:00,False,False,0
2026-03-20 20:41:08,575241,4.99,$4.99,2026-03-20T21:00:00,2026-03-20T23:00:00,False,False,0
2026-03-20 20:41:08,575242,6.99,$6.99,2026-03-20T21:00:00,2026-03-21T04:00:00,False,False,0
2026-03-20 20:41:08,575243,8.74,$8.74,2026-03-20T21:00:00,2026-03-20T23:00:00,False,False,0
2026-03-20 20:41:08,656529,6.49,$6.49,2026-03-20T21:00:00,2026-03-20T23:00:00,False,False,0
2026-03-20 20:41:08,817230,13.99,$13.99,2026-03-20T21:00:00,2026-03-20T23:00:00,False,False,0
2026-03-20 20:41:08,1134899,12.99,$12.99,2026-03-20T21:00:00,2026-03-20T23:00:00,False,False,0
2026-03-20 20:41:08,1780978,37.1,$37.10,2026-03-20T21:00:00,2026-03-21T21:00:00,False,False,0
2026-03-20 20:41:08,2765549,6.24,$6.24,2026-03-20T21:00:00,2026-03-20T23:00:00,False,False,0
2026-03-20 20:41:08,2768546,5.99,$5.99,2026-03-20T21:00:00,2026-03-20T23:00:00,False,False,0
2026-03-20 20:41:08,3716218,6.99,$6.99,2026-03-20T21:00:00,2026-03-20T23:00:00,False,False,0
2026-03-20 20:41:08,4745556,18.02,$18.02,2026-03-20T21:00:00,2026-03-21T03:00:00,False,False,0
2026-03-20 20:41:08,6984480,13.99,$13.99,2026-03-20T21:00:00,2026-03-20T23:00:00,False,False,0
2026-03-20 20:41:08,7028871,6.99,$6.99,2026-03-20T21:00:00,2026-03-20T23:00:00,False,False,0
2026-03-20 20:41:08,7991400,26.5,$26.50,2026-03-20T21:00:00,2026-03-21T01:00:00,False,False,0
2026-03-20 20:46:09,276749,9.99,$9.99,2026-03-20T21:00:00,2026-03-20T23:00:00,False,False,0
2026-03-20 20:46:09,277089,6.49,$6.49,2026-03-20T21:00:00,2026-03-20T23:00:00,False,False,0
2026-03-20 20:46:09,277102,6.99,$6.99,2026-03-20T21:00:00,2026-03-21T05:00:00,False,False,0
2026-03-20 20:46:09,377733,4.99,$4.99,2026-03-20T21:00:00,2026-03-20T23:00:00,False,False,0
2026-03-20 20:46:09,377737,9.99,$9.99,2026-03-20T21:00:00,2026-03-21T00:00:00,False,False,0
2026-03-20 20:46:09,385993,12.99,$12.99,2026-03-20T21:00:00,2026-03-20T23:00:00,False,False,0
2026-03-20 20:46:09,385997,6.24,$6.24,2026-03-20T21:00:00,2026-03-20T23:00:00,False,False,0
2026-03-20 20:46:09,442320,11.49,$11.49,2026-03-20T21:00:00,2026-03-21T00:00:00,False,False,0
2026-03-20 20:46:09,575241,4.99,$4.99,2026-03-20T21:00:00,2026-03-20T23:00:00,False,False,0
2026-03-20 20:46:09,575242,6.99,$6.99,2026-03-20T21:00:00,2026-03-21T04:00:00,False,False,0
2026-03-20 20:46:09,575243,8.74,$8.74,2026-03-20T21:00:00,2026-03-20T23:00:00,False,False,0
2026-03-20 20:46:09,656529,6.49,$6.49,2026-03-20T21:00:00,2026-03-20T23:00:00,False,False,0
2026-03-20 20:46:09,817230,13.99,$13.99,2026-03-20T21:00:00,2026-03-20T23:00:00,False,False,0
2026-03-20 20:46:09,1134899,12.99,$12.99,2026-03-20T21:00:00,2026-03-20T23:00:00,False,False,0
2026-03-20 20:46:09,1780978,37.1,$37.10,2026-03-20T21:00:00,2026-03-21T21:00:00,False,False,0
2026-03-20 20:46:09,2765549,6.24,$6.24,2026-03-20T21:00:00,2026-03-20T23:00:00,False,False,0
2026-03-20 20:46:09,2768546,5.99,$5.99,2026-03-20T21:00:00,2026-03-20T23:00:00,False,False,0
2026-03-20 20:46:09,3716218,6.99,$6.99,2026-03-20T21:00:00,2026-03-20T23:00:00,False,False,0
2026-03-20 20:46:09,4745556,18.02,$18.02,2026-03-20T21:00:00,2026-03-21T03:00:00,False,False,0
2026-03-20 20:46:09,6984480,13.99,$13.99,2026-03-20T21:00:00,2026-03-20T23:00:00,False,False,0
2026-03-20 20:46:09,7028871,6.99,$6.99,2026-03-20T21:00:00,2026-03-20T23:00:00,False,False,0
2026-03-20 20:46:09,7991400,26.5,$26.50,2026-03-20T21:00:00,2026-03-21T01:00:00,False,False,0
2026-03-20 20:51:10,276749,9.99,$9.99,2026-03-20T21:00:00,2026-03-20T23:00:00,False,False,0
2026-03-20 20:51:10,277089,6.49,$6.49,2026-03-20T21:00:00,2026-03-20T23:00:00,False,False,0
2026-03-20 20:51:10,277102,6.99,$6.99,2026-03-20T21:00:00,2026-03-21T05:00:00,False,False,0
2026-03-20 20:51:10,377733,4.99,$4.99,2026-03-20T21:00:00,2026-03-20T23:00:00,False,False,0
2026-03-20 20:51:10,377737,9.99,$9.99,2026-03-20T21:00:00,2026-03-21T00:00:00,False,False,0
2026-03-20 20:51:10,385993,12.99,$12.99,2026-03-20T21:00:00,2026-03-20T23:00:00,False,False,0
2026-03-20 20:51:10,385997,6.24,$6.24,2026-03-20T21:00:00,2026-03-20T23:00:00,False,False,0
2026-03-20 20:51:10,442320,11.49,$11.49,2026-03-20T21:00:00,2026-03-21T00:00:00,False,False,0
2026-03-20 20:51:10,575241,4.99,$4.99,2026-03-20T21:00:00,2026-03-20T23:00:00,False,False,0
2026-03-20 20:51:10,575242,6.99,$6.99,2026-03-20T21:00:00,2026-03-21T04:00:00,False,False,0
2026-03-20 20:51:10,575243,8.74,$8.74,2026-03-20T21:00:00,2026-03-20T23:00:00,False,False,0
2026-03-20 20:51:10,656529,6.49,$6.49,2026-03-20T21:00:00,2026-03-20T23:00:00,False,False,0
2026-03-20 20:51:10,817230,13.99,$13.99,2026-03-20T21:00:00,2026-03-20T23:00:00,False,False,0
2026-03-20 20:51:10,1134899,12.99,$12.99,2026-03-20T21:00:00,2026-03-20T23:00:00,False,False,0
2026-03-20 20:51:10,1780978,37.1,$37.10,2026-03-20T21:00:00,2026-03-21T21:00:00,False,False,0
2026-03-20 20:51:10,2765549,6.24,$6.24,2026-03-20T21:00:00,2026-03-20T23:00:00,False,False,0
2026-03-20 20:51:10,2768546,5.99,$5.99,2026-03-20T21:00:00,2026-03-20T23:00:00,False,False,0
2026-03-20 20:51:10,3716218,6.99,$6.99,2026-03-20T21:00:00,2026-03-20T23:00:00,False,False,0
2026-03-20 20:51:10,4745556,18.02,$18.02,2026-03-20T21:00:00,2026-03-21T03:00:00,False,False,0
2026-03-20 20:51:10,6984480,13.99,$13.99,2026-03-20T21:00:00,2026-03-20T23:00:00,False,False,0
2026-03-20 20:51:10,7028871,6.99,$6.99,2026-03-20T21:00:00,2026-03-20T23:00:00,False,False,0
2026-03-20 20:51:10,7991400,26.5,$26.50,2026-03-20T21:00:00,2026-03-21T01:00:00,False,False,0
2026-03-20 20:56:10,276749,9.99,$9.99,2026-03-20T21:00:00,2026-03-20T23:00:00,False,False,0
2026-03-20 20:56:10,277089,6.49,$6.49,2026-03-20T21:00:00,2026-03-20T23:00:00,False,False,0
2026-03-20 20:56:10,277102,6.99,$6.99,2026-03-20T21:00:00,2026-03-21T05:00:00,False,False,0
2026-03-20 20:56:10,377733,4.99,$4.99,2026-03-20T21:00:00,2026-03-20T23:00:00,False,False,0
2026-03-20 20:56:10,377737,9.99,$9.99,2026-03-20T21:00:00,2026-03-21T00:00:00,False,False,0
2026-03-20 20:56:10,385993,12.99,$12.99,2026-03-20T21:00:00,2026-03-20T23:00:00,False,False,0
2026-03-20 20:56:10,385997,6.24,$6.24,2026-03-20T21:00:00,2026-03-20T23:00:00,False,False,0
2026-03-20 20:56:10,442320,11.49,$11.49,2026-03-20T21:00:00,2026-03-21T00:00:00,False,False,0
2026-03-20 20:56:10,575241,4.99,$4.99,2026-03-20T21:00:00,2026-03-20T23:00:00,False,False,0
2026-03-20 20:56:10,575242,6.99,$6.99,2026-03-20T21:00:00,2026-03-21T04:00:00,False,False,0
2026-03-20 20:56:10,575243,8.74,$8.74,2026-03-20T21:00:00,2026-03-20T23:00:00,False,False,0
2026-03-20 20:56:10,656529,6.49,$6.49,2026-03-20T21:00:00,2026-03-20T23:00:00,False,False,0
2026-03-20 20:56:10,817230,13.99,$13.99,2026-03-20T21:00:00,2026-03-20T23:00:00,False,False,0
2026-03-20 20:56:10,1134899,12.99,$12.99,2026-03-20T21:00:00,2026-03-20T23:00:00,False,False,0
2026-03-20 20:56:10,1780978,37.1,$37.10,2026-03-20T21:00:00,2026-03-21T21:00:00,False,False,0
2026-03-20 20:56:10,2765549,6.24,$6.24,2026-03-20T21:00:00,2026-03-20T23:00:00,False,False,0
2026-03-20 20:56:10,2768546,5.99,$5.99,2026-03-20T21:00:00,2026-03-20T23:00:00,False,False,0
2026-03-20 20:56:10,3716218,6.99,$6.99,2026-03-20T21:00:00,2026-03-20T23:00:00,False,False,0
2026-03-20 20:56:10,4745556,18.02,$18.02,2026-03-20T21:00:00,2026-03-21T03:00:00,False,False,0
2026-03-20 20:56:10,6984480,13.99,$13.99,2026-03-20T21:00:00,2026-03-20T23:00:00,False,False,0
2026-03-20 20:56:10,7028871,6.99,$6.99,2026-03-20T21:00:00,2026-03-20T23:00:00,False,False,0
2026-03-20 20:56:10,7991400,26.5,$26.50,2026-03-20T21:00:00,2026-03-21T01:00:00,False,False,0
2026-03-20 21:01:11,442320,11.49,$11.49,2026-03-20T21:30:00,2026-03-21T00:30:00,False,False,0
2026-03-20 21:01:11,575241,4.99,$4.99,2026-03-20T21:30:00,2026-03-20T23:30:00,False,False,0
2026-03-20 21:01:11,2768546,5.99,$5.99,2026-03-20T21:30:00,2026-03-20T23:30:00,False,False,0
2026-03-20 21:01:11,575243,8.74,$8.74,2026-03-20T21:30:00,2026-03-20T23:30:00,False,False,0
2026-03-20 21:01:11,575242,6.99,$6.99,2026-03-20T21:30:00,2026-03-21T04:30:00,False,False,0
2026-03-20 21:01:11,385993,12.99,$12.99,2026-03-20T21:30:00,2026-03-20T23:30:00,False,False,0
2026-03-20 21:01:11,385997,6.24,$6.24,2026-03-20T21:30:00,2026-03-20T23:30:00,False,False,0
2026-03-20 21:01:11,656529,6.49,$6.49,2026-03-20T21:30:00,2026-03-20T23:30:00,False,False,0
2026-03-20 21:01:11,3716218,6.99,$6.99,2026-03-20T21:30:00,2026-03-20T23:30:00,False,False,0
2026-03-20 21:01:11,4745556,18.02,$18.02,2026-03-20T21:30:00,2026-03-21T03:30:00,False,False,0
2026-03-20 21:01:11,7028871,6.99,$6.99,2026-03-20T21:30:00,2026-03-20T23:30:00,False,False,0
2026-03-20 21:01:11,277089,6.49,$6.49,2026-03-20T21:30:00,2026-03-20T23:30:00,False,False,0
2026-03-20 21:01:11,7991400,26.5,$26.50,2026-03-20T21:30:00,2026-03-21T01:00:00,False,False,0
2026-03-20 21:01:11,276749,9.99,$9.99,2026-03-20T21:30:00,2026-03-20T23:30:00,False,False,0
2026-03-20 21:01:11,377737,9.99,$9.99,2026-03-20T21:30:00,2026-03-21T00:30:00,False,False,0
2026-03-20 21:01:11,817230,13.99,$13.99,2026-03-20T21:30:00,2026-03-20T23:30:00,False,False,0
2026-03-20 21:01:11,277102,6.99,$6.99,2026-03-20T21:30:00,2026-03-21T05:30:00,False,False,0
2026-03-20 21:01:11,377733,4.99,$4.99,2026-03-20T21:30:00,2026-03-20T23:30:00,False,False,0
2026-03-20 21:01:11,1780978,37.1,$37.10,2026-03-20T21:30:00,2026-03-21T21:30:00,False,False,0
2026-03-20 21:01:11,6984480,13.99,$13.99,2026-03-20T21:30:00,2026-03-20T23:30:00,False,False,0
2026-03-20 21:01:11,2765549,6.24,$6.24,2026-03-20T21:30:00,2026-03-20T23:30:00,False,False,0
2026-03-20 21:06:14,276749,9.99,$9.99,2026-03-20T21:30:00,2026-03-20T23:30:00,False,False,0
2026-03-20 21:06:14,277089,6.49,$6.49,2026-03-20T21:30:00,2026-03-20T23:30:00,False,False,0
2026-03-20 21:06:14,277102,6.99,$6.99,2026-03-20T21:30:00,2026-03-21T05:30:00,False,False,0
2026-03-20 21:06:14,377733,4.99,$4.99,2026-03-20T21:30:00,2026-03-20T23:30:00,False,False,0
2026-03-20 21:06:14,377737,9.99,$9.99,2026-03-20T21:30:00,2026-03-21T00:30:00,False,False,0
2026-03-20 21:06:14,385993,12.99,$12.99,2026-03-20T21:30:00,2026-03-20T23:30:00,False,False,0
2026-03-20 21:06:14,385997,6.24,$6.24,2026-03-20T21:30:00,2026-03-20T23:30:00,False,False,0
2026-03-20 21:06:14,442320,11.49,$11.49,2026-03-20T21:30:00,2026-03-21T00:30:00,False,False,0
2026-03-20 21:06:14,575241,4.99,$4.99,2026-03-20T21:30:00,2026-03-20T23:30:00,False,False,0
2026-03-20 21:06:14,575242,6.99,$6.99,2026-03-20T21:30:00,2026-03-21T04:30:00,False,False,0
2026-03-20 21:06:14,575243,8.74,$8.74,2026-03-20T21:30:00,2026-03-20T23:30:00,False,False,0
2026-03-20 21:06:14,656529,6.49,$6.49,2026-03-20T21:30:00,2026-03-20T23:30:00,False,False,0
2026-03-20 21:06:14,817230,13.99,$13.99,2026-03-20T21:30:00,2026-03-20T23:30:00,False,False,0
2026-03-20 21:06:14,1780978,37.1,$37.10,2026-03-20T21:30:00,2026-03-21T21:30:00,False,False,0
2026-03-20 21:06:14,2765549,6.24,$6.24,2026-03-20T21:30:00,2026-03-20T23:30:00,False,False,0
2026-03-20 21:06:14,2768546,5.99,$5.99,2026-03-20T21:30:00,2026-03-20T23:30:00,False,False,0
2026-03-20 21:06:14,3716218,6.99,$6.99,2026-03-20T21:30:00,2026-03-20T23:30:00,False,False,0
2026-03-20 21:06:14,4745556,18.02,$18.02,2026-03-20T21:30:00,2026-03-21T03:30:00,False,False,0
2026-03-20 21:06:14,6984480,13.99,$13.99,2026-03-20T21:30:00,2026-03-20T23:30:00,False,False,0
2026-03-20 21:06:14,7028871,6.99,$6.99,2026-03-20T21:30:00,2026-03-20T23:30:00,False,False,0
2026-03-20 21:06:14,7991400,26.5,$26.50,2026-03-20T21:30:00,2026-03-21T01:00:00,False,False,0
2026-03-20 21:11:15,276749,9.99,$9.99,2026-03-20T21:30:00,2026-03-20T23:30:00,False,False,0
2026-03-20 21:11:15,277089,6.49,$6.49,2026-03-20T21:30:00,2026-03-20T23:30:00,False,False,0
2026-03-20 21:11:15,277102,6.99,$6.99,2026-03-20T21:30:00,2026-03-21T05:30:00,False,False,0
2026-03-20 21:11:15,377733,4.99,$4.99,2026-03-20T21:30:00,2026-03-20T23:30:00,False,False,0
2026-03-20 21:11:15,377737,9.99,$9.99,2026-03-20T21:30:00,2026-03-21T00:30:00,False,False,0
2026-03-20 21:11:15,385993,12.99,$12.99,2026-03-20T21:30:00,2026-03-20T23:30:00,False,False,0
2026-03-20 21:11:15,385997,6.24,$6.24,2026-03-20T21:30:00,2026-03-20T23:30:00,False,False,0
2026-03-20 21:11:15,442320,11.49,$11.49,2026-03-20T21:30:00,2026-03-21T00:30:00,False,False,0
2026-03-20 21:11:15,575241,4.99,$4.99,2026-03-20T21:30:00,2026-03-20T23:30:00,False,False,0
2026-03-20 21:11:15,575242,6.99,$6.99,2026-03-20T21:30:00,2026-03-21T04:30:00,False,False,0
2026-03-20 21:11:15,575243,8.74,$8.74,2026-03-20T21:30:00,2026-03-20T23:30:00,False,False,0
2026-03-20 21:11:15,656529,6.49,$6.49,2026-03-20T21:30:00,2026-03-20T23:30:00,False,False,0
2026-03-20 21:11:15,817230,13.99,$13.99,2026-03-20T21:30:00,2026-03-20T23:30:00,False,False,0
2026-03-20 21:11:15,1780978,37.1,$37.10,2026-03-20T21:30:00,2026-03-21T21:30:00,False,False,0
2026-03-20 21:11:15,2765549,6.24,$6.24,2026-03-20T21:30:00,2026-03-20T23:30:00,False,False,0
2026-03-20 21:11:15,2768546,5.99,$5.99,2026-03-20T21:30:00,2026-03-20T23:30:00,False,False,0
2026-03-20 21:11:15,3716218,6.99,$6.99,2026-03-20T21:30:00,2026-03-20T23:30:00,False,False,0
2026-03-20 21:11:15,4745556,18.02,$18.02,2026-03-20T21:30:00,2026-03-21T03:30:00,False,False,0
2026-03-20 21:11:15,6984480,13.99,$13.99,2026-03-20T21:30:00,2026-03-20T23:30:00,False,False,0
2026-03-20 21:11:15,7028871,6.99,$6.99,2026-03-20T21:30:00,2026-03-20T23:30:00,False,False,0
2026-03-20 21:11:15,7991400,26.5,$26.50,2026-03-20T21:30:00,2026-03-21T01:00:00,False,False,0
2026-03-20 21:16:15,276749,9.99,$9.99,2026-03-20T21:30:00,2026-03-20T23:30:00,False,False,0
2026-03-20 21:16:15,277089,6.49,$6.49,2026-03-20T21:30:00,2026-03-20T23:30:00,False,False,0
2026-03-20 21:16:15,277102,6.99,$6.99,2026-03-20T21:30:00,2026-03-21T05:30:00,False,False,0
2026-03-20 21:16:15,377733,4.99,$4.99,2026-03-20T21:30:00,2026-03-20T23:30:00,False,False,0
2026-03-20 21:16:15,377737,9.99,$9.99,2026-03-20T21:30:00,2026-03-21T00:30:00,False,False,0
2026-03-20 21:16:15,385993,12.99,$12.99,2026-03-20T21:30:00,2026-03-20T23:30:00,False,False,0
2026-03-20 21:16:15,385997,6.24,$6.24,2026-03-20T21:30:00,2026-03-20T23:30:00,False,False,0
2026-03-20 21:16:15,442320,11.49,$11.49,2026-03-20T21:30:00,2026-03-21T00:30:00,False,False,0
2026-03-20 21:16:15,575241,4.99,$4.99,2026-03-20T21:30:00,2026-03-20T23:30:00,False,False,0
2026-03-20 21:16:15,575242,6.99,$6.99,2026-03-20T21:30:00,2026-03-21T04:30:00,False,False,0
2026-03-20 21:16:15,575243,8.74,$8.74,2026-03-20T21:30:00,2026-03-20T23:30:00,False,False,0
2026-03-20 21:16:15,656529,6.49,$6.49,2026-03-20T21:30:00,2026-03-20T23:30:00,False,False,0
2026-03-20 21:16:15,817230,13.99,$13.99,2026-03-20T21:30:00,2026-03-20T23:30:00,False,False,0
2026-03-20 21:16:15,1780978,37.1,$37.10,2026-03-20T21:30:00,2026-03-21T21:30:00,False,False,0
2026-03-20 21:16:15,2765549,6.24,$6.24,2026-03-20T21:30:00,2026-03-20T23:30:00,False,False,0
2026-03-20 21:16:15,2768546,5.99,$5.99,2026-03-20T21:30:00,2026-03-20T23:30:00,False,False,0
2026-03-20 21:16:15,3716218,6.99,$6.99,2026-03-20T21:30:00,2026-03-20T23:30:00,False,False,0
2026-03-20 21:16:15,4745556,18.02,$18.02,2026-03-20T21:30:00,2026-03-21T03:30:00,False,False,0
2026-03-20 21:16:15,6984480,13.99,$13.99,2026-03-20T21:30:00,2026-03-20T23:30:00,False,False,0
2026-03-20 21:16:15,7028871,6.99,$6.99,2026-03-20T21:30:00,2026-03-20T23:30:00,False,False,0
2026-03-20 21:16:15,7991400,26.5,$26.50,2026-03-20T21:30:00,2026-03-21T01:00:00,False,False,0
2026-03-20 21:21:16,276749,9.99,$9.99,2026-03-20T21:30:00,2026-03-20T23:30:00,False,False,0
2026-03-20 21:21:16,277089,6.49,$6.49,2026-03-20T21:30:00,2026-03-20T23:30:00,False,False,0
2026-03-20 21:21:16,277102,6.99,$6.99,2026-03-20T21:30:00,2026-03-21T05:30:00,False,False,0
2026-03-20 21:21:16,377733,4.99,$4.99,2026-03-20T21:30:00,2026-03-20T23:30:00,False,False,0
2026-03-20 21:21:16,377737,9.99,$9.99,2026-03-20T21:30:00,2026-03-21T00:30:00,False,False,0
2026-03-20 21:21:16,385993,12.99,$12.99,2026-03-20T21:30:00,2026-03-20T23:30:00,False,False,0
2026-03-20 21:21:16,385997,6.24,$6.24,2026-03-20T21:30:00,2026-03-20T23:30:00,False,False,0
2026-03-20 21:21:16,442320,11.49,$11.49,2026-03-20T21:30:00,2026-03-21T00:30:00,False,False,0
2026-03-20 21:21:16,575241,4.99,$4.99,2026-03-20T21:30:00,2026-03-20T23:30:00,False,False,0
2026-03-20 21:21:16,575242,6.99,$6.99,2026-03-20T21:30:00,2026-03-21T04:30:00,False,False,0
2026-03-20 21:21:16,575243,8.74,$8.74,2026-03-20T21:30:00,2026-03-20T23:30:00,False,False,0
2026-03-20 21:21:16,656529,6.49,$6.49,2026-03-20T21:30:00,2026-03-20T23:30:00,False,False,0
2026-03-20 21:21:16,817230,13.99,$13.99,2026-03-20T21:30:00,2026-03-20T23:30:00,False,False,0
2026-03-20 21:21:16,1780978,37.1,$37.10,2026-03-20T21:30:00,2026-03-21T21:30:00,False,False,0
2026-03-20 21:21:16,2765549,6.24,$6.24,2026-03-20T21:30:00,2026-03-20T23:30:00,False,False,0
2026-03-20 21:21:16,2768546,5.99,$5.99,2026-03-20T21:30:00,2026-03-20T23:30:00,False,False,0
2026-03-20 21:21:16,3716218,6.99,$6.99,2026-03-20T21:30:00,2026-03-20T23:30:00,False,False,0
2026-03-20 21:21:16,4745556,18.02,$18.02,2026-03-20T21:30:00,2026-03-21T03:30:00,False,False,0
2026-03-20 21:21:16,6984480,13.99,$13.99,2026-03-20T21:30:00,2026-03-20T23:30:00,False,False,0
2026-03-20 21:21:16,7028871,6.99,$6.99,2026-03-20T21:30:00,2026-03-20T23:30:00,False,False,0
2026-03-20 21:21:16,7991400,26.5,$26.50,2026-03-20T21:30:00,2026-03-21T01:00:00,False,False,0
2026-03-20 21:26:17,276749,9.99,$9.99,2026-03-20T21:30:00,2026-03-20T23:30:00,False,False,0
2026-03-20 21:26:17,277089,6.49,$6.49,2026-03-20T21:30:00,2026-03-20T23:30:00,False,False,0
2026-03-20 21:26:17,277102,6.99,$6.99,2026-03-20T21:30:00,2026-03-21T05:30:00,False,False,0
2026-03-20 21:26:17,377733,4.99,$4.99,2026-03-20T21:30:00,2026-03-20T23:30:00,False,False,0
2026-03-20 21:26:17,377737,9.99,$9.99,2026-03-20T21:30:00,2026-03-21T00:30:00,False,False,0
2026-03-20 21:26:17,385993,12.99,$12.99,2026-03-20T21:30:00,2026-03-20T23:30:00,False,False,0
2026-03-20 21:26:17,385997,6.24,$6.24,2026-03-20T21:30:00,2026-03-20T23:30:00,False,False,0
2026-03-20 21:26:17,442320,11.49,$11.49,2026-03-20T21:30:00,2026-03-21T00:30:00,False,False,0
2026-03-20 21:26:17,575241,4.99,$4.99,2026-03-20T21:30:00,2026-03-20T23:30:00,False,False,0
2026-03-20 21:26:17,575242,6.99,$6.99,2026-03-20T21:30:00,2026-03-21T04:30:00,False,False,0
2026-03-20 21:26:17,575243,8.74,$8.74,2026-03-20T21:30:00,2026-03-20T23:30:00,False,False,0
2026-03-20 21:26:17,656529,6.49,$6.49,2026-03-20T21:30:00,2026-03-20T23:30:00,False,False,0
2026-03-20 21:26:17,817230,13.99,$13.99,2026-03-20T21:30:00,2026-03-20T23:30:00,False,False,0
2026-03-20 21:26:17,1780978,37.1,$37.10,2026-03-20T21:30:00,2026-03-21T21:30:00,False,False,0
2026-03-20 21:26:17,2765549,6.24,$6.24,2026-03-20T21:30:00,2026-03-20T23:30:00,False,False,0
2026-03-20 21:26:17,2768546,5.99,$5.99,2026-03-20T21:30:00,2026-03-20T23:30:00,False,False,0
2026-03-20 21:26:17,3716218,6.99,$6.99,2026-03-20T21:30:00,2026-03-20T23:30:00,False,False,0
2026-03-20 21:26:17,4745556,18.02,$18.02,2026-03-20T21:30:00,2026-03-21T03:30:00,False,False,0
2026-03-20 21:26:17,6984480,13.99,$13.99,2026-03-20T21:30:00,2026-03-20T23:30:00,False,False,0
2026-03-20 21:26:17,7028871,6.99,$6.99,2026-03-20T21:30:00,2026-03-20T23:30:00,False,False,0
2026-03-20 21:26:17,7991400,26.5,$26.50,2026-03-20T21:30:00,2026-03-21T01:00:00,False,False,0
2026-03-20 21:31:18,442320,11.49,$11.49,2026-03-20T22:00:00,2026-03-21T01:00:00,False,False,0
2026-03-20 21:31:18,575241,4.99,$4.99,2026-03-20T22:00:00,2026-03-21T00:00:00,False,False,0
2026-03-20 21:31:18,2768546,5.99,$5.99,2026-03-20T22:00:00,2026-03-21T00:00:00,False,False,0
2026-03-20 21:31:18,575243,8.74,$8.74,2026-03-20T22:00:00,2026-03-21T00:00:00,False,False,0
2026-03-20 21:31:18,575242,6.99,$6.99,2026-03-20T22:00:00,2026-03-21T05:00:00,False,False,0
2026-03-20 21:31:18,385993,12.99,$12.99,2026-03-20T22:00:00,2026-03-21T00:00:00,False,False,0
2026-03-20 21:31:18,385997,6.24,$6.24,2026-03-20T22:00:00,2026-03-21T00:00:00,False,False,0
2026-03-20 21:31:18,656529,6.49,$6.49,2026-03-20T22:00:00,2026-03-21T00:00:00,False,False,0
2026-03-20 21:31:18,3716218,6.99,$6.99,2026-03-20T22:00:00,2026-03-21T00:00:00,False,False,0
2026-03-20 21:31:18,4745556,18.02,$18.02,2026-03-20T22:00:00,2026-03-21T04:00:00,False,False,0
2026-03-20 21:31:18,7028871,6.99,$6.99,2026-03-20T22:00:00,2026-03-21T00:00:00,False,False,0
2026-03-20 21:31:18,277089,6.49,$6.49,2026-03-20T22:00:00,2026-03-21T00:00:00,False,False,0
2026-03-20 21:31:18,7991400,26.5,$26.50,2026-03-20T22:00:00,2026-03-21T01:00:00,False,False,0
2026-03-20 21:31:18,276749,9.99,$9.99,2026-03-20T22:00:00,2026-03-21T00:00:00,False,False,0
2026-03-20 21:31:18,377737,9.99,$9.99,2026-03-20T22:00:00,2026-03-21T01:00:00,False,False,0
2026-03-20 21:31:18,817230,13.99,$13.99,2026-03-20T22:00:00,2026-03-21T00:00:00,False,False,0
2026-03-20 21:31:18,277102,6.99,$6.99,2026-03-20T22:00:00,2026-03-21T06:00:00,False,False,0
2026-03-20 21:31:18,377733,4.99,$4.99,2026-03-20T22:00:00,2026-03-21T00:00:00,False,False,0
2026-03-20 21:31:18,1780978,37.1,$37.10,2026-03-20T22:00:00,2026-03-21T22:00:00,False,False,0
2026-03-20 21:31:18,6984480,13.99,$13.99,2026-03-20T22:00:00,2026-03-21T00:00:00,False,False,0
2026-03-20 21:31:18,2765549,6.24,$6.24,2026-03-20T22:00:00,2026-03-21T00:00:00,False,False,0
2026-03-20 21:36:20,276749,9.99,$9.99,2026-03-20T22:00:00,2026-03-21T00:00:00,False,False,0
2026-03-20 21:36:20,277089,6.49,$6.49,2026-03-20T22:00:00,2026-03-21T00:00:00,False,False,0
2026-03-20 21:36:20,277102,6.99,$6.99,2026-03-20T22:00:00,2026-03-21T06:00:00,False,False,0
2026-03-20 21:36:20,377733,4.99,$4.99,2026-03-20T22:00:00,2026-03-21T00:00:00,False,False,0
2026-03-20 21:36:20,377737,9.99,$9.99,2026-03-20T22:00:00,2026-03-21T01:00:00,False,False,0
2026-03-20 21:36:20,385993,12.99,$12.99,2026-03-20T22:00:00,2026-03-21T00:00:00,False,False,0
2026-03-20 21:36:20,385997,6.24,$6.24,2026-03-20T22:00:00,2026-03-21T00:00:00,False,False,0
2026-03-20 21:36:20,442320,11.49,$11.49,2026-03-20T22:00:00,2026-03-21T01:00:00,False,False,0
2026-03-20 21:36:20,575241,4.99,$4.99,2026-03-20T22:00:00,2026-03-21T00:00:00,False,False,0
2026-03-20 21:36:20,575242,6.99,$6.99,2026-03-20T22:00:00,2026-03-21T05:00:00,False,False,0
2026-03-20 21:36:20,575243,8.74,$8.74,2026-03-20T22:00:00,2026-03-21T00:00:00,False,False,0
2026-03-20 21:36:20,656529,6.49,$6.49,2026-03-20T22:00:00,2026-03-21T00:00:00,False,False,0
2026-03-20 21:36:20,817230,13.99,$13.99,2026-03-20T22:00:00,2026-03-21T00:00:00,False,False,0
2026-03-20 21:36:20,1780978,37.1,$37.10,2026-03-20T22:00:00,2026-03-21T22:00:00,False,False,0
2026-03-20 21:36:20,2765549,6.24,$6.24,2026-03-20T22:00:00,2026-03-21T00:00:00,False,False,0
2026-03-20 21:36:20,2768546,5.99,$5.99,2026-03-20T22:00:00,2026-03-21T00:00:00,False,False,0
2026-03-20 21:36:20,3716218,6.99,$6.99,2026-03-20T22:00:00,2026-03-21T00:00:00,False,False,0
2026-03-20 21:36:20,4745556,18.02,$18.02,2026-03-20T22:00:00,2026-03-21T04:00:00,False,False,0
2026-03-20 21:36:20,6984480,13.99,$13.99,2026-03-20T22:00:00,2026-03-21T00:00:00,False,False,0
2026-03-20 21:36:20,7028871,6.99,$6.99,2026-03-20T22:00:00,2026-03-21T00:00:00,False,False,0
2026-03-20 21:36:20,7991400,26.5,$26.50,2026-03-20T22:00:00,2026-03-21T01:00:00,False,False,0
2026-03-20 21:41:21,276749,9.99,$9.99,2026-03-20T22:00:00,2026-03-21T00:00:00,False,False,0
2026-03-20 21:41:21,277089,6.49,$6.49,2026-03-20T22:00:00,2026-03-21T00:00:00,False,False,0
2026-03-20 21:41:21,277102,6.99,$6.99,2026-03-20T22:00:00,2026-03-21T06:00:00,False,False,0
2026-03-20 21:41:21,377733,4.99,$4.99,2026-03-20T22:00:00,2026-03-21T00:00:00,False,False,0
2026-03-20 21:41:21,377737,9.99,$9.99,2026-03-20T22:00:00,2026-03-21T01:00:00,False,False,0
2026-03-20 21:41:21,385993,12.99,$12.99,2026-03-20T22:00:00,2026-03-21T00:00:00,False,False,0
2026-03-20 21:41:21,385997,6.24,$6.24,2026-03-20T22:00:00,2026-03-21T00:00:00,False,False,0
2026-03-20 21:41:21,442320,11.49,$11.49,2026-03-20T22:00:00,2026-03-21T01:00:00,False,False,0
2026-03-20 21:41:21,575241,4.99,$4.99,2026-03-20T22:00:00,2026-03-21T00:00:00,False,False,0
2026-03-20 21:41:21,575242,6.99,$6.99,2026-03-20T22:00:00,2026-03-21T05:00:00,False,False,0
2026-03-20 21:41:21,575243,8.74,$8.74,2026-03-20T22:00:00,2026-03-21T00:00:00,False,False,0
2026-03-20 21:41:21,656529,6.49,$6.49,2026-03-20T22:00:00,2026-03-21T00:00:00,False,False,0
2026-03-20 21:41:21,817230,13.99,$13.99,2026-03-20T22:00:00,2026-03-21T00:00:00,False,False,0
2026-03-20 21:41:21,1780978,37.1,$37.10,2026-03-20T22:00:00,2026-03-21T22:00:00,False,False,0
2026-03-20 21:41:21,2765549,6.24,$6.24,2026-03-20T22:00:00,2026-03-21T00:00:00,False,False,0
2026-03-20 21:41:21,2768546,5.99,$5.99,2026-03-20T22:00:00,2026-03-21T00:00:00,False,False,0
2026-03-20 21:41:21,3716218,6.99,$6.99,2026-03-20T22:00:00,2026-03-21T00:00:00,False,False,0
2026-03-20 21:41:21,4745556,18.02,$18.02,2026-03-20T22:00:00,2026-03-21T04:00:00,False,False,0
2026-03-20 21:41:21,6984480,13.99,$13.99,2026-03-20T22:00:00,2026-03-21T00:00:00,False,False,0
2026-03-20 21:41:21,7028871,6.99,$6.99,2026-03-20T22:00:00,2026-03-21T00:00:00,False,False,0
2026-03-20 21:41:21,7991400,26.5,$26.50,2026-03-20T22:00:00,2026-03-21T01:00:00,False,False,0
2026-03-20 21:46:22,276749,9.99,$9.99,2026-03-20T22:00:00,2026-03-21T00:00:00,False,False,0
2026-03-20 21:46:22,277089,6.49,$6.49,2026-03-20T22:00:00,2026-03-21T00:00:00,False,False,0
2026-03-20 21:46:22,277102,6.99,$6.99,2026-03-20T22:00:00,2026-03-21T06:00:00,False,False,0
2026-03-20 21:46:22,377733,4.99,$4.99,2026-03-20T22:00:00,2026-03-21T00:00:00,False,False,0
2026-03-20 21:46:22,377737,9.99,$9.99,2026-03-20T22:00:00,2026-03-21T01:00:00,False,False,0
2026-03-20 21:46:22,385993,12.99,$12.99,2026-03-20T22:00:00,2026-03-21T00:00:00,False,False,0
2026-03-20 21:46:22,385997,6.24,$6.24,2026-03-20T22:00:00,2026-03-21T00:00:00,False,False,0
2026-03-20 21:46:22,442320,11.49,$11.49,2026-03-20T22:00:00,2026-03-21T01:00:00,False,False,0
2026-03-20 21:46:22,575241,4.99,$4.99,2026-03-20T22:00:00,2026-03-21T00:00:00,False,False,0
2026-03-20 21:46:22,575242,6.99,$6.99,2026-03-20T22:00:00,2026-03-21T05:00:00,False,False,0
2026-03-20 21:46:22,575243,8.74,$8.74,2026-03-20T22:00:00,2026-03-21T00:00:00,False,False,0
2026-03-20 21:46:22,656529,6.49,$6.49,2026-03-20T22:00:00,2026-03-21T00:00:00,False,False,0
2026-03-20 21:46:22,817230,13.99,$13.99,2026-03-20T22:00:00,2026-03-21T00:00:00,False,False,0
2026-03-20 21:46:22,1780978,37.1,$37.10,2026-03-20T22:00:00,2026-03-21T22:00:00,False,False,0
2026-03-20 21:46:22,2765549,6.24,$6.24,2026-03-20T22:00:00,2026-03-21T00:00:00,False,False,0
2026-03-20 21:46:22,2768546,5.99,$5.99,2026-03-20T22:00:00,2026-03-21T00:00:00,False,False,0
2026-03-20 21:46:22,3716218,6.99,$6.99,2026-03-20T22:00:00,2026-03-21T00:00:00,False,False,0
2026-03-20 21:46:22,4745556,18.02,$18.02,2026-03-20T22:00:00,2026-03-21T04:00:00,False,False,0
2026-03-20 21:46:22,6984480,13.99,$13.99,2026-03-20T22:00:00,2026-03-21T00:00:00,False,False,0
2026-03-20 21:46:22,7028871,6.99,$6.99,2026-03-20T22:00:00,2026-03-21T00:00:00,False,False,0
2026-03-20 21:46:22,7991400,26.5,$26.50,2026-03-20T22:00:00,2026-03-21T01:00:00,False,False,0
2026-03-20 21:51:23,276749,9.99,$9.99,2026-03-20T22:00:00,2026-03-21T00:00:00,False,False,0
2026-03-20 21:51:23,277089,6.49,$6.49,2026-03-20T22:00:00,2026-03-21T00:00:00,False,False,0
2026-03-20 21:51:23,277102,6.99,$6.99,2026-03-20T22:00:00,2026-03-21T06:00:00,False,False,0
2026-03-20 21:51:23,377733,4.99,$4.99,2026-03-20T22:00:00,2026-03-21T00:00:00,False,False,0
2026-03-20 21:51:23,377737,9.99,$9.99,2026-03-20T22:00:00,2026-03-21T01:00:00,False,False,0
2026-03-20 21:51:23,385993,12.99,$12.99,2026-03-20T22:00:00,2026-03-21T00:00:00,False,False,0
2026-03-20 21:51:23,385997,6.24,$6.24,2026-03-20T22:00:00,2026-03-21T00:00:00,False,False,0
2026-03-20 21:51:23,442320,11.49,$11.49,2026-03-20T22:00:00,2026-03-21T01:00:00,False,False,0
2026-03-20 21:51:23,575241,4.99,$4.99,2026-03-20T22:00:00,2026-03-21T00:00:00,False,False,0
2026-03-20 21:51:23,575242,6.99,$6.99,2026-03-20T22:00:00,2026-03-21T05:00:00,False,False,0
2026-03-20 21:51:23,575243,8.74,$8.74,2026-03-20T22:00:00,2026-03-21T00:00:00,False,False,0
2026-03-20 21:51:23,656529,6.49,$6.49,2026-03-20T22:00:00,2026-03-21T00:00:00,False,False,0
2026-03-20 21:51:23,817230,13.99,$13.99,2026-03-20T22:00:00,2026-03-21T00:00:00,False,False,0
2026-03-20 21:51:23,1780978,37.1,$37.10,2026-03-20T22:00:00,2026-03-21T22:00:00,False,False,0
2026-03-20 21:51:23,2765549,6.24,$6.24,2026-03-20T22:00:00,2026-03-21T00:00:00,False,False,0
2026-03-20 21:51:23,2768546,5.99,$5.99,2026-03-20T22:00:00,2026-03-21T00:00:00,False,False,0
2026-03-20 21:51:23,3716218,6.99,$6.99,2026-03-20T22:00:00,2026-03-21T00:00:00,False,False,0
2026-03-20 21:51:23,4745556,18.02,$18.02,2026-03-20T22:00:00,2026-03-21T04:00:00,False,False,0
2026-03-20 21:51:23,6984480,13.99,$13.99,2026-03-20T22:00:00,2026-03-21T00:00:00,False,False,0
2026-03-20 21:51:23,7028871,6.99,$6.99,2026-03-20T22:00:00,2026-03-21T00:00:00,False,False,0
2026-03-20 21:51:23,7991400,26.5,$26.50,2026-03-20T22:00:00,2026-03-21T01:00:00,False,False,0
2026-03-20 21:56:24,276749,9.99,$9.99,2026-03-20T22:00:00,2026-03-21T00:00:00,False,False,0
2026-03-20 21:56:24,277089,6.49,$6.49,2026-03-20T22:00:00,2026-03-21T00:00:00,False,False,0
2026-03-20 21:56:24,277102,6.99,$6.99,2026-03-20T22:00:00,2026-03-21T06:00:00,False,False,0
2026-03-20 21:56:24,377733,4.99,$4.99,2026-03-20T22:00:00,2026-03-21T00:00:00,False,False,0
2026-03-20 21:56:24,377737,9.99,$9.99,2026-03-20T22:00:00,2026-03-21T01:00:00,False,False,0
2026-03-20 21:56:24,385993,12.99,$12.99,2026-03-20T22:00:00,2026-03-21T00:00:00,False,False,0
2026-03-20 21:56:24,385997,6.24,$6.24,2026-03-20T22:00:00,2026-03-21T00:00:00,False,False,0
2026-03-20 21:56:24,442320,11.49,$11.49,2026-03-20T22:00:00,2026-03-21T01:00:00,False,False,0
2026-03-20 21:56:24,575241,4.99,$4.99,2026-03-20T22:00:00,2026-03-21T00:00:00,False,False,0
2026-03-20 21:56:24,575242,6.99,$6.99,2026-03-20T22:00:00,2026-03-21T05:00:00,False,False,0
2026-03-20 21:56:24,575243,8.74,$8.74,2026-03-20T22:00:00,2026-03-21T00:00:00,False,False,0
2026-03-20 21:56:24,656529,6.49,$6.49,2026-03-20T22:00:00,2026-03-21T00:00:00,False,False,0
2026-03-20 21:56:24,817230,13.99,$13.99,2026-03-20T22:00:00,2026-03-21T00:00:00,False,False,0
2026-03-20 21:56:24,1780978,37.1,$37.10,2026-03-20T22:00:00,2026-03-21T22:00:00,False,False,0
2026-03-20 21:56:24,2765549,6.24,$6.24,2026-03-20T22:00:00,2026-03-21T00:00:00,False,False,0
2026-03-20 21:56:24,2768546,5.99,$5.99,2026-03-20T22:00:00,2026-03-21T00:00:00,False,False,0
2026-03-20 21:56:24,3716218,6.99,$6.99,2026-03-20T22:00:00,2026-03-21T00:00:00,False,False,0
2026-03-20 21:56:24,4745556,18.02,$18.02,2026-03-20T22:00:00,2026-03-21T04:00:00,False,False,0
2026-03-20 21:56:24,6984480,13.99,$13.99,2026-03-20T22:00:00,2026-03-21T00:00:00,False,False,0
2026-03-20 21:56:24,7028871,6.99,$6.99,2026-03-20T22:00:00,2026-03-21T00:00:00,False,False,0
2026-03-20 21:56:24,7991400,26.5,$26.50,2026-03-20T22:00:00,2026-03-21T01:00:00,False,False,0
2026-03-20 22:01:25,442320,11.49,$11.49,2026-03-20T22:30:00,2026-03-21T01:30:00,False,False,0
2026-03-20 22:01:25,2768546,5.99,$5.99,2026-03-20T22:30:00,2026-03-21T00:30:00,False,False,0
2026-03-20 22:01:25,575243,8.74,$8.74,2026-03-20T22:30:00,2026-03-21T00:30:00,False,False,0
2026-03-20 22:01:25,575242,6.99,$6.99,2026-03-20T22:30:00,2026-03-21T05:30:00,False,False,0
2026-03-20 22:01:25,385993,12.99,$12.99,2026-03-20T22:30:00,2026-03-21T00:30:00,False,False,0
2026-03-20 22:01:25,385997,6.24,$6.24,2026-03-20T22:30:00,2026-03-21T00:30:00,False,False,0
2026-03-20 22:01:25,656529,6.49,$6.49,2026-03-20T22:30:00,2026-03-21T00:30:00,False,False,0
2026-03-20 22:01:25,3716218,6.99,$6.99,2026-03-20T22:30:00,2026-03-21T00:30:00,False,False,0
2026-03-20 22:01:25,4745556,18.02,$18.02,2026-03-20T22:30:00,2026-03-21T04:30:00,False,False,0
2026-03-20 22:01:25,7028871,6.99,$6.99,2026-03-20T22:30:00,2026-03-21T00:30:00,False,False,0
2026-03-20 22:01:25,277089,6.49,$6.49,2026-03-20T22:30:00,2026-03-21T00:30:00,False,False,0
2026-03-20 22:01:25,7991400,26.5,$26.50,2026-03-20T22:30:00,2026-03-21T01:00:00,False,False,0
2026-03-20 22:01:25,276749,9.99,$9.99,2026-03-20T22:30:00,2026-03-21T00:30:00,False,False,0
2026-03-20 22:01:25,377737,9.99,$9.99,2026-03-20T22:30:00,2026-03-21T01:30:00,False,False,0
2026-03-20 22:01:25,817230,13.99,$13.99,2026-03-20T22:30:00,2026-03-21T00:30:00,False,False,0
2026-03-20 22:01:25,277102,6.99,$6.99,2026-03-20T22:30:00,2026-03-21T06:30:00,False,False,0
2026-03-20 22:01:25,377733,4.99,$4.99,2026-03-20T22:30:00,2026-03-21T00:30:00,False,False,0
2026-03-20 22:01:25,1780978,37.1,$37.10,2026-03-20T22:30:00,2026-03-21T22:30:00,False,False,0
2026-03-20 22:01:25,6984480,13.99,$13.99,2026-03-20T22:30:00,2026-03-21T00:30:00,False,False,0
2026-03-20 22:01:25,2765549,6.24,$6.24,2026-03-20T22:30:00,2026-03-21T00:30:00,False,False,0
