strategy,rho,seed,n_requests,n_satisfied,success_rate,jains_index,gini,worst_decile_utility,social_welfare,utilization,illegal_allocation_rate,parse_failure_rate,decision_latency_s,cost_usd
random,0.8,1,666,158,0.23723723723723725,0.17028562125593008,0.8389537336989172,0.0,2458.9940198913814,0.10024009603841537,0.0,0.0,0.023774707999999978,0.0
random,0.8,2,666,165,0.24774774774774774,0.17781172777635695,0.8321216183599733,0.0,2547.487152770395,0.10344137655062025,0.0,0.0,0.02408966699999998,0.0
random,0.8,3,666,155,0.23273273273273273,0.17134999438247564,0.8429942518401305,0.0,2293.3873396236563,0.09623849539815926,0.0,0.0,0.023261458000000013,0.0
random,0.8,4,666,142,0.2132132132132132,0.16346272098146264,0.8516005504605124,0.0,2139.764194887374,0.08843537414965986,0.0,0.0,0.022473915999999983,0.0
random,0.8,5,666,167,0.25075075075075076,0.19944261424839657,0.8189076485978288,0.0,2675.4001341419867,0.10284113645458183,0.0,0.0,0.021342167000000023,0.0
random,0.8,6,666,148,0.2222222222222222,0.1738285192367872,0.8416520760860462,0.0,2477.186249141072,0.09303721488595439,0.0,0.0,0.024008791999999946,0.0
random,0.8,7,666,156,0.23423423423423423,0.17629964452968394,0.8370364818323139,0.0,2554.604788794882,0.09343737494997999,0.0,0.0,0.070978875,0.0
random,0.8,8,666,162,0.24324324324324326,0.1863956052225224,0.8257849216022104,0.0,2582.368604464091,0.09983993597438975,0.0,0.0,0.022813416999999947,0.0
random,0.8,9,666,176,0.26426426426426425,0.19306983934693395,0.8180870285867148,0.0,2629.2400186401537,0.10284113645458183,0.0,0.0,0.023411124999999977,0.0
random,0.8,10,666,155,0.23273273273273273,0.15100981194019267,0.8501716433096576,0.0,2467.5823151025306,0.0940376150460184,0.0,0.0,0.021147707999999987,0.0
random,0.8,11,666,167,0.25075075075075076,0.18859155209895911,0.8272492560229276,0.0,2498.2603466985283,0.10704281712685074,0.0,0.0,0.020938250000000047,0.0
random,0.8,12,666,137,0.2057057057057057,0.14931415151913188,0.8578977409240025,0.0,2047.9979710298123,0.08263305322128851,0.0,0.0,0.02062254200000002,0.0
random,0.8,13,666,147,0.22072072072072071,0.1660606222481826,0.8453465960354807,0.0,2273.0079926887156,0.09343737494997999,0.0,0.0,0.021168208000000077,0.0
random,0.8,14,666,155,0.23273273273273273,0.17708514354814858,0.8357454879562147,0.0,2451.4955099823424,0.10024009603841537,0.0,0.0,0.021175749999999938,0.0
random,0.8,15,666,160,0.24024024024024024,0.18555671407247384,0.8308595420261549,0.0,2530.8724214455465,0.09883953581432572,0.0,0.0,0.024571584000000035,0.0
random,0.8,16,666,134,0.2012012012012012,0.15671808192909403,0.8585826344342145,0.0,2105.711160938291,0.08243297318927571,0.0,0.0,0.020182833999999983,0.0
random,0.8,17,666,131,0.1966966966966967,0.1492053731886661,0.8633946799495835,0.0,1929.3798720880084,0.07863145258103241,0.0,0.0,0.019915541000000037,0.0
random,0.8,18,666,168,0.25225225225225223,0.18699224516526586,0.8277171186406864,0.0,2699.020798110949,0.10024009603841537,0.0,0.0,0.020797207999999845,0.0
random,0.8,19,666,166,0.24924924924924924,0.19421766160999346,0.820902406475911,0.0,2331.3626812449857,0.10344137655062025,0.0,0.0,0.020894917000000124,0.0
random,0.8,20,666,149,0.22372372372372373,0.16660350958004672,0.8463836774999243,0.0,2332.1651785064346,0.09803921568627451,0.0,0.0,0.020842165999999995,0.0
random,0.8,21,666,152,0.22822822822822822,0.1776505255949541,0.8366098805409359,0.0,2207.9457757176874,0.0974389755902361,0.0,0.0,0.02165141699999995,0.0
random,0.8,22,666,138,0.2072072072072072,0.15889813900504557,0.8549772617797846,0.0,2122.3306230610474,0.08703481392557023,0.0,0.0,0.020927291000000015,0.0
random,0.8,23,666,158,0.23723723723723725,0.185228684645526,0.830345906658392,0.0,2382.5346201857396,0.10044017607042817,0.0,0.0,0.020946249999999944,0.0
random,0.8,24,666,147,0.22072072072072071,0.1644083786810679,0.8490456429477651,0.0,2349.978697633271,0.09183673469387756,0.0,0.0,0.021143499999999982,0.0
random,0.8,25,666,154,0.23123123123123124,0.1744565205771055,0.8390242278603126,0.0,2270.1442750182223,0.09483793517406963,0.0,0.0,0.021092208,0.0
random,0.8,26,666,143,0.2147147147147147,0.15508281886375974,0.8520208042536097,0.0,2063.007793463723,0.08923569427771108,0.0,0.0,0.020965791999999928,0.0
random,0.8,27,666,168,0.25225225225225223,0.18019683213128668,0.8300530711434777,0.0,2661.8780514756927,0.10264105642256903,0.0,0.0,0.021171083000000035,0.0
random,0.8,28,666,143,0.2147147147147147,0.17078159242560953,0.8455748330994659,0.0,2238.7362382585156,0.0894357743097239,0.0,0.0,0.020691959000000093,0.0
random,0.8,29,666,148,0.2222222222222222,0.1663509806965948,0.8429200806086552,0.0,2183.896745513642,0.0894357743097239,0.0,0.0,0.020473834000000135,0.0
random,0.8,30,666,134,0.2012012012012012,0.1562080944812532,0.8572809763490146,0.0,2008.0416748611788,0.08483393357342937,0.0,0.0,0.020719708000000114,0.0
random,1.2,1,1000,225,0.225,0.16618690403490696,0.8444269289007669,0.0,3333.1277689328313,0.13845538215286116,0.0,0.0,0.033998792,0.0
random,1.2,2,1000,226,0.226,0.17281416776527644,0.8405057678945353,0.0,3501.383672615608,0.14125650260104042,0.0,0.0,0.03323029099999997,0.0
random,1.2,3,1000,228,0.228,0.17220114738761813,0.842972346292707,0.0,3576.6218082408486,0.140656262505002,0.0,0.0,0.03315200000000007,0.0
random,1.2,4,1000,223,0.223,0.16757355536948196,0.8436740637074849,0.0,3334.2634535910693,0.1448579431772709,0.0,0.0,0.03300037499999986,0.0
random,1.2,5,1000,257,0.257,0.20264896071533767,0.8154444947787411,0.0,3853.0321219514785,0.16826730692276912,0.0,0.0,0.033488208000000075,0.0
random,1.2,6,1000,234,0.234,0.17990188513646824,0.8370225246663103,0.0,3653.762669752461,0.13925570228091236,0.0,0.0,0.03343029200000003,0.0
random,1.2,7,1000,243,0.243,0.18942607420007415,0.8271515604237163,0.0,3554.586532826424,0.1482593037214886,0.0,0.0,0.0334037920000001,0.0
random,1.2,8,1000,224,0.224,0.17050262012473422,0.8438143176079571,0.0,3301.1152084574614,0.14285714285714285,0.0,0.0,0.03593233299999987,0.0
random,1.2,9,1000,211,0.211,0.15357774732772622,0.8577992280585374,0.0,3199.7161288573766,0.13045218087234894,0.0,0.0,0.03262762499999994,0.0
random,1.2,10,1000,240,0.24,0.16843076536249707,0.8368924621337399,0.0,3786.1467188515435,0.14585834333733494,0.0,0.0,0.03351541600000019,0.0
random,1.2,11,1000,242,0.242,0.1788639862594501,0.8327638154973522,0.0,3819.991193892037,0.15326130452180872,0.0,0.0,0.03366079199999983,0.0
random,1.2,12,1000,214,0.214,0.16665299876118184,0.8466172021742142,0.0,3310.7678505337394,0.13045218087234894,0.0,0.0,0.03323154199999978,0.0
random,1.2,13,1000,224,0.224,0.16334332802864562,0.8445613259445746,0.0,3536.4211082577876,0.14105642256902762,0.0,0.0,0.033380207999999634,0.0
random,1.2,14,1000,247,0.247,0.18991704101052947,0.8262705500019203,0.0,3952.9428221211706,0.15866346538615447,0.0,0.0,0.034339791999999925,0.0
random,1.2,15,1000,226,0.226,0.15419464865298563,0.8453642831063748,0.0,3423.2520243347594,0.14305722288915565,0.0,0.0,0.033156707999999924,0.0
random,1.2,16,1000,214,0.214,0.17174637784422592,0.8445608060221124,0.0,3474.5211421209574,0.13225290116046418,0.0,0.0,0.03355474999999997,0.0
random,1.2,17,1000,245,0.245,0.1893798388344478,0.8282395340104267,0.0,3762.123434038941,0.15566226490596238,0.0,0.0,0.03448433299999998,0.0
random,1.2,18,1000,231,0.231,0.17198058541513844,0.841135348932972,0.0,3535.3970120192366,0.14425770308123248,0.0,0.0,0.03385325000000039,0.0
random,1.2,19,1000,199,0.199,0.1437087483217656,0.8652919952747724,0.0,3048.1562966070906,0.12464985994397759,0.0,0.0,0.03345187499999991,0.0
random,1.2,20,1000,232,0.232,0.17074029536858504,0.8434241954007613,0.0,3698.995808474627,0.14245698279311725,0.0,0.0,0.033625874999999805,0.0
random,1.2,21,1000,214,0.214,0.1659951567666609,0.8499492723074469,0.0,3217.0609918080595,0.13085234093637454,0.0,0.0,0.03325758400000023,0.0
random,1.2,22,1000,199,0.199,0.14991568568483812,0.8601738473787424,0.0,2962.361040943554,0.12204881952781113,0.0,0.0,0.03209337500000009,0.0
random,1.2,23,1000,231,0.231,0.17551267417949304,0.8399856912786436,0.0,3572.658030702343,0.14145658263305322,0.0,0.0,0.03294891600000005,0.0
random,1.2,24,1000,225,0.225,0.1711055770454451,0.8431644624301933,0.0,3187.26645844421,0.14185674269707882,0.0,0.0,0.032545166999999875,0.0
random,1.2,25,1000,240,0.24,0.18344287557561004,0.8326174111427924,0.0,3752.1599835496913,0.1486594637855142,0.0,0.0,0.0334673750000003,0.0
random,1.2,26,1000,207,0.207,0.1548712947099309,0.8568141871624213,0.0,2841.4597117602298,0.12785114045618248,0.0,0.0,0.03364024999999993,0.0
random,1.2,27,1000,261,0.261,0.1905509527587448,0.8226573625245983,0.0,4307.428641203042,0.15866346538615447,0.0,0.0,0.06002112500000001,0.0
random,1.2,28,1000,223,0.223,0.1697325812261625,0.8449851077108963,0.0,3400.312843971678,0.13185274109643857,0.0,0.0,0.05599591700000017,0.0
random,1.2,29,1000,241,0.241,0.1696774320492346,0.8374781207741728,0.0,3642.1373005544324,0.14785914365746297,0.0,0.0,0.043702999999999825,0.0
random,1.2,30,1000,230,0.23,0.17715203852827574,0.8383324243217436,0.0,3752.0381510590864,0.140656262505002,0.0,0.0,0.03509508399999994,0.0
random,2.0,1,1666,386,0.23169267707082833,0.1714754002289799,0.8425759146289782,0.0,5836.828157464353,0.2392957182873149,0.0,0.0,0.06430587499999962,0.0
random,2.0,2,1666,406,0.24369747899159663,0.19035139846699511,0.8266710598770783,0.0,6283.624737432591,0.25650260104041617,0.0,0.0,0.06431604200000018,0.0
random,2.0,3,1666,382,0.22929171668667467,0.1710904061989255,0.8433133933658865,0.0,5850.307070346522,0.24049619847939174,0.0,0.0,0.06701975000000004,0.0
random,2.0,4,1666,351,0.21068427370948378,0.15180254846103952,0.8571645978589921,0.0,5323.044255723569,0.22108843537414966,0.0,0.0,0.06353537499999984,0.0
random,2.0,5,1666,377,0.2262905162064826,0.17426940809347383,0.8406200558721013,0.0,5853.402259626692,0.2382953181272509,0.0,0.0,0.06428729200000038,0.0
random,2.0,6,1666,382,0.22929171668667467,0.17073712360778182,0.8423722970776399,0.0,5985.63308469423,0.2336934773909564,0.0,0.0,0.06206220799999995,0.0
random,2.0,7,1666,387,0.23229291716686676,0.18402919160451178,0.8328499019344524,0.0,6068.097109580623,0.2452981192476991,0.0,0.0,0.062331374999999856,0.0
random,2.0,8,1666,387,0.23229291716686676,0.1803505025605359,0.8365187227219932,0.0,6021.2495776704545,0.24149659863945577,0.0,0.0,0.06463554199999999,0.0
random,2.0,9,1666,355,0.21308523409363744,0.15365322519457067,0.8566773217423931,0.0,5660.367864855679,0.21748699479791916,0.0,0.0,0.06299179200000005,0.0
random,2.0,10,1666,379,0.22749099639855944,0.16870755055514483,0.8411771096604221,0.0,5819.336331842741,0.23169267707082833,0.0,0.0,0.06330441700000033,0.0
random,2.0,11,1666,366,0.21968787515006002,0.1662933257634478,0.8471935516661939,0.0,5902.827243297073,0.22569027611044418,0.0,0.0,0.06220254199999964,0.0
random,2.0,12,1666,369,0.22148859543817526,0.16544300026705938,0.8455834547577459,0.0,5643.096525208594,0.2300920368147259,0.0,0.0,0.06797904200000016,0.0
random,2.0,13,1666,363,0.21788715486194477,0.16068713039873375,0.8491000106837414,0.0,5585.139081420489,0.22889155662264907,0.0,0.0,0.06309845899999988,0.0
random,2.0,14,1666,403,0.2418967587034814,0.18342669398176753,0.8311780541103446,0.0,6292.307767516558,0.25090036014405764,0.0,0.0,0.06489079199999992,0.0
random,2.0,15,1666,397,0.2382953181272509,0.18383870038946626,0.8304390265026622,0.0,5960.841507434456,0.2382953181272509,0.0,0.0,0.06298829099999992,0.0
random,2.0,16,1666,379,0.22749099639855944,0.17194213282301338,0.8426172949066364,0.0,5706.749649615751,0.23129251700680273,0.0,0.0,0.061895790999999534,0.0
random,2.0,17,1666,403,0.2418967587034814,0.18238389615518297,0.8322602856901584,0.0,6288.132633501716,0.24769907963185275,0.0,0.0,0.06414225000000062,0.0
random,2.0,18,1666,389,0.2334933973589436,0.166706372629522,0.8442563798401255,0.0,5956.583219087826,0.24309723889555823,0.0,0.0,0.06345341699999985,0.0
random,2.0,19,1666,380,0.22809123649459784,0.17415683857759467,0.8386629187840957,0.0,5737.259327596152,0.2336934773909564,0.0,0.0,0.06386208400000015,0.0
random,2.0,20,1666,379,0.22749099639855944,0.16912551523120345,0.841947529419419,0.0,6012.055004239866,0.24049619847939174,0.0,0.0,0.06519812499999933,0.0
random,2.0,21,1666,381,0.22869147659063627,0.17118849460466945,0.8416532809414408,0.0,5904.510548098608,0.23549419767907162,0.0,0.0,0.06448962499999933,0.0
random,2.0,22,1666,406,0.24369747899159663,0.1767035132314804,0.8341471903918123,0.0,6171.79735874658,0.2462985194077631,0.0,0.0,0.06466904199999934,0.0
random,2.0,23,1666,404,0.2424969987995198,0.17900034028304537,0.8334177983452009,0.0,6207.750922384328,0.24929971988795518,0.0,0.0,0.06403508400000035,0.0
random,2.0,24,1666,392,0.23529411764705882,0.1799346334128114,0.8353783732674194,0.0,6273.239026377272,0.23989595838335334,0.0,0.0,0.061546542000000315,0.0
random,2.0,25,1666,377,0.2262905162064826,0.17209866270077465,0.8435149485867861,0.0,5633.606756829308,0.2342937174869948,0.0,0.0,0.06132483299999958,0.0
random,2.0,26,1666,355,0.21308523409363744,0.16236485562662034,0.8509131327087613,0.0,5356.090940164471,0.21968787515006002,0.0,0.0,0.06233008400000006,0.0
random,2.0,27,1666,392,0.23529411764705882,0.17659055335947624,0.8375714053724459,0.0,6159.724863992142,0.24929971988795518,0.0,0.0,0.06305424999999953,0.0
random,2.0,28,1666,381,0.22869147659063627,0.18037519106063196,0.835486894931436,0.0,5547.236001747701,0.2300920368147259,0.0,0.0,0.063305583,0.0
random,2.0,29,1666,362,0.21728691476590636,0.16280537700867248,0.8494473722165254,0.0,5308.691294813963,0.218687474989996,0.0,0.0,0.06174983400000045,0.0
random,2.0,30,1666,383,0.2298919567827131,0.17593806395647887,0.8382971183215877,0.0,6092.319737200399,0.24049619847939174,0.0,0.0,0.18611566700000015,0.0
fifo,0.8,1,666,387,0.581081081081081,0.441499304863914,0.5930048612592493,0.0,6517.645865651134,0.2571028411364546,0.0,0.0,0.014541499999999985,0.0
fifo,0.8,2,666,404,0.6066066066066066,0.4456622960036451,0.5837883605508969,0.0,6829.528730940606,0.2655062024809924,0.0,0.0,0.014399833000000584,0.0
fifo,0.8,3,666,373,0.56006006006006,0.42353643784980094,0.614129982648778,0.0,6268.505000274448,0.2511004401760704,0.0,0.0,0.014298999999999396,0.0
fifo,0.8,4,666,392,0.5885885885885885,0.4439835918091142,0.5971706853216263,0.0,6634.852603282519,0.26750700280112044,0.0,0.0,0.01699262499999943,0.0
fifo,0.8,5,666,363,0.545045045045045,0.4289121561716698,0.6118698503136959,0.0,6247.534500584289,0.24989995998399359,0.0,0.0,0.016207957999999856,0.0
fifo,0.8,6,666,381,0.5720720720720721,0.43759585046989247,0.6012809980598881,0.0,6675.201724474212,0.24729891956782712,0.0,0.0,0.014489958000000414,0.0
fifo,0.8,7,666,373,0.56006006006006,0.41173822739732824,0.6179806353276944,0.0,6379.853211422529,0.24129651860744297,0.0,0.0,0.014579792000000147,0.0
fifo,0.8,8,666,382,0.5735735735735735,0.43670681598925387,0.6002109608104056,0.0,6219.817561366594,0.2545018007202881,0.0,0.0,0.015102834000000342,0.0
fifo,0.8,9,666,395,0.5930930930930931,0.4380510231555219,0.589246716989277,0.0,6871.906842473152,0.25770308123249297,0.0,0.0,0.014060916999999229,0.0
fifo,0.8,10,666,384,0.5765765765765766,0.4287132350769285,0.5984871885964296,0.0,6417.355874739709,0.251500600240096,0.0,0.0,0.014364708000000448,0.0
fifo,0.8,11,666,382,0.5735735735735735,0.4369486168816386,0.5998468268451935,0.0,6600.3621858184315,0.2627050820328131,0.0,0.0,0.014167374999999538,0.0
fifo,0.8,12,666,391,0.5870870870870871,0.4493371227752573,0.5904012592824199,0.0,6635.779435081677,0.25130052020808324,0.0,0.0,0.014166582999999733,0.0
fifo,0.8,13,666,370,0.5555555555555556,0.4281156225296244,0.6057024783845972,0.0,6129.131338999927,0.24469787915166066,0.0,0.0,0.014859207999999846,0.0
fifo,0.8,14,666,388,0.5825825825825826,0.44165519094919153,0.5942137766884372,0.0,6491.6697041100715,0.25930372148859543,0.0,0.0,0.01533895800000007,0.0
fifo,0.8,15,666,371,0.5570570570570571,0.4137481141223845,0.6163019104873546,0.0,6574.078281592203,0.24709883953581432,0.0,0.0,0.0145079999999993,0.0
fifo,0.8,16,666,402,0.6036036036036037,0.45052316117206337,0.5857595079933808,0.0,6587.452374533641,0.2581032412965186,0.0,0.0,0.014271458000000514,0.0
fifo,0.8,17,666,381,0.5720720720720721,0.4512714626899858,0.5931242814801232,0.0,6180.797625091441,0.25510204081632654,0.0,0.0,0.014045041000000147,0.0
fifo,0.8,18,666,382,0.5735735735735735,0.428669058772478,0.6074354642068602,0.0,6669.764483762402,0.25510204081632654,0.0,0.0,0.013999666000000133,0.0
fifo,0.8,19,666,392,0.5885885885885885,0.4666313699301811,0.5770482436187012,0.0,6912.677953675882,0.256702681072429,0.0,0.0,0.013893375000000319,0.0
fifo,0.8,20,666,396,0.5945945945945946,0.45218852984560254,0.5877588153961883,0.0,6773.06045091983,0.2657062825130052,0.0,0.0,0.014084290999999638,0.0
fifo,0.8,21,666,359,0.539039039039039,0.41441710503040535,0.6209638952291061,0.0,5996.92684396083,0.2519007603041217,0.0,0.0,0.014630624999999675,0.0
fifo,0.8,22,666,368,0.5525525525525525,0.42876603460072754,0.6046486738203944,0.0,5981.691957939051,0.24649859943977592,0.0,0.0,0.014141541000000757,0.0
fifo,0.8,23,666,379,0.5690690690690691,0.43850383300043744,0.5986768887051075,0.0,6553.790197904763,0.2462985194077631,0.0,0.0,0.014210041000000118,0.0
fifo,0.8,24,666,383,0.575075075075075,0.44051346699706573,0.5955251147585321,0.0,6449.43831728928,0.24769907963185275,0.0,0.0,0.015128541000000162,0.0
fifo,0.8,25,666,374,0.5615615615615616,0.4406680771260669,0.6002109928437755,0.0,6309.972798555892,0.24749899959983993,0.0,0.0,0.014902999999999444,0.0
fifo,0.8,26,666,387,0.581081081081081,0.43231520492190517,0.5977187358794229,0.0,6066.838550777469,0.2581032412965186,0.0,0.0,0.014034416000000327,0.0
fifo,0.8,27,666,392,0.5885885885885885,0.46327269947924604,0.577913475627281,0.0,6906.4272083363685,0.2553021208483393,0.0,0.0,0.014224333000000478,0.0
fifo,0.8,28,666,411,0.6171171171171171,0.4857046242683508,0.5619830923107314,0.0,6808.098368547525,0.2647058823529412,0.0,0.0,0.014255582999999739,0.0
fifo,0.8,29,666,373,0.56006006006006,0.43056956252960027,0.6023316898426649,0.0,6219.0965125887205,0.24349739895958383,0.0,0.0,0.01384216699999996,0.0
fifo,0.8,30,666,402,0.6036036036036037,0.4586039773154391,0.5777900957406743,0.0,6677.704998942218,0.27230892356942776,0.0,0.0,0.014210124999999962,0.0
fifo,1.2,1,1000,465,0.465,0.3611411288159437,0.6724270966752197,0.0,7683.711725482209,0.3077230892356943,0.0,0.0,0.02215558299999998,0.0
fifo,1.2,2,1000,467,0.467,0.34638136709358025,0.675843460745583,0.0,7908.736328240337,0.3161264505802321,0.0,0.0,0.021895917000000154,0.0
fifo,1.2,3,1000,482,0.482,0.3654094368905944,0.6655516758283728,0.0,8070.924849684484,0.31072428971588634,0.0,0.0,0.020966374999999537,0.0
fifo,1.2,4,1000,445,0.445,0.3459773276824632,0.6856177588427808,0.0,7304.306567402425,0.29671868747499,0.0,0.0,0.021121625000000144,0.0
fifo,1.2,5,1000,463,0.463,0.35426444883359737,0.676152830428228,0.0,7885.729007577168,0.3021208483393357,0.0,0.0,0.02140087500000032,0.0
fifo,1.2,6,1000,482,0.482,0.3568023470596514,0.6713753839383931,0.0,8287.643412405623,0.31072428971588634,0.0,0.0,0.02139379199999958,0.0
fifo,1.2,7,1000,463,0.463,0.3606089365786512,0.6723190686466516,0.0,7450.345326959825,0.3005202080832333,0.0,0.0,0.02091283399999977,0.0
fifo,1.2,8,1000,458,0.458,0.3508954394097796,0.6789606466049125,0.0,7651.127796016211,0.302921168467387,0.0,0.0,0.021057125000000454,0.0
fifo,1.2,9,1000,462,0.462,0.34131864465212186,0.6787749095686819,0.0,7723.302035200021,0.3043217286914766,0.0,0.0,0.021173458999999895,0.0
fifo,1.2,10,1000,449,0.449,0.33774787456783156,0.6853781465779052,0.0,7395.213818493233,0.29371748699479794,0.0,0.0,0.020976582999999493,0.0
fifo,1.2,11,1000,460,0.46,0.3504811013036038,0.6784467397072937,0.0,8047.69954451778,0.3093237294917967,0.0,0.0,0.020726124999999485,0.0
fifo,1.2,12,1000,490,0.49,0.3628542232170472,0.6669762380731561,0.0,8272.263735949171,0.32232893157262904,0.0,0.0,0.02143845900000052,0.0
fifo,1.2,13,1000,456,0.456,0.3522021454629425,0.6778094293100745,0.0,7533.04249669623,0.3021208483393357,0.0,0.0,0.020940082999999277,0.0
fifo,1.2,14,1000,466,0.466,0.35520678848530146,0.6749705087809565,0.0,7687.560623889386,0.3083233293317327,0.0,0.0,0.021295999999999538,0.0
fifo,1.2,15,1000,451,0.451,0.3507157974621834,0.6803828919605501,0.0,7617.736203320525,0.30272108843537415,0.0,0.0,0.021065958999999523,0.0
fifo,1.2,16,1000,477,0.477,0.36014923293642753,0.6682990253891383,0.0,7962.974902265148,0.30912364945978393,0.0,0.0,0.020924457999999646,0.0
fifo,1.2,17,1000,456,0.456,0.34848836129034916,0.6821390403522607,0.0,7781.811116942212,0.3055222088835534,0.0,0.0,0.021477207999999415,0.0
fifo,1.2,18,1000,473,0.473,0.3574956044722257,0.6739664046946214,0.0,8065.287999458716,0.30652260904361744,0.0,0.0,0.021294584000000505,0.0
fifo,1.2,19,1000,475,0.475,0.3610131819010393,0.6676755697679819,0.0,7735.213081878473,0.3129251700680272,0.0,0.0,0.02105429199999964,0.0
fifo,1.2,20,1000,458,0.458,0.34641919590315406,0.683039741042381,0.0,7728.72969947272,0.3043217286914766,0.0,0.0,0.021316291999999848,0.0
fifo,1.2,21,1000,437,0.437,0.3346970432278113,0.6928184338884646,0.0,7001.343688412368,0.2913165266106443,0.0,0.0,0.02097283300000008,0.0
fifo,1.2,22,1000,444,0.444,0.34331341540297344,0.6836850454546817,0.0,7179.771811248549,0.29511804721888757,0.0,0.0,0.0208039160000002,0.0
fifo,1.2,23,1000,454,0.454,0.33911207041954855,0.6887698771609787,0.0,7901.4985502800555,0.2891156462585034,0.0,0.0,0.02223437500000003,0.0
fifo,1.2,24,1000,465,0.465,0.3590350455485931,0.6712045651169756,0.0,7925.039192996867,0.3037214885954382,0.0,0.0,0.021057082999999643,0.0
fifo,1.2,25,1000,478,0.478,0.37303771745026354,0.662600330231139,0.0,8075.972909162479,0.3017206882753101,0.0,0.0,0.02134470799999999,0.0
fifo,1.2,26,1000,469,0.469,0.3620735788058703,0.6685967227495151,0.0,7647.7397719514365,0.30232092837134855,0.0,0.0,0.02124729099999989,0.0
fifo,1.2,27,1000,464,0.464,0.35143203979546855,0.6741374716065176,0.0,8292.62926141478,0.30232092837134855,0.0,0.0,0.021339459000000005,0.0
fifo,1.2,28,1000,485,0.485,0.37607614736233635,0.6579738809374824,0.0,8326.568472829042,0.31432573029211686,0.0,0.0,0.02144075000000001,0.0
fifo,1.2,29,1000,455,0.455,0.3477477440764493,0.6795529689765789,0.0,7438.785955779412,0.2999199679871949,0.0,0.0,0.021481832999999284,0.0
fifo,1.2,30,1000,477,0.477,0.3593553091073348,0.6697131590094814,0.0,8235.89128004315,0.3097238895558223,0.0,0.0,0.021337792000000633,0.0
fifo,2.0,1,1666,558,0.3349339735894358,0.2555697099844525,0.7672088550055098,0.0,8647.63664825298,0.3627450980392157,0.0,0.0,0.035333375000000444,0.0
fifo,2.0,2,1666,547,0.3283313325330132,0.24928112636349267,0.77175840949983,0.0,9080.702780051528,0.3565426170468187,0.0,0.0,0.03480829099999916,0.0
fifo,2.0,3,1666,581,0.3487394957983193,0.26717335940304354,0.756572355994465,0.0,9617.016278937805,0.3701480592236895,0.0,0.0,0.03495291700000003,0.0
fifo,2.0,4,1666,548,0.3289315726290516,0.25012093962951665,0.7711076313665366,0.0,9126.781134439902,0.3585434173669468,0.0,0.0,0.035285749999999894,0.0
fifo,2.0,5,1666,568,0.34093637454981995,0.26120374179357103,0.7614043525085399,0.0,9677.08097676095,0.3715486194477791,0.0,0.0,0.03465291700000073,0.0
fifo,2.0,6,1666,571,0.3427370948379352,0.2636580901794319,0.7581222399005678,0.0,10126.38327253919,0.36934773909563823,0.0,0.0,0.03485241699999975,0.0
fifo,2.0,7,1666,557,0.33433373349339734,0.2623877872322967,0.7625167756110041,0.0,9291.897373948133,0.37034813925570226,0.0,0.0,0.0350644580000008,0.0
fifo,2.0,8,1666,539,0.3235294117647059,0.24945287408639127,0.7724593574777983,0.0,9114.367102187194,0.3623449379751901,0.0,0.0,0.03719641700000054,0.0
fifo,2.0,9,1666,548,0.3289315726290516,0.2424952836830291,0.7737978511323433,0.0,9351.516785041906,0.3551420568227291,0.0,0.0,0.03498225000000055,0.0
fifo,2.0,10,1666,574,0.3445378151260504,0.25531505089595163,0.761785262568252,0.0,9500.18033118408,0.36574629851940776,0.0,0.0,0.03567325000000032,0.0
fifo,2.0,11,1666,572,0.3433373349339736,0.2632491335936568,0.7600594462277606,0.0,9765.751720260569,0.3731492597038816,0.0,0.0,0.035569540999999205,0.0
fifo,2.0,12,1666,588,0.35294117647058826,0.270854547739117,0.7519679945423992,0.0,9547.932539331356,0.38055222088835533,0.0,0.0,0.03582537499999994,0.0
fifo,2.0,13,1666,554,0.3325330132052821,0.2570172347182238,0.7651240895213036,0.0,9147.574188156006,0.36114445778311327,0.0,0.0,0.035327042000000475,0.0
fifo,2.0,14,1666,550,0.33013205282112845,0.25145011658106503,0.7697323102808162,0.0,9257.745198852754,0.3599439775910364,0.0,0.0,0.03553983299999963,0.0
fifo,2.0,15,1666,553,0.3319327731092437,0.2495452644241276,0.7696884468840126,0.0,9355.078228127952,0.3629451780712285,0.0,0.0,0.035574875000000006,0.0
fifo,2.0,16,1666,575,0.34513805522208885,0.2673367632628071,0.7551133903376401,0.0,9585.164709392064,0.3735494197679072,0.0,0.0,0.03577720799999895,0.0
fifo,2.0,17,1666,562,0.33733493397358943,0.25850698109522363,0.7636573003989016,0.0,9370.246053891218,0.3671468587434974,0.0,0.0,0.03561129200000046,0.0
fifo,2.0,18,1666,567,0.3403361344537815,0.2575038985805292,0.7662040338626752,0.0,9188.12316029789,0.3581432573029212,0.0,0.0,0.035280792000000005,0.0
fifo,2.0,19,1666,563,0.33793517406962786,0.2474158450845846,0.7697570278628214,0.0,9382.264730092531,0.3723489395758303,0.0,0.0,0.0357050000000001,0.0
fifo,2.0,20,1666,542,0.32533013205282113,0.24488000821303949,0.7747463310207052,0.0,9048.499210946391,0.36014405762304924,0.0,0.0,0.03802591600000049,0.0
fifo,2.0,21,1666,544,0.32653061224489793,0.24663124310856852,0.7736060234576667,0.0,8802.279248521785,0.3585434173669468,0.0,0.0,0.03615404199999972,0.0
fifo,2.0,22,1666,574,0.3445378151260504,0.25296182115747673,0.7621925057901755,0.0,9435.509575803013,0.3637454981992797,0.0,0.0,0.03626108300000119,0.0
fifo,2.0,23,1666,553,0.3319327731092437,0.2516141328390167,0.7680343425976917,0.0,9278.494432447755,0.3585434173669468,0.0,0.0,0.035841624999999766,0.0
fifo,2.0,24,1666,564,0.3385354141656663,0.2658845867078669,0.7597411646088932,0.0,9700.232793763706,0.36214485794317725,0.0,0.0,0.035617624999998654,0.0
fifo,2.0,25,1666,568,0.34093637454981995,0.26062302861842745,0.7621437904305917,0.0,9460.925903003572,0.3711484593837535,0.0,0.0,0.036162541999999576,0.0
fifo,2.0,26,1666,572,0.3433373349339736,0.26768536306171914,0.7547103616049333,0.0,10009.210910550606,0.36434573829531813,0.0,0.0,0.03556491700000031,0.0
fifo,2.0,27,1666,563,0.33793517406962786,0.25917780589105605,0.7614647530869041,0.0,9327.689237918636,0.36014405762304924,0.0,0.0,0.03539245900000054,0.0
fifo,2.0,28,1666,576,0.3457382953181273,0.2675428446565288,0.7565872313333957,0.0,9796.857146066262,0.3607442977190876,0.0,0.0,0.03558850000000113,0.0
fifo,2.0,29,1666,582,0.34933973589435774,0.2622883020316275,0.75701030073751,0.0,9410.351665304926,0.3705482192877151,0.0,0.0,0.0351874169999995,0.0
fifo,2.0,30,1666,551,0.3307322929171669,0.2512855624642112,0.7689419435270048,0.0,9413.331437602867,0.3619447779111645,0.0,0.0,0.035684665999999865,0.0
greedy,0.8,1,666,492,0.7387387387387387,0.5575862799500615,0.4823721164599337,0.0,8141.86805035601,0.3315326130452181,0.0,0.0,0.03993404100000042,0.0
greedy,0.8,2,666,495,0.7432432432432432,0.5509562945828053,0.4871507846472929,0.0,8307.093967111698,0.32593037214885956,0.0,0.0,0.03996029199999995,0.0
greedy,0.8,3,666,477,0.7162162162162162,0.5419336071423502,0.50472193570715,0.0,8181.98887434077,0.3161264505802321,0.0,0.0,0.03756474999999959,0.0
greedy,0.8,4,666,490,0.7357357357357357,0.5574840339615431,0.4936791050525673,0.0,8086.053850098343,0.33313325330132054,0.0,0.0,0.041427499999999284,0.0
greedy,0.8,5,666,490,0.7357357357357357,0.5752009796924602,0.4792145657060114,0.0,8280.207936449073,0.3269307723089236,0.0,0.0,0.038823167000000325,0.0
greedy,0.8,6,666,485,0.7282282282282282,0.5572984728189595,0.4919424530449048,0.0,8268.385326891854,0.31552621048419366,0.0,0.0,0.03831187499999977,0.0
greedy,0.8,7,666,494,0.7417417417417418,0.5459020966146901,0.4932066545201128,0.0,8338.180178623632,0.3231292517006803,0.0,0.0,0.03981054099999959,0.0
greedy,0.8,8,666,497,0.7462462462462462,0.568044914866396,0.4799194996732701,0.0,8065.926389304679,0.33093237294917965,0.0,0.0,0.03974429199999996,0.0
greedy,0.8,9,666,507,0.7612612612612613,0.5687918660780206,0.4677079086962468,0.0,8577.668381437607,0.3299319727891156,0.0,0.0,0.03869783399999882,0.0
greedy,0.8,10,666,488,0.7327327327327328,0.5423598157215431,0.4887365455475434,0.0,8207.293628133924,0.32192877150860344,0.0,0.0,0.038550374999999804,0.0
greedy,0.8,11,666,482,0.7237237237237237,0.5504668770633692,0.4959944908388252,0.0,8244.838549274757,0.3289315726290516,0.0,0.0,0.03858154200000108,0.0
greedy,0.8,12,666,487,0.7312312312312312,0.5574718900912858,0.49114173213095813,0.0,7999.723526617353,0.3159263705482193,0.0,0.0,0.04247525000000074,0.0
greedy,0.8,13,666,498,0.7477477477477478,0.5551751008241966,0.4812708148263918,0.0,8389.27000819437,0.3303321328531413,0.0,0.0,0.06761108299999918,0.0
greedy,0.8,14,666,486,0.7297297297297297,0.5464711975649583,0.4973542851440862,0.0,8237.646324718653,0.32713085234093636,0.0,0.0,0.04117020900000057,0.0
greedy,0.8,15,666,480,0.7207207207207207,0.5309114596259825,0.5074627006042007,0.0,8132.187501982074,0.3217286914765906,0.0,0.0,0.03771404200000106,0.0
greedy,0.8,16,666,488,0.7327327327327328,0.544094486340607,0.49908978746346544,0.0,7897.070055802752,0.31452581032412963,0.0,0.0,0.03669625000000032,0.0
greedy,0.8,17,666,479,0.7192192192192193,0.5511293388995269,0.4967861075331774,0.0,7709.774601984138,0.31932773109243695,0.0,0.0,0.03952249999999857,0.0
greedy,0.8,18,666,496,0.7447447447447447,0.5525761524207012,0.491585590937631,0.0,8518.626846276806,0.3323329331732693,0.0,0.0,0.03745929199999942,0.0
greedy,0.8,19,666,469,0.7042042042042042,0.5563813219771684,0.49622586976068983,0.0,8237.867187894435,0.30652260904361744,0.0,0.0,0.039412625000000645,0.0
greedy,0.8,20,666,493,0.7402402402402403,0.5663373688010563,0.48370552180665194,0.0,8387.94741050314,0.3273309323729492,0.0,0.0,0.03794266600000107,0.0
greedy,0.8,21,666,470,0.7057057057057057,0.5468522722683915,0.49977619967838116,0.0,7712.554654411817,0.321328531412565,0.0,0.0,0.03696208400000067,0.0
greedy,0.8,22,666,463,0.6951951951951952,0.54124465606096,0.505023054009907,0.0,7513.057847008879,0.3087234893957583,0.0,0.0,0.036878082999999506,0.0
greedy,0.8,23,666,484,0.7267267267267268,0.5540106859150418,0.492281347433984,0.0,8171.162773228172,0.31772709083633455,0.0,0.0,0.03609995800000121,0.0
greedy,0.8,24,666,490,0.7357357357357357,0.5640889265362375,0.4796908206937953,0.0,8296.027859367206,0.321328531412565,0.0,0.0,0.036679165999998986,0.0
greedy,0.8,25,666,474,0.7117117117117117,0.551211691526486,0.4986345781812458,0.0,7982.353462549164,0.31552621048419366,0.0,0.0,0.036833291000000656,0.0
greedy,0.8,26,666,490,0.7357357357357357,0.5526370323468486,0.48846272536293855,0.0,7740.798066398213,0.32753101240496196,0.0,0.0,0.04224862499999915,0.0
greedy,0.8,27,666,507,0.7612612612612613,0.585625086878841,0.4591314701698932,0.0,8812.236801199975,0.3325330132052821,0.0,0.0,0.04476250000000093,0.0
greedy,0.8,28,666,502,0.7537537537537538,0.5955498612967565,0.463670984521378,0.0,8240.984466212216,0.32553021208483396,0.0,0.0,0.039943208000000396,0.0
greedy,0.8,29,666,482,0.7237237237237237,0.5556476355182296,0.4876973534846143,0.0,7983.477156910185,0.3157262905162065,0.0,0.0,0.04207795900000022,0.0
greedy,0.8,30,666,480,0.7207207207207207,0.5543218408604614,0.4900442401023817,0.0,7859.330656751732,0.32553021208483396,0.0,0.0,0.0396466249999996,0.0
greedy,1.2,1,1000,669,0.669,0.5099037621605202,0.5345983001997243,0.0,10933.41857714688,0.4387755102040816,0.0,0.0,0.06492204199999918,0.0
greedy,1.2,2,1000,675,0.675,0.5042383293989001,0.5303767810807984,0.0,11335.43547617144,0.45138055222088835,0.0,0.0,0.06213920800000139,0.0
greedy,1.2,3,1000,706,0.706,0.522121080423083,0.5201872637938154,0.0,11669.190722284946,0.4601840736294518,0.0,0.0,0.0625193339999992,0.0
greedy,1.2,4,1000,656,0.656,0.5092493982276542,0.5362213033847605,0.0,10565.929236435588,0.4403761504601841,0.0,0.0,0.06167670900000033,0.0
greedy,1.2,5,1000,684,0.684,0.5190872406796538,0.5256856661883194,0.0,11501.359055987317,0.4503801520608243,0.0,0.0,0.06046891600000137,0.0
greedy,1.2,6,1000,669,0.669,0.5012625611846957,0.5395910518725602,0.0,11272.012518808653,0.430172068827531,0.0,0.0,0.05991537500000099,0.0
greedy,1.2,7,1000,661,0.661,0.5110458521541889,0.5325357709159249,0.0,10486.15761233636,0.42857142857142855,0.0,0.0,0.05932412499999984,0.0
greedy,1.2,8,1000,666,0.666,0.51055424868134,0.5343955880303464,0.0,10977.565984741757,0.4327731092436975,0.0,0.0,0.06042587500000174,0.0
greedy,1.2,9,1000,671,0.671,0.5010602603933152,0.5323958180170012,0.0,10904.385610786443,0.43897559023609445,0.0,0.0,0.06043329100000072,0.0
greedy,1.2,10,1000,655,0.655,0.4833492008381926,0.5442793492641669,0.0,11053.012420322315,0.4305722288915566,0.0,0.0,0.0596055419999999,0.0
greedy,1.2,11,1000,661,0.661,0.49925926688792516,0.5409719183483566,0.0,11131.715297387316,0.44277711084433774,0.0,0.0,0.05913125000000008,0.0
greedy,1.2,12,1000,688,0.688,0.5158972832745631,0.5254215528938355,0.0,11104.79240139998,0.4535814325730292,0.0,0.0,0.06437929199999992,0.0
greedy,1.2,13,1000,671,0.671,0.5121175576779277,0.5294865896446319,0.0,11048.693611763296,0.4361744697879152,0.0,0.0,0.059104167000000984,0.0
greedy,1.2,14,1000,676,0.676,0.5082949407816948,0.5340425081044549,0.0,11378.624741948173,0.44617847138855543,0.0,0.0,0.06129845800000133,0.0
greedy,1.2,15,1000,674,0.674,0.5074774618515123,0.5270814133518478,0.0,11043.29217353482,0.4489795918367347,0.0,0.0,0.060238958999999426,0.0
greedy,1.2,16,1000,683,0.683,0.5110186255865389,0.528552202169368,0.0,11184.841659942957,0.4417767106842737,0.0,0.0,0.059640584000000274,0.0
greedy,1.2,17,1000,683,0.683,0.521448447897553,0.5243381729748064,0.0,11381.26811641689,0.4495798319327731,0.0,0.0,0.06166854200000138,0.0
greedy,1.2,18,1000,698,0.698,0.5189624374595782,0.5230677698421196,0.0,11591.509254906532,0.4605842336934774,0.0,0.0,0.06283354199999991,0.0
greedy,1.2,19,1000,670,0.67,0.4989769150344975,0.5367603754744752,0.0,10868.443040316934,0.43897559023609445,0.0,0.0,0.061972332999999935,0.0
greedy,1.2,20,1000,689,0.689,0.5188061757216118,0.5208911571572581,0.0,11621.816045741674,0.4497799119647859,0.0,0.0,0.06097679200000172,0.0
greedy,1.2,21,1000,672,0.672,0.5198814916233846,0.5269849055357794,0.0,10761.421971899052,0.4417767106842737,0.0,0.0,0.060643749999998775,0.0
greedy,1.2,22,1000,645,0.645,0.4935386699434158,0.5463551726889897,0.0,10373.611132303744,0.4177671068427371,0.0,0.0,0.0611403329999991,0.0
greedy,1.2,23,1000,698,0.698,0.5248617631922002,0.5193871865629607,0.0,11416.727841987082,0.45098039215686275,0.0,0.0,0.060634499999999036,0.0
greedy,1.2,24,1000,670,0.67,0.5161129810124325,0.5271282946595728,0.0,11295.345859832865,0.4379751900760304,0.0,0.0,0.05996183299999913,0.0
greedy,1.2,25,1000,665,0.665,0.5063252955429464,0.5392525288697525,0.0,10978.266761830324,0.4283713485394158,0.0,0.0,0.06053883299999896,0.0
greedy,1.2,26,1000,673,0.673,0.5142420484091582,0.5290702131945786,0.0,10799.631582747994,0.44017607042817125,0.0,0.0,0.06055324999999989,0.0
greedy,1.2,27,1000,706,0.706,0.5324285791309623,0.5049666430099546,0.0,12053.312858548734,0.4567827130852341,0.0,0.0,0.06167816600000009,0.0
greedy,1.2,28,1000,687,0.687,0.5320758597526833,0.5153307919755425,0.0,11430.578497005408,0.4379751900760304,0.0,0.0,0.06108333299999913,0.0
greedy,1.2,29,1000,683,0.683,0.5190284834065787,0.5212869181779289,0.0,10866.942629521394,0.4409763905562225,0.0,0.0,0.06020729200000119,0.0
greedy,1.2,30,1000,681,0.681,0.5089082564184247,0.5329310020762976,0.0,11603.66469116758,0.4411764705882353,0.0,0.0,0.06057012499999992,0.0
greedy,2.0,1,1666,997,0.5984393757503002,0.45260654908151193,0.58542666231444,0.0,15435.946331084146,0.6486594637855142,0.0,0.0,0.11412991599999955,0.0
greedy,2.0,2,1666,998,0.5990396158463386,0.4613509619456739,0.5774997335877805,0.0,16326.275100715675,0.641656662665066,0.0,0.0,0.11382500000000029,0.0
greedy,2.0,3,1666,1025,0.6152460984393757,0.4587044737074822,0.5772325472467115,0.0,16450.105494409607,0.6580632252901161,0.0,0.0,0.11724674999999962,0.0
greedy,2.0,4,1666,977,0.5864345738295318,0.4483447082057636,0.5886316153199014,0.0,15703.556378975809,0.6364545818327331,0.0,0.0,0.11704091699999886,0.0
greedy,2.0,5,1666,991,0.5948379351740696,0.4513014571759115,0.5879834627026814,0.0,16326.388918505598,0.6452581032412965,0.0,0.0,0.12474833400000129,0.0
greedy,2.0,6,1666,1015,0.6092436974789915,0.46504758563309845,0.5737765401730479,0.0,16640.05022523828,0.6500600240096038,0.0,0.0,0.1257890830000008,0.0
greedy,2.0,7,1666,975,0.5852340936374549,0.45458234460537544,0.5850590838976912,0.0,15804.81890216987,0.6372549019607843,0.0,0.0,0.14560200000000023,0.0
greedy,2.0,8,1666,993,0.5960384153661464,0.45468627333780065,0.5843558943175036,0.0,16184.19881816155,0.6484593837535014,0.0,0.0,0.22285187499999992,0.0
greedy,2.0,9,1666,980,0.5882352941176471,0.4335942045139607,0.5953161591657565,0.0,15664.284411680568,0.6306522609043618,0.0,0.0,0.13399608299999954,0.0
greedy,2.0,10,1666,1002,0.6014405762304922,0.4524503771885709,0.581290163184822,0.0,16142.341405944682,0.6412565026010404,0.0,0.0,0.12336441599999937,0.0
greedy,2.0,11,1666,989,0.5936374549819928,0.4501678578758177,0.5872075832198793,0.0,16240.725628734755,0.6378551420568227,0.0,0.0,0.11280387500000089,0.0
greedy,2.0,12,1666,1007,0.6044417767106842,0.4619200074683483,0.5766050865037311,0.0,16255.040409659277,0.6524609843937575,0.0,0.0,0.11686904200000114,0.0
greedy,2.0,13,1666,1001,0.6008403361344538,0.4539544189752586,0.5810383567628832,0.0,16101.2401004061,0.6408563425370148,0.0,0.0,0.11415050000000093,0.0
greedy,2.0,14,1666,984,0.5906362545018007,0.4482663851931249,0.5883936884309,0.0,16521.14221332838,0.6364545818327331,0.0,0.0,0.11532375000000172,0.0
greedy,2.0,15,1666,1001,0.6008403361344538,0.4576655990283644,0.578499502106695,0.0,16100.955763771952,0.6468587434973989,0.0,0.0,0.12350545800000035,0.0
greedy,2.0,16,1666,1012,0.6074429771908764,0.462636711669507,0.5762909131860463,0.0,16254.5902482693,0.6470588235294118,0.0,0.0,0.12005349999999737,0.0
greedy,2.0,17,1666,1008,0.6050420168067226,0.45907916384643976,0.5795411680278029,0.0,16233.996170904633,0.6454581832733093,0.0,0.0,0.12510741700000239,0.0
greedy,2.0,18,1666,1022,0.6134453781512605,0.45636365007963087,0.5804411752896397,0.0,16590.158692442168,0.6554621848739496,0.0,0.0,0.12289345800000007,0.0
greedy,2.0,19,1666,984,0.5906362545018007,0.448141789639466,0.5881868419736689,0.0,16033.492675847485,0.6294517807122849,0.0,0.0,0.11661933300000271,0.0
greedy,2.0,20,1666,1002,0.6014405762304922,0.44790729140174984,0.5843222224026723,0.0,16645.824071486237,0.650860344137655,0.0,0.0,0.13143329100000045,0.0
greedy,2.0,21,1666,989,0.5936374549819928,0.44771950593617,0.5889457425752473,0.0,15819.867961977963,0.6388555422168868,0.0,0.0,0.12474187500000156,0.0
greedy,2.0,22,1666,991,0.5948379351740696,0.4403676065430316,0.5879737191909669,0.0,16036.7613684954,0.6240496198479392,0.0,0.0,0.12515704200000144,0.0
greedy,2.0,23,1666,996,0.5978391356542617,0.4500849015286169,0.5850792381061904,0.0,16292.192602988018,0.6356542617046819,0.0,0.0,0.12040162499999951,0.0
greedy,2.0,24,1666,977,0.5864345738295318,0.4509343079036854,0.589412439704543,0.0,16612.097266945722,0.632452981192477,0.0,0.0,0.11631820799999915,0.0
greedy,2.0,25,1666,995,0.5972388955582233,0.4503832601804395,0.5877927676897381,0.0,16146.781527359206,0.6418567426970788,0.0,0.0,0.11998075000000341,0.0
greedy,2.0,26,1666,988,0.5930372148859544,0.4493220838429421,0.5861226913263609,0.0,16246.188435269238,0.6436574629851941,0.0,0.0,0.11603362500000003,0.0
greedy,2.0,27,1666,1009,0.6056422569027611,0.46224971575625,0.5754231360079398,0.0,16573.65867348256,0.6516606642657062,0.0,0.0,0.11563108300000025,0.0
greedy,2.0,28,1666,1020,0.6122448979591837,0.48011077071204583,0.5640416556187948,0.0,16587.129341412092,0.633453381352541,0.0,0.0,0.11913241700000299,0.0
greedy,2.0,29,1666,1008,0.6050420168067226,0.4572953939443432,0.5787706610433871,0.0,15990.314611765094,0.6374549819927972,0.0,0.0,0.18222604099999984,0.0
greedy,2.0,30,1666,993,0.5960384153661464,0.4591806124182771,0.580406968933646,0.0,16037.588351748933,0.6410564225690276,0.0,0.0,0.13000479200000115,0.0
