strategy,rho,seed,effort,n_requests,n_satisfied,success_rate,jains_index,gini,worst_decile_utility,social_welfare,utilization,illegal_allocation_rate,parse_failure_rate,decision_latency_s,cost_usd
random,0.8,1,n/a,192,53,0.2760416666666667,0.20706843724322047,0.8092457395217205,0.0,777.0692125981802,0.11041666666666666,0.0,0.0,0.007090166999999981,0.0
random,0.8,2,n/a,192,40,0.20833333333333334,0.17610708749993773,0.8411725722316874,0.0,649.2010302679807,0.08611111111111111,0.0,0.0,0.005799667000000008,0.0
random,0.8,3,n/a,192,53,0.2760416666666667,0.22365538616917188,0.7967592631632516,0.0,749.5333701320285,0.11736111111111111,0.0,0.0,0.00555991699999997,0.0
random,0.8,4,n/a,192,48,0.25,0.17316193623660073,0.8395592960099478,0.0,677.9135420093684,0.10416666666666667,0.0,0.0,0.005849624999999969,0.0
random,0.8,5,n/a,192,49,0.2552083333333333,0.1796990277834161,0.8290211094431268,0.0,740.3177198924058,0.11319444444444444,0.0,0.0,0.005959625000000024,0.0
random,0.8,6,n/a,192,44,0.22916666666666666,0.17041131444727806,0.8398640675305846,0.0,671.3264928216495,0.10416666666666667,0.0,0.0,0.005951833999999989,0.0
random,0.8,7,n/a,192,48,0.25,0.19656138356087366,0.8192279616536626,0.0,664.6253090547413,0.09930555555555555,0.0,0.0,0.005752084000000046,0.0
random,0.8,8,n/a,192,43,0.22395833333333334,0.1581214961513614,0.8514314222285415,0.0,641.9409402169297,0.10208333333333333,0.0,0.0,0.005620999999999987,0.0
random,0.8,9,n/a,192,46,0.23958333333333334,0.17802521867897145,0.8369251719169257,0.0,679.11007250552,0.10138888888888889,0.0,0.0,0.00572824999999999,0.0
random,0.8,10,n/a,192,45,0.234375,0.19090275449912392,0.8289879853167825,0.0,686.0447280582728,0.09027777777777778,0.0,0.0,0.005503667000000045,0.0
random,0.8,11,n/a,192,42,0.21875,0.16928499119938636,0.8427174754901265,0.0,591.2518734443679,0.09236111111111112,0.0,0.0,0.005364083999999991,0.0
random,0.8,12,n/a,192,44,0.22916666666666666,0.17085074004006318,0.843660519474144,0.0,735.1282030090182,0.09583333333333334,0.0,0.0,0.00587220799999999,0.0
random,0.8,13,n/a,192,38,0.19791666666666666,0.14799820599577304,0.8615512617882466,0.0,542.8655442853329,0.07361111111111111,0.0,0.0,0.005376249999999971,0.0
random,0.8,14,n/a,192,46,0.23958333333333334,0.1814101151036749,0.8345953201745189,0.0,761.0474515477546,0.09861111111111111,0.0,0.0,0.005679957999999985,0.0
random,0.8,15,n/a,192,53,0.2760416666666667,0.22214035059139953,0.8010764649020798,0.0,936.2397202001303,0.1125,0.0,0.0,0.005662584000000026,0.0
random,0.8,16,n/a,192,47,0.24479166666666666,0.1778198660903027,0.8364149782111348,0.0,716.1839228406798,0.10486111111111111,0.0,0.0,0.005511874999999999,0.0
random,0.8,17,n/a,192,56,0.2916666666666667,0.2208391058504113,0.796788948135245,0.0,851.7017527613283,0.12777777777777777,0.0,0.0,0.0058261660000000215,0.0
random,0.8,18,n/a,192,45,0.234375,0.19063232104272648,0.8284966596227519,0.0,696.4094405388978,0.09513888888888888,0.0,0.0,0.005609083999999986,0.0
random,0.8,19,n/a,192,48,0.25,0.19461846651230244,0.8256026041389037,0.0,699.0462634361239,0.10625,0.0,0.0,0.005723999999999951,0.0
random,0.8,20,n/a,192,41,0.21354166666666666,0.183545116239314,0.8357968243237657,0.0,677.2449937984702,0.08333333333333333,0.0,0.0,0.005551708000000044,0.0
random,0.8,21,n/a,192,46,0.23958333333333334,0.1906831272837567,0.8262863545898926,0.0,645.0527810366798,0.10555555555555556,0.0,0.0,0.005540624999999966,0.0
random,0.8,22,n/a,192,49,0.2552083333333333,0.21151359946168138,0.8095184833304678,0.0,692.9691264656931,0.09791666666666667,0.0,0.0,0.0055890419999999885,0.0
random,0.8,23,n/a,192,42,0.21875,0.17738724037502324,0.8382515081667343,0.0,666.1735298278244,0.09097222222222222,0.0,0.0,0.005781417000000011,0.0
random,0.8,24,n/a,192,45,0.234375,0.1680228670385495,0.8360939822561504,0.0,605.2560478220274,0.09722222222222222,0.0,0.0,0.005469542000000049,0.0
random,0.8,25,n/a,192,42,0.21875,0.16765258845094844,0.8469348030694759,0.0,594.2735719822332,0.08888888888888889,0.0,0.0,0.005571957999999988,0.0
random,0.8,26,n/a,192,42,0.21875,0.18339261885068636,0.8350851696015253,0.0,622.2233553284354,0.09097222222222222,0.0,0.0,0.005628250000000001,0.0
random,0.8,27,n/a,192,41,0.21354166666666666,0.15316214338733386,0.8558224449368286,0.0,695.9491944630295,0.09166666666666666,0.0,0.0,0.005598125000000009,0.0
random,0.8,28,n/a,192,48,0.25,0.2007111587700768,0.8191053627728593,0.0,766.5514773797046,0.10625,0.0,0.0,0.005540458000000026,0.0
random,0.8,29,n/a,192,37,0.19270833333333334,0.164771318965239,0.8509016895663732,0.0,626.2147429907444,0.0763888888888889,0.0,0.0,0.005432541999999985,0.0
random,0.8,30,n/a,192,39,0.203125,0.1657206203958649,0.8516229795098362,0.0,670.5236174669429,0.08680555555555555,0.0,0.0,0.005380708000000012,0.0
random,0.8,31,n/a,192,41,0.21354166666666666,0.1667917976220625,0.8470608245116362,0.0,597.0027485036826,0.07916666666666666,0.0,0.0,0.0054315000000000335,0.0
random,0.8,32,n/a,192,48,0.25,0.187833578420505,0.8258636991028683,0.0,689.7025336344664,0.10208333333333333,0.0,0.0,0.005680833999999968,0.0
random,0.8,33,n/a,192,46,0.23958333333333334,0.16413626844401075,0.8474606374432931,0.0,706.342815548935,0.10069444444444445,0.0,0.0,0.005645917000000056,0.0
random,0.8,34,n/a,192,45,0.234375,0.18428544376991185,0.8324940384949717,0.0,679.0875113734292,0.08958333333333333,0.0,0.0,0.005454999999999988,0.0
random,0.8,35,n/a,192,56,0.2916666666666667,0.20274523547899448,0.8012779389123523,0.0,850.8358953887789,0.13194444444444445,0.0,0.0,0.005667207999999979,0.0
random,0.8,36,n/a,192,30,0.15625,0.11800335291042804,0.8903915026424107,0.0,431.0719960415148,0.06458333333333334,0.0,0.0,0.005457209000000018,0.0
random,0.8,37,n/a,192,47,0.24479166666666666,0.18497180075431388,0.8313568969109155,0.0,688.5620113905867,0.10347222222222222,0.0,0.0,0.005523749999999938,0.0
random,0.8,38,n/a,192,36,0.1875,0.13828771961857356,0.8754944611972604,0.0,658.0061945267507,0.07777777777777778,0.0,0.0,0.005625875000000002,0.0
random,0.8,39,n/a,192,49,0.2552083333333333,0.1914369381258038,0.8227655045566458,0.0,781.7771788860107,0.10833333333333334,0.0,0.0,0.005588833000000015,0.0
random,0.8,40,n/a,192,40,0.20833333333333334,0.1502594549899553,0.8610977787277698,0.0,653.8026986564688,0.08125,0.0,0.0,0.005523958999999912,0.0
random,0.8,41,n/a,192,45,0.234375,0.1877299218247956,0.8306274328592296,0.0,672.1687799113045,0.10277777777777777,0.0,0.0,0.005881583000000079,0.0
random,0.8,42,n/a,192,34,0.17708333333333334,0.13883876088702576,0.8737856854469972,0.0,600.7725356488764,0.07361111111111111,0.0,0.0,0.005641875000000018,0.0
random,0.8,43,n/a,192,50,0.2604166666666667,0.20396008153248626,0.8149504476653149,0.0,745.8546352113018,0.11666666666666667,0.0,0.0,0.005555666000000015,0.0
random,0.8,44,n/a,192,58,0.3020833333333333,0.22589836870368485,0.7953635708448408,0.0,888.6688152580138,0.12638888888888888,0.0,0.0,0.0057158330000000035,0.0
random,0.8,45,n/a,192,50,0.2604166666666667,0.19633201879546722,0.8183535259840538,0.0,749.5095078344547,0.10694444444444444,0.0,0.0,0.005532874999999993,0.0
random,0.8,46,n/a,192,38,0.19791666666666666,0.14841665374228263,0.8641137522988582,0.0,631.6909350888011,0.07847222222222222,0.0,0.0,0.005425416999999988,0.0
random,0.8,47,n/a,192,47,0.24479166666666666,0.18998376833235653,0.8246194719179778,0.0,730.3622199359037,0.10555555555555556,0.0,0.0,0.005545499999999981,0.0
random,0.8,48,n/a,192,35,0.18229166666666666,0.1437545427409571,0.8693576758615906,0.0,588.3874826774959,0.06597222222222222,0.0,0.0,0.005543916999999898,0.0
random,0.8,49,n/a,192,45,0.234375,0.17370234827331305,0.8389711823829435,0.0,662.6823952192602,0.10277777777777777,0.0,0.0,0.005588625000000014,0.0
random,0.8,50,n/a,192,46,0.23958333333333334,0.18651515080688807,0.8296473531208262,0.0,642.1980685841726,0.10555555555555556,0.0,0.0,0.005488458000000085,0.0
random,0.8,51,n/a,192,36,0.1875,0.14669577373895537,0.865441106785827,0.0,653.8910774577092,0.07847222222222222,0.0,0.0,0.005624000000000073,0.0
random,0.8,52,n/a,192,42,0.21875,0.17666307844973425,0.8411494059922822,0.0,663.9048386746073,0.09236111111111112,0.0,0.0,0.005736167000000014,0.0
random,0.8,53,n/a,192,49,0.2552083333333333,0.1908553786438895,0.8173412494530836,0.0,746.6718318873552,0.10972222222222222,0.0,0.0,0.005842416999999989,0.0
random,0.8,54,n/a,192,39,0.203125,0.15091679660775642,0.8608746994934335,0.0,603.7240143514786,0.08472222222222223,0.0,0.0,0.005549250000000061,0.0
random,0.8,55,n/a,192,41,0.21354166666666666,0.17677482112440876,0.839318778632606,0.0,614.8883595774236,0.0798611111111111,0.0,0.0,0.005992334000000099,0.0
random,0.8,56,n/a,192,39,0.203125,0.15696936779070716,0.8551308140387424,0.0,647.8428445171782,0.0798611111111111,0.0,0.0,0.005240833999999972,0.0
random,0.8,57,n/a,192,47,0.24479166666666666,0.17968345970516117,0.8325151294522177,0.0,710.8688863683614,0.09861111111111111,0.0,0.0,0.0053954999999999975,0.0
random,0.8,58,n/a,192,50,0.2604166666666667,0.20398834538253882,0.813774354957258,0.0,817.1879474722684,0.11180555555555556,0.0,0.0,0.005560125000000027,0.0
random,0.8,59,n/a,192,39,0.203125,0.13897227730041817,0.8671348943869905,0.0,705.0524835092605,0.08263888888888889,0.0,0.0,0.005258334000000087,0.0
random,0.8,60,n/a,192,42,0.21875,0.1442255725429887,0.8604894152528482,0.0,676.42483633107,0.09375,0.0,0.0,0.005476833999999986,0.0
random,1.2,1,n/a,288,72,0.25,0.18344573247212562,0.8265803762358006,0.0,1079.5380974507882,0.1486111111111111,0.0,0.0,0.008727624999999906,0.0
random,1.2,2,n/a,288,55,0.1909722222222222,0.15155401195998602,0.8606539665864901,0.0,916.8882165413121,0.12430555555555556,0.0,0.0,0.008951166999999982,0.0
random,1.2,3,n/a,288,70,0.24305555555555555,0.18631593770082275,0.8272682371446678,0.0,1009.73289185504,0.14722222222222223,0.0,0.0,0.008999875000000102,0.0
random,1.2,4,n/a,288,62,0.2152777777777778,0.1615139553856538,0.8503814445276374,0.0,874.8583093478372,0.13680555555555557,0.0,0.0,0.008774583000000113,0.0
random,1.2,5,n/a,288,68,0.2361111111111111,0.18637160179907722,0.8318416111884659,0.0,1030.9980016776142,0.14166666666666666,0.0,0.0,0.008916792000000173,0.0
random,1.2,6,n/a,288,71,0.2465277777777778,0.1948673468945991,0.8240715874468825,0.0,1068.6384012434064,0.14444444444444443,0.0,0.0,0.008906832999999947,0.0
random,1.2,7,n/a,288,78,0.2708333333333333,0.2042111983313836,0.8144340229860434,0.0,1206.9705713298365,0.17083333333333334,0.0,0.0,0.008683999999999914,0.0
random,1.2,8,n/a,288,65,0.22569444444444445,0.16017748150849218,0.8473696552715875,0.0,916.2921351890396,0.14097222222222222,0.0,0.0,0.008336958000000116,0.0
random,1.2,9,n/a,288,72,0.25,0.1711636818901485,0.8387871502694366,0.0,1082.2035014984729,0.15347222222222223,0.0,0.0,0.009044542000000044,0.0
random,1.2,10,n/a,288,68,0.2361111111111111,0.18481245163405055,0.8319814791060498,0.0,1141.3247933134755,0.1423611111111111,0.0,0.0,0.00883162500000001,0.0
random,1.2,11,n/a,288,66,0.22916666666666666,0.17621861785933782,0.838544634838496,0.0,946.1612624413498,0.14583333333333334,0.0,0.0,0.009161874999999986,0.0
random,1.2,12,n/a,288,68,0.2361111111111111,0.17777282067179007,0.8381729183416582,0.0,1087.7883381520653,0.1423611111111111,0.0,0.0,0.008895125000000004,0.0
random,1.2,13,n/a,288,63,0.21875,0.16601992529574963,0.84356237955749,0.0,914.722966353628,0.1326388888888889,0.0,0.0,0.010958500000000093,0.0
random,1.2,14,n/a,288,61,0.21180555555555555,0.15027478434716152,0.8589591209268399,0.0,907.822665967606,0.13194444444444445,0.0,0.0,0.008547333000000101,0.0
random,1.2,15,n/a,288,53,0.1840277777777778,0.11749430590731205,0.8826367332927119,0.0,875.1801426277036,0.11805555555555555,0.0,0.0,0.008529874999999798,0.0
random,1.2,16,n/a,288,41,0.1423611111111111,0.10185104744402901,0.9037463433087798,0.0,690.3150721888409,0.08541666666666667,0.0,0.0,0.00844062499999998,0.0
random,1.2,17,n/a,288,68,0.2361111111111111,0.17857997752045682,0.8383015103917997,0.0,1072.5808905689262,0.1423611111111111,0.0,0.0,0.008599333000000042,0.0
random,1.2,18,n/a,288,69,0.23958333333333334,0.18727134329960907,0.8302823927595344,0.0,1121.9127403704142,0.14722222222222223,0.0,0.0,0.008481458999999969,0.0
random,1.2,19,n/a,288,70,0.24305555555555555,0.20048033785862712,0.8200668963856521,0.0,1204.2152705940618,0.14444444444444443,0.0,0.0,0.009356249999999955,0.0
random,1.2,20,n/a,288,65,0.22569444444444445,0.1781853874038228,0.8371024809595689,0.0,1069.5218749931144,0.13333333333333333,0.0,0.0,0.008307290999999939,0.0
random,1.2,21,n/a,288,63,0.21875,0.1698672329457659,0.8459095288205423,0.0,949.2540212438486,0.14027777777777778,0.0,0.0,0.008708042000000082,0.0
random,1.2,22,n/a,288,63,0.21875,0.16978404202263375,0.8447656307532023,0.0,870.2733415182222,0.13194444444444445,0.0,0.0,0.00835683399999998,0.0
random,1.2,23,n/a,288,65,0.22569444444444445,0.16087604478744402,0.842704011891569,0.0,1092.5836132996242,0.12916666666666668,0.0,0.0,0.008631416000000058,0.0
random,1.2,24,n/a,288,65,0.22569444444444445,0.1642866798382898,0.8466031877454054,0.0,1133.7390997107823,0.13958333333333334,0.0,0.0,0.008547083999999927,0.0
random,1.2,25,n/a,288,59,0.2048611111111111,0.15486263365366384,0.855943535634345,0.0,886.506991919996,0.12083333333333333,0.0,0.0,0.008189084000000069,0.0
random,1.2,26,n/a,288,58,0.2013888888888889,0.15747046620083707,0.8564106882065441,0.0,840.8647930556981,0.13472222222222222,0.0,0.0,0.008148999999999962,0.0
random,1.2,27,n/a,288,70,0.24305555555555555,0.18364112567771632,0.8272355173431312,0.0,1126.3973107724905,0.1527777777777778,0.0,0.0,0.008615333000000058,0.0
random,1.2,28,n/a,288,68,0.2361111111111111,0.19365656905671258,0.8257818948024456,0.0,950.8634679138733,0.14722222222222223,0.0,0.0,0.008466375000000026,0.0
random,1.2,29,n/a,288,64,0.2222222222222222,0.176125776320857,0.8370758961913549,0.0,898.2167515496443,0.13402777777777777,0.0,0.0,0.008190000000000142,0.0
random,1.2,30,n/a,288,64,0.2222222222222222,0.17312961069213698,0.8435227859111338,0.0,950.9823864532141,0.14375,0.0,0.0,0.008218708000000019,0.0
random,1.2,31,n/a,288,64,0.2222222222222222,0.18352824436161963,0.8358457333855454,0.0,969.7328562523624,0.1375,0.0,0.0,0.008312958000000092,0.0
random,1.2,32,n/a,288,54,0.1875,0.14224600326930362,0.8689884107493719,0.0,798.2373905392019,0.11527777777777778,0.0,0.0,0.00832387499999987,0.0
random,1.2,33,n/a,288,70,0.24305555555555555,0.18580967832009715,0.8303080281472885,0.0,1199.0817211622013,0.15694444444444444,0.0,0.0,0.008490833000000197,0.0
random,1.2,34,n/a,288,59,0.2048611111111111,0.166445682454224,0.8507418831837688,0.0,971.1754298068423,0.12361111111111112,0.0,0.0,0.00835000000000008,0.0
random,1.2,35,n/a,288,57,0.19791666666666666,0.1444082543310396,0.8668202942426255,0.0,800.0354505397522,0.11319444444444444,0.0,0.0,0.008374166999999932,0.0
random,1.2,36,n/a,288,64,0.2222222222222222,0.16875134503391945,0.8463279572417663,0.0,982.1449071792975,0.13680555555555557,0.0,0.0,0.008485666999999975,0.0
random,1.2,37,n/a,288,72,0.25,0.19271281850497213,0.8224001749673693,0.0,957.8164171839867,0.16041666666666668,0.0,0.0,0.008829208999999949,0.0
random,1.2,38,n/a,288,83,0.2881944444444444,0.21062314933991427,0.80318273960392,0.0,1475.0462352729849,0.17708333333333334,0.0,0.0,0.008622499999999977,0.0
random,1.2,39,n/a,288,62,0.2152777777777778,0.15236117992021475,0.8547292782137212,0.0,1044.9544775258953,0.1388888888888889,0.0,0.0,0.00873008300000011,0.0
random,1.2,40,n/a,288,79,0.2743055555555556,0.20292854416178874,0.8142715703566064,0.0,1199.926970707807,0.17222222222222222,0.0,0.0,0.008657332999999934,0.0
random,1.2,41,n/a,288,68,0.2361111111111111,0.16289383522886183,0.8431512512685861,0.0,984.9322193366831,0.14027777777777778,0.0,0.0,0.008859084000000017,0.0
random,1.2,42,n/a,288,64,0.2222222222222222,0.15551958442964026,0.8533284051913739,0.0,1145.0476830731618,0.1388888888888889,0.0,0.0,0.00892874999999993,0.0
random,1.2,43,n/a,288,62,0.2152777777777778,0.14609669697332844,0.8648867519751451,0.0,1003.1105212953324,0.13819444444444445,0.0,0.0,0.008258958000000094,0.0
random,1.2,44,n/a,288,81,0.28125,0.22303633790037655,0.7959352245903706,0.0,1177.455742237048,0.17083333333333334,0.0,0.0,0.00873400000000002,0.0
random,1.2,45,n/a,288,76,0.2638888888888889,0.19100573126350945,0.8209710876195373,0.0,1015.8024162287799,0.16319444444444445,0.0,0.0,0.008420875000000105,0.0
random,1.2,46,n/a,288,67,0.2326388888888889,0.16830460885024845,0.8431140040520835,0.0,1089.7907002676113,0.1451388888888889,0.0,0.0,0.008500457999999878,0.0
random,1.2,47,n/a,288,62,0.2152777777777778,0.15563279458563514,0.8549885522988954,0.0,919.5101672662823,0.12986111111111112,0.0,0.0,0.008523500000000128,0.0
random,1.2,48,n/a,288,68,0.2361111111111111,0.1848176916046223,0.8271245310518338,0.0,1005.0782507172887,0.14652777777777778,0.0,0.0,0.008561792000000068,0.0
random,1.2,49,n/a,288,71,0.2465277777777778,0.19383758450116817,0.819480007313973,0.0,980.6501601007295,0.1527777777777778,0.0,0.0,0.008166040999999957,0.0
random,1.2,50,n/a,288,67,0.2326388888888889,0.1712904500002308,0.8369647135876335,0.0,971.0739373754125,0.14652777777777778,0.0,0.0,0.00835416599999994,0.0
random,1.2,51,n/a,288,75,0.2604166666666667,0.2068385590589692,0.814937876735673,0.0,1116.6146664868045,0.16666666666666666,0.0,0.0,0.008337500000000109,0.0
random,1.2,52,n/a,288,71,0.2465277777777778,0.1901746281635536,0.8268745267222886,0.0,1205.21076825386,0.15416666666666667,0.0,0.0,0.008441582999999975,0.0
random,1.2,53,n/a,288,63,0.21875,0.16470208695523195,0.8491139325078716,0.0,986.5388355546363,0.1361111111111111,0.0,0.0,0.008490583000000163,0.0
random,1.2,54,n/a,288,66,0.22916666666666666,0.16168768969398564,0.8461402374781053,0.0,1022.336183246835,0.1423611111111111,0.0,0.0,0.008856624999999951,0.0
random,1.2,55,n/a,288,70,0.24305555555555555,0.18466878512277413,0.8296305512499973,0.0,1048.5511730601222,0.14444444444444443,0.0,0.0,0.009046332999999906,0.0
random,1.2,56,n/a,288,54,0.1875,0.13937324324390146,0.8738419178656895,0.0,827.4618420439731,0.11736111111111111,0.0,0.0,0.008894458999999966,0.0
random,1.2,57,n/a,288,70,0.24305555555555555,0.1831263394135119,0.8308194313413335,0.0,1092.4928617698695,0.15,0.0,0.0,0.009015582999999827,0.0
random,1.2,58,n/a,288,61,0.21180555555555555,0.17756715713972568,0.8406835041560454,0.0,1012.2411117061158,0.1284722222222222,0.0,0.0,0.008947832999999905,0.0
random,1.2,59,n/a,288,71,0.2465277777777778,0.1905246034587217,0.823971129448315,0.0,1088.9195152211628,0.15069444444444444,0.0,0.0,0.00902912499999986,0.0
random,1.2,60,n/a,288,56,0.19444444444444445,0.13553191442793158,0.8728545154878624,0.0,877.1821816286247,0.12222222222222222,0.0,0.0,0.00860712500000016,0.0
random,2.0,1,n/a,480,111,0.23125,0.19029031014381917,0.8289542345838383,0.0,1673.5475360151152,0.23541666666666666,0.0,0.0,0.015062249999999944,0.0
random,2.0,2,n/a,480,106,0.22083333333333333,0.17516325226853716,0.8406915491744147,0.0,1777.9791803024036,0.23819444444444443,0.0,0.0,0.01478333300000001,0.0
random,2.0,3,n/a,480,121,0.2520833333333333,0.19621008810117826,0.8212073910263005,0.0,1751.0074273593764,0.26805555555555555,0.0,0.0,0.014689791000000119,0.0
random,2.0,4,n/a,480,96,0.2,0.149982982934703,0.8626792790935347,0.0,1605.024616447533,0.2048611111111111,0.0,0.0,0.014159166999999862,0.0
random,2.0,5,n/a,480,117,0.24375,0.18210427666105283,0.8334749918125144,0.0,1843.7521512478704,0.24027777777777778,0.0,0.0,0.014626334000000352,0.0
random,2.0,6,n/a,480,97,0.20208333333333334,0.1477335294247808,0.8629828909331536,0.0,1606.6050093626175,0.1986111111111111,0.0,0.0,0.01536445800000008,0.0
random,2.0,7,n/a,480,113,0.23541666666666666,0.17173990300934577,0.8399389792285319,0.0,1631.1725986092674,0.25069444444444444,0.0,0.0,0.014586124999999672,0.0
random,2.0,8,n/a,480,104,0.21666666666666667,0.16982389681344195,0.8440583992946966,0.0,1472.0657166306498,0.23541666666666666,0.0,0.0,0.014561500000000116,0.0
random,2.0,9,n/a,480,114,0.2375,0.16810129435400958,0.842647361038664,0.0,1633.1180673772863,0.2326388888888889,0.0,0.0,0.015355165999999976,0.0
random,2.0,10,n/a,480,112,0.23333333333333334,0.18145170196053706,0.8338634355300154,0.0,1733.5948125257037,0.2375,0.0,0.0,0.014459958999999856,0.0
random,2.0,11,n/a,480,117,0.24375,0.17210284677317947,0.8377506274098674,0.0,1844.395365517191,0.24166666666666667,0.0,0.0,0.014933874999999652,0.0
random,2.0,12,n/a,480,116,0.24166666666666667,0.17972602327937062,0.833297772814036,0.0,1793.5415478654459,0.2423611111111111,0.0,0.0,0.014496666999999963,0.0
random,2.0,13,n/a,480,128,0.26666666666666666,0.18887517487395042,0.820207307503598,0.0,2101.953751189802,0.2847222222222222,0.0,0.0,0.015442874999999745,0.0
random,2.0,14,n/a,480,120,0.25,0.17936475597673537,0.834757063337453,0.0,1907.6484797072555,0.27361111111111114,0.0,0.0,0.015105667000000267,0.0
random,2.0,15,n/a,480,110,0.22916666666666666,0.15732098770216207,0.8448940169536148,0.0,1805.5294205936807,0.2534722222222222,0.0,0.0,0.014581666000000215,0.0
random,2.0,16,n/a,480,100,0.20833333333333334,0.16450031677203675,0.8511440504971977,0.0,1485.338483688186,0.21388888888888888,0.0,0.0,0.014294000000000029,0.0
random,2.0,17,n/a,480,121,0.2520833333333333,0.19016467625398759,0.8248801287374838,0.0,1946.9429458723814,0.2722222222222222,0.0,0.0,0.014963874999999849,0.0
random,2.0,18,n/a,480,103,0.21458333333333332,0.15953404310046065,0.8493610545781809,0.0,1499.519114855711,0.21666666666666667,0.0,0.0,0.014272749999999945,0.0
random,2.0,19,n/a,480,107,0.22291666666666668,0.16933066709987313,0.8436762758939509,0.0,1604.7534295784687,0.24097222222222223,0.0,0.0,0.014409125000000245,0.0
random,2.0,20,n/a,480,118,0.24583333333333332,0.19981346872051184,0.8191493449455389,0.0,1761.0147995599086,0.24444444444444444,0.0,0.0,0.014567292000000176,0.0
random,2.0,21,n/a,480,107,0.22291666666666668,0.1683321059428311,0.8455191867265199,0.0,1591.7830191916457,0.23194444444444445,0.0,0.0,0.014601708999999907,0.0
random,2.0,22,n/a,480,107,0.22291666666666668,0.1732897887488525,0.8433127415517703,0.0,1640.6880925583605,0.23125,0.0,0.0,0.014134084000000158,0.0
random,2.0,23,n/a,480,113,0.23541666666666666,0.18466206192716753,0.8329215486088473,0.0,1672.1051937732252,0.24513888888888888,0.0,0.0,0.014859749999999838,0.0
random,2.0,24,n/a,480,102,0.2125,0.16425256301194222,0.8494768697954815,0.0,1389.4764326513084,0.22291666666666668,0.0,0.0,0.014481541999999958,0.0
random,2.0,25,n/a,480,93,0.19375,0.15524646543058196,0.8594411223383651,0.0,1534.0433950998793,0.2013888888888889,0.0,0.0,0.014578124999999886,0.0
random,2.0,26,n/a,480,106,0.22083333333333333,0.17003754994872847,0.8468396572417014,0.0,1447.155106328182,0.23055555555555557,0.0,0.0,0.01476691600000013,0.0
random,2.0,27,n/a,480,117,0.24375,0.1774908210143176,0.8282358153690217,0.0,2007.9006189285847,0.25555555555555554,0.0,0.0,0.014591707999999759,0.0
random,2.0,28,n/a,480,116,0.24166666666666667,0.19188838421832255,0.8257510848371985,0.0,1633.2565638659614,0.23472222222222222,0.0,0.0,0.0149862500000002,0.0
random,2.0,29,n/a,480,106,0.22083333333333333,0.1680830497228067,0.8450353241743207,0.0,1675.4361020634622,0.21805555555555556,0.0,0.0,0.014465624999999704,0.0
random,2.0,30,n/a,480,122,0.25416666666666665,0.1990718958519447,0.8196692102805676,0.0,1958.570124803503,0.2638888888888889,0.0,0.0,0.015383749999999807,0.0
random,2.0,31,n/a,480,104,0.21666666666666667,0.16653177295928132,0.8485106719467237,0.0,1800.253662303436,0.23055555555555557,0.0,0.0,0.01553387500000003,0.0
random,2.0,32,n/a,480,110,0.22916666666666666,0.1710284792744454,0.840725278466409,0.0,1611.0537825090269,0.23194444444444445,0.0,0.0,0.014921833999999912,0.0
random,2.0,33,n/a,480,119,0.24791666666666667,0.1980544924386635,0.8215399554378064,0.0,1755.6889478108465,0.26319444444444445,0.0,0.0,0.014783999999999686,0.0
random,2.0,34,n/a,480,105,0.21875,0.17358918908749857,0.8422240303000228,0.0,1639.266254115921,0.22152777777777777,0.0,0.0,0.014543500000000265,0.0
random,2.0,35,n/a,480,104,0.21666666666666667,0.16238018410575836,0.847374830011737,0.0,1564.3980573928247,0.23541666666666666,0.0,0.0,0.014513833999999726,0.0
random,2.0,36,n/a,480,109,0.22708333333333333,0.1630911920756046,0.846707440160432,0.0,1675.000556244739,0.23402777777777778,0.0,0.0,0.014869875000000032,0.0
random,2.0,37,n/a,480,111,0.23125,0.18544605159483027,0.8337322977017547,0.0,1862.7760653935654,0.23402777777777778,0.0,0.0,0.014313833000000109,0.0
random,2.0,38,n/a,480,117,0.24375,0.1880033417397978,0.8266833729796901,0.0,1664.3989206162205,0.2743055555555556,0.0,0.0,0.014915041000000073,0.0
random,2.0,39,n/a,480,118,0.24583333333333332,0.17991758434806274,0.8341056302187373,0.0,1922.346646270706,0.25833333333333336,0.0,0.0,0.014891333000000007,0.0
random,2.0,40,n/a,480,106,0.22083333333333333,0.16070075610210538,0.8490232546960004,0.0,1535.5698776826075,0.22916666666666666,0.0,0.0,0.014640166000000399,0.0
random,2.0,41,n/a,480,109,0.22708333333333333,0.17728908140685604,0.8378019563539667,0.0,1678.6542695546793,0.22152777777777777,0.0,0.0,0.01505204200000021,0.0
random,2.0,42,n/a,480,118,0.24583333333333332,0.1838092006063776,0.8308987986106315,0.0,1890.7226523191928,0.25069444444444444,0.0,0.0,0.01612683299999995,0.0
random,2.0,43,n/a,480,111,0.23125,0.16600925768951866,0.8433096069930164,0.0,1694.3009639457598,0.2534722222222222,0.0,0.0,0.0157019169999999,0.0
random,2.0,44,n/a,480,119,0.24791666666666667,0.1878714224662166,0.8272196420270701,0.0,1886.7743609831546,0.25069444444444444,0.0,0.0,0.015871915999999597,0.0
random,2.0,45,n/a,480,119,0.24791666666666667,0.18742323320730492,0.8242098247448153,0.0,1695.5183020265995,0.27708333333333335,0.0,0.0,0.015917625000000157,0.0
random,2.0,46,n/a,480,97,0.20208333333333334,0.15784618034814013,0.8577384865033912,0.0,1599.5525657596427,0.225,0.0,0.0,0.015713332999999885,0.0
random,2.0,47,n/a,480,91,0.18958333333333333,0.1545464102793105,0.8590380707891812,0.0,1405.8020199770463,0.20625,0.0,0.0,0.015739250000000204,0.0
random,2.0,48,n/a,480,108,0.225,0.171192158626692,0.8433103010009633,0.0,1650.6256944604124,0.23333333333333334,0.0,0.0,0.015787125000000124,0.0
random,2.0,49,n/a,480,94,0.19583333333333333,0.15233195891495707,0.8609185113987823,0.0,1428.1796899094766,0.20347222222222222,0.0,0.0,0.014726667000000138,0.0
random,2.0,50,n/a,480,108,0.225,0.16685533968152458,0.841798623507354,0.0,1623.8080300479014,0.23958333333333334,0.0,0.0,0.014870457999999864,0.0
random,2.0,51,n/a,480,92,0.19166666666666668,0.13955904989623683,0.8701389113866453,0.0,1399.9403885639363,0.18958333333333333,0.0,0.0,0.015029167000000232,0.0
random,2.0,52,n/a,480,97,0.20208333333333334,0.15810685611967787,0.8580926879619528,0.0,1415.2786489459859,0.22013888888888888,0.0,0.0,0.015378624999999868,0.0
random,2.0,53,n/a,480,104,0.21666666666666667,0.16586014670726934,0.8466982396979374,0.0,1643.709964656394,0.22777777777777777,0.0,0.0,0.01533966600000003,0.0
random,2.0,54,n/a,480,114,0.2375,0.18445733906081005,0.8323272788266656,0.0,1760.6019250748818,0.22916666666666666,0.0,0.0,0.014432499999999848,0.0
random,2.0,55,n/a,480,126,0.2625,0.19268424282120442,0.8217009237264052,0.0,1968.9441242302805,0.2722222222222222,0.0,0.0,0.015142540999999898,0.0
random,2.0,56,n/a,480,117,0.24375,0.18915294680487235,0.8276453189198643,0.0,1831.4982003341256,0.2652777777777778,0.0,0.0,0.015202291000000034,0.0
random,2.0,57,n/a,480,108,0.225,0.1693034994982836,0.8422114112805674,0.0,1571.7718164614676,0.2465277777777778,0.0,0.0,0.015468166999999866,0.0
random,2.0,58,n/a,480,115,0.23958333333333334,0.17738523805085615,0.835381011795449,0.0,1718.5993601567145,0.26319444444444445,0.0,0.0,0.015561417000000244,0.0
random,2.0,59,n/a,480,110,0.22916666666666666,0.17391519002258474,0.8398723386189402,0.0,1741.5799078232199,0.23680555555555555,0.0,0.0,0.016057458000000135,0.0
random,2.0,60,n/a,480,105,0.21875,0.1610925058306117,0.8512938122162894,0.0,1526.1149279940419,0.22361111111111112,0.0,0.0,0.015206582999999885,0.0
fifo,0.8,1,n/a,192,110,0.5729166666666666,0.4261559371114714,0.6108221675294228,0.0,1882.9883229189195,0.2465277777777778,0.0,0.0,0.004034250000000128,0.0
fifo,0.8,2,n/a,192,111,0.578125,0.43650656023376855,0.5923499451758303,0.0,1843.1004630232871,0.24861111111111112,0.0,0.0,0.004209207999999798,0.0
fifo,0.8,3,n/a,192,111,0.578125,0.45963359654875713,0.5836192483840685,0.0,1989.2675339895327,0.25277777777777777,0.0,0.0,0.0037315829999999828,0.0
fifo,0.8,4,n/a,192,110,0.5729166666666666,0.4411235343417547,0.5978721179228388,0.0,1723.8694046768937,0.24583333333333332,0.0,0.0,0.003952291999999691,0.0
fifo,0.8,5,n/a,192,93,0.484375,0.33607279390175876,0.6766445307434175,0.0,1417.2411514103387,0.2326388888888889,0.0,0.0,0.004141249999999985,0.0
fifo,0.8,6,n/a,192,104,0.5416666666666666,0.40599552072304396,0.6179107699590067,0.0,1809.8599441729853,0.24722222222222223,0.0,0.0,0.00403333299999975,0.0
fifo,0.8,7,n/a,192,101,0.5260416666666666,0.4052786277150509,0.6252072105755793,0.0,1572.9287082122,0.22083333333333333,0.0,0.0,0.004050499999999957,0.0
fifo,0.8,8,n/a,192,98,0.5104166666666666,0.40813769123254867,0.632203091617527,0.0,1674.3899738402129,0.23125,0.0,0.0,0.003781290999999687,0.0
fifo,0.8,9,n/a,192,99,0.515625,0.3990248373147668,0.6356556301728191,0.0,1675.3903941310455,0.22916666666666666,0.0,0.0,0.003993165999999881,0.0
fifo,0.8,10,n/a,192,106,0.5520833333333334,0.41301268238550104,0.6235922979112865,0.0,1740.2774313723687,0.22916666666666666,0.0,0.0,0.0038968329999997664,0.0
fifo,0.8,11,n/a,192,121,0.6302083333333334,0.4802802592042778,0.5612595650999563,0.0,2076.351353953699,0.2625,0.0,0.0,0.003958291000000003,0.0
fifo,0.8,12,n/a,192,105,0.546875,0.42263255844948105,0.6170163888199003,0.0,1724.8886153308736,0.23819444444444443,0.0,0.0,0.004111167000000027,0.0
fifo,0.8,13,n/a,192,104,0.5416666666666666,0.4308811216942136,0.6131693968916723,0.0,1540.8369871005812,0.2263888888888889,0.0,0.0,0.0038423750000000645,0.0
fifo,0.8,14,n/a,192,107,0.5572916666666666,0.43146533875596604,0.6059010330340346,0.0,1766.935905848068,0.25,0.0,0.0,0.0039110410000002815,0.0
fifo,0.8,15,n/a,192,109,0.5677083333333334,0.45853054482964056,0.5857772248155697,0.0,1938.0762970584424,0.24513888888888888,0.0,0.0,0.003792875000000251,0.0
fifo,0.8,16,n/a,192,100,0.5208333333333334,0.4046166936873704,0.6293225210080513,0.0,1672.4603527927077,0.23055555555555557,0.0,0.0,0.0037407499999999594,0.0
fifo,0.8,17,n/a,192,109,0.5677083333333334,0.42843236856450106,0.6107764019061652,0.0,1874.6767541939803,0.23958333333333334,0.0,0.0,0.003922875000000214,0.0
fifo,0.8,18,n/a,192,105,0.546875,0.4085722417528728,0.623929847575299,0.0,1779.0809882909139,0.22708333333333333,0.0,0.0,0.0038586669999998158,0.0
fifo,0.8,19,n/a,192,112,0.5833333333333334,0.46862156905469116,0.5756151957296005,0.0,1800.9960571114052,0.2423611111111111,0.0,0.0,0.004004083999999963,0.0
fifo,0.8,20,n/a,192,109,0.5677083333333334,0.42915899797917706,0.6089907526750358,0.0,1826.0139901687508,0.24513888888888888,0.0,0.0,0.003831165999999886,0.0
fifo,0.8,21,n/a,192,111,0.578125,0.45411717890717734,0.5871537876343143,0.0,1730.025469177275,0.2534722222222222,0.0,0.0,0.0038518340000002205,0.0
fifo,0.8,22,n/a,192,102,0.53125,0.43487097481086984,0.6077272403335181,0.0,1672.9990250972205,0.23680555555555555,0.0,0.0,0.0038265419999996553,0.0
fifo,0.8,23,n/a,192,111,0.578125,0.4677821406627889,0.5809117025349022,0.0,1856.0706086515092,0.25972222222222224,0.0,0.0,0.0038394170000000116,0.0
fifo,0.8,24,n/a,192,107,0.5572916666666666,0.4282289214163299,0.604063338531035,0.0,1746.1850598481649,0.24305555555555555,0.0,0.0,0.003925500000000248,0.0
fifo,0.8,25,n/a,192,106,0.5520833333333334,0.4208582521261855,0.6160315134929182,0.0,1799.0631475251412,0.24930555555555556,0.0,0.0,0.003909166999999769,0.0
fifo,0.8,26,n/a,192,97,0.5052083333333334,0.4115127536617385,0.6309102537243598,0.0,1632.8205804180848,0.22291666666666668,0.0,0.0,0.0038658330000003183,0.0
fifo,0.8,27,n/a,192,96,0.5,0.3844036726946322,0.648613200064817,0.0,1711.9167906206935,0.22013888888888888,0.0,0.0,0.003932124999999953,0.0
fifo,0.8,28,n/a,192,94,0.4895833333333333,0.39180460403499173,0.6459558362613405,0.0,1489.3950468127211,0.21805555555555556,0.0,0.0,0.003979833000000266,0.0
fifo,0.8,29,n/a,192,101,0.5260416666666666,0.40392221432394576,0.6339421681856177,0.0,1693.608107125221,0.23819444444444443,0.0,0.0,0.0038585419999996873,0.0
fifo,0.8,30,n/a,192,107,0.5572916666666666,0.42975952414228996,0.6085685244536345,0.0,1801.4669227456413,0.2611111111111111,0.0,0.0,0.003968207999999862,0.0
fifo,0.8,31,n/a,192,99,0.515625,0.3826262666287837,0.6524336410208005,0.0,1584.2356879958465,0.2298611111111111,0.0,0.0,0.003842000000000123,0.0
fifo,0.8,32,n/a,192,118,0.6145833333333334,0.49708688737154205,0.5503178733166978,0.0,1930.6066973054296,0.26666666666666666,0.0,0.0,0.003957624999999965,0.0
fifo,0.8,33,n/a,192,108,0.5625,0.423151861621827,0.6113667134058034,0.0,1721.3237279193147,0.24166666666666667,0.0,0.0,0.0037809159999997455,0.0
fifo,0.8,34,n/a,192,99,0.515625,0.4062362668494895,0.6303015126755298,0.0,1650.654012825045,0.23472222222222222,0.0,0.0,0.003971665999999985,0.0
fifo,0.8,35,n/a,192,111,0.578125,0.43532771184313096,0.5993337107961856,0.0,2036.9284320309455,0.26805555555555555,0.0,0.0,0.003801208000000056,0.0
fifo,0.8,36,n/a,192,113,0.5885416666666666,0.44952989494449935,0.5896930021271676,0.0,1873.470601517505,0.26319444444444445,0.0,0.0,0.0038693749999998417,0.0
fifo,0.8,37,n/a,192,108,0.5625,0.43135756401899505,0.6092365644621665,0.0,1818.7458350966785,0.2388888888888889,0.0,0.0,0.003907959000000183,0.0
fifo,0.8,38,n/a,192,98,0.5104166666666666,0.38140617260862897,0.6427163861304241,0.0,1710.4508878304935,0.2520833333333333,0.0,0.0,0.0037644589999996647,0.0
fifo,0.8,39,n/a,192,98,0.5104166666666666,0.36833653345335327,0.6611029506101065,0.0,1585.2942371324064,0.2423611111111111,0.0,0.0,0.003827792000000052,0.0
fifo,0.8,40,n/a,192,107,0.5572916666666666,0.4145272379440658,0.6072829840754876,0.0,1961.457592259645,0.22361111111111112,0.0,0.0,0.003741832999999861,0.0
fifo,0.8,41,n/a,192,105,0.546875,0.42150722187494105,0.6197692694488037,0.0,1796.5199152817395,0.23055555555555557,0.0,0.0,0.003844457999999662,0.0
fifo,0.8,42,n/a,192,102,0.53125,0.4204921047983002,0.6189702888223774,0.0,1827.1513765520522,0.21597222222222223,0.0,0.0,0.0038084160000000367,0.0
fifo,0.8,43,n/a,192,109,0.5677083333333334,0.41729168743173006,0.6184096919819406,0.0,1718.9045985534503,0.25416666666666665,0.0,0.0,0.003819874999999584,0.0
fifo,0.8,44,n/a,192,118,0.6145833333333334,0.4699023664726655,0.571650000014613,0.0,2214.171003649866,0.2652777777777778,0.0,0.0,0.0039715839999998614,0.0
fifo,0.8,45,n/a,192,95,0.4947916666666667,0.37086298370083565,0.6596803065456636,0.0,1595.9819341981465,0.21597222222222223,0.0,0.0,0.0036775829999999843,0.0
fifo,0.8,46,n/a,192,98,0.5104166666666666,0.40085883282858503,0.6374783803925206,0.0,1664.2121954199197,0.225,0.0,0.0,0.0037607090000002508,0.0
fifo,0.8,47,n/a,192,96,0.5,0.37203855727474955,0.660840702009315,0.0,1583.002789526626,0.22430555555555556,0.0,0.0,0.0036834169999999666,0.0
fifo,0.8,48,n/a,192,116,0.6041666666666666,0.45115771172473224,0.5859667531525172,0.0,1883.0777933296108,0.27569444444444446,0.0,0.0,0.003819333000000036,0.0
fifo,0.8,49,n/a,192,114,0.59375,0.42992601464299396,0.6072599721455203,0.0,1936.402888285957,0.2604166666666667,0.0,0.0,0.0038519169999999825,0.0
fifo,0.8,50,n/a,192,109,0.5677083333333334,0.42570234933576995,0.6118399507210883,0.0,1764.82047886448,0.24513888888888888,0.0,0.0,0.005709083999999809,0.0
fifo,0.8,51,n/a,192,111,0.578125,0.45247654020692313,0.5829405532019589,0.0,1920.9204943793252,0.2423611111111111,0.0,0.0,0.003991749999999961,0.0
fifo,0.8,52,n/a,192,95,0.4947916666666667,0.3544706140759046,0.6728827809344069,0.0,1553.4257651420141,0.22708333333333333,0.0,0.0,0.003902749999999955,0.0
fifo,0.8,53,n/a,192,108,0.5625,0.41573862288418983,0.6118953721640084,0.0,1846.0679553743726,0.25625,0.0,0.0,0.0038940420000002085,0.0
fifo,0.8,54,n/a,192,105,0.546875,0.42131500914270215,0.6129275730133104,0.0,1993.1031327185142,0.22847222222222222,0.0,0.0,0.0038798340000001375,0.0
fifo,0.8,55,n/a,192,103,0.5364583333333334,0.4127914867519689,0.6228387638682173,0.0,1628.9064487762637,0.22847222222222222,0.0,0.0,0.0037898749999998316,0.0
fifo,0.8,56,n/a,192,102,0.53125,0.40053285143219947,0.6363661771526292,0.0,1766.413832292541,0.24097222222222223,0.0,0.0,0.003866750000000252,0.0
fifo,0.8,57,n/a,192,114,0.59375,0.46279332121119254,0.5770354089964975,0.0,1995.6909118032308,0.27291666666666664,0.0,0.0,0.003980916999999806,0.0
fifo,0.8,58,n/a,192,93,0.484375,0.3673202749522645,0.6652280583961592,0.0,1669.270096664137,0.22083333333333333,0.0,0.0,0.0038417920000002326,0.0
fifo,0.8,59,n/a,192,107,0.5572916666666666,0.4419709447448639,0.6015755400376408,0.0,1819.0924115215803,0.2520833333333333,0.0,0.0,0.003802333000000324,0.0
fifo,0.8,60,n/a,192,119,0.6197916666666666,0.44909749550755,0.5823404912086745,0.0,1886.7296437342004,0.2673611111111111,0.0,0.0,0.0037908749999999714,0.0
fifo,1.2,1,n/a,288,126,0.4375,0.3212055910559239,0.7013426649137315,0.0,2020.979283725152,0.28888888888888886,0.0,0.0,0.005753416999999317,0.0
fifo,1.2,2,n/a,288,129,0.4479166666666667,0.31543576642547716,0.7047501735502075,0.0,2139.1291230567963,0.3076388888888889,0.0,0.0,0.005769832999999558,0.0
fifo,1.2,3,n/a,288,133,0.4618055555555556,0.35394929242554807,0.6806115632387428,0.0,2037.1131187718036,0.2972222222222222,0.0,0.0,0.005870208000000154,0.0
fifo,1.2,4,n/a,288,121,0.4201388888888889,0.3246280284740341,0.701280345244433,0.0,2119.4946472274655,0.2722222222222222,0.0,0.0,0.0056075829999997495,0.0
fifo,1.2,5,n/a,288,122,0.4236111111111111,0.3370023773392109,0.6960202028420353,0.0,2106.8795308570607,0.2986111111111111,0.0,0.0,0.005588125000000055,0.0
fifo,1.2,6,n/a,288,128,0.4444444444444444,0.34612576921570687,0.6855549907249419,0.0,2071.3852963036516,0.3,0.0,0.0,0.00578245899999974,0.0
fifo,1.2,7,n/a,288,133,0.4618055555555556,0.34340600415088807,0.6835859957592858,0.0,2258.5812399212514,0.29583333333333334,0.0,0.0,0.005852540999999434,0.0
fifo,1.2,8,n/a,288,134,0.4652777777777778,0.34320078616690625,0.6794461466832518,0.0,2159.2541566442765,0.29583333333333334,0.0,0.0,0.006250957999999862,0.0
fifo,1.2,9,n/a,288,136,0.4722222222222222,0.361086899990708,0.6657450073684625,0.0,2270.5192237840442,0.30833333333333335,0.0,0.0,0.005715416999999334,0.0
fifo,1.2,10,n/a,288,132,0.4583333333333333,0.32649132973812367,0.6970097428846049,0.0,2274.056467449096,0.28541666666666665,0.0,0.0,0.005748999999999782,0.0
fifo,1.2,11,n/a,288,139,0.4826388888888889,0.3620622927256356,0.6682962740299387,0.0,2305.8066192063816,0.31875,0.0,0.0,0.005739541999999709,0.0
fifo,1.2,12,n/a,288,134,0.4652777777777778,0.3431810532889901,0.6839116651897059,0.0,2257.7773788109835,0.30277777777777776,0.0,0.0,0.006189167000000495,0.0
fifo,1.2,13,n/a,288,123,0.4270833333333333,0.3423670668292215,0.6921619106713766,0.0,2021.7559710376395,0.27152777777777776,0.0,0.0,0.005796999999999386,0.0
fifo,1.2,14,n/a,288,124,0.4305555555555556,0.31479962597084166,0.7092051256292384,0.0,2011.5465452080527,0.2916666666666667,0.0,0.0,0.005731625000000129,0.0
fifo,1.2,15,n/a,288,130,0.4513888888888889,0.3182663005760797,0.6937518608759448,0.0,2179.9932322432915,0.2972222222222222,0.0,0.0,0.005857833000000312,0.0
fifo,1.2,16,n/a,288,134,0.4652777777777778,0.33756888162794624,0.6861274353598967,0.0,2169.0699672165006,0.30833333333333335,0.0,0.0,0.005776833999999731,0.0
fifo,1.2,17,n/a,288,133,0.4618055555555556,0.3714759121014299,0.6604966318196488,0.0,2285.8517954201657,0.2951388888888889,0.0,0.0,0.005673833999999545,0.0
fifo,1.2,18,n/a,288,138,0.4791666666666667,0.3723331398702288,0.6646168770651792,0.0,2436.7886089904546,0.3194444444444444,0.0,0.0,0.005651541999999843,0.0
fifo,1.2,19,n/a,288,126,0.4375,0.3383622828276598,0.6891866636716892,0.0,2228.0817994488943,0.2763888888888889,0.0,0.0,0.005993624999999447,0.0
fifo,1.2,20,n/a,288,146,0.5069444444444444,0.38032926498124725,0.6521647088707043,0.0,2345.1074850660452,0.33125,0.0,0.0,0.006559916999999693,0.0
fifo,1.2,21,n/a,288,124,0.4305555555555556,0.3343009839246879,0.69407270615427,0.0,2126.0739324941164,0.29444444444444445,0.0,0.0,0.005796040999999974,0.0
fifo,1.2,22,n/a,288,121,0.4201388888888889,0.3106043053181513,0.7095897844111672,0.0,1946.409419761055,0.2798611111111111,0.0,0.0,0.005613208999999841,0.0
fifo,1.2,23,n/a,288,140,0.4861111111111111,0.34618553566899335,0.6711415579105227,0.0,2522.9127546608806,0.31180555555555556,0.0,0.0,0.005821416000000745,0.0
fifo,1.2,24,n/a,288,138,0.4791666666666667,0.3630589316465001,0.6656857202989983,0.0,2372.07216846869,0.3104166666666667,0.0,0.0,0.005623959000000234,0.0
fifo,1.2,25,n/a,288,131,0.4548611111111111,0.34932901509915815,0.6861885542566977,0.0,2023.8510262814768,0.29583333333333334,0.0,0.0,0.005597208000000187,0.0
fifo,1.2,26,n/a,288,122,0.4236111111111111,0.32195615779482994,0.7076022556890109,0.0,2041.0646704232329,0.2951388888888889,0.0,0.0,0.005638124999999938,0.0
fifo,1.2,27,n/a,288,121,0.4201388888888889,0.3257571979052645,0.6966551199832223,0.0,2002.3637519578365,0.2722222222222222,0.0,0.0,0.00593187499999992,0.0
fifo,1.2,28,n/a,288,136,0.4722222222222222,0.36204472569668406,0.6717309727120848,0.0,2054.3081598394037,0.32013888888888886,0.0,0.0,0.005758000000000152,0.0
fifo,1.2,29,n/a,288,131,0.4548611111111111,0.35439748956670075,0.6741062749390176,0.0,2126.961099734307,0.2861111111111111,0.0,0.0,0.005616375000000673,0.0
fifo,1.2,30,n/a,288,123,0.4270833333333333,0.3144395820386007,0.7122286066853001,0.0,2068.8575641235147,0.2951388888888889,0.0,0.0,0.005554124999999743,0.0
fifo,1.2,31,n/a,288,122,0.4236111111111111,0.3264822977797106,0.7017749982369732,0.0,2214.2022353615425,0.2826388888888889,0.0,0.0,0.005601958000000629,0.0
fifo,1.2,32,n/a,288,132,0.4583333333333333,0.3568791308209745,0.6748686068481409,0.0,2044.5016949689707,0.3173611111111111,0.0,0.0,0.005880916000000624,0.0
fifo,1.2,33,n/a,288,132,0.4583333333333333,0.3557570806097341,0.6752552767485867,0.0,2355.9473192026,0.30277777777777776,0.0,0.0,0.005697792000000312,0.0
fifo,1.2,34,n/a,288,136,0.4722222222222222,0.3627819078368965,0.6715365026910773,0.0,2348.6010738986242,0.30486111111111114,0.0,0.0,0.005746042000000173,0.0
fifo,1.2,35,n/a,288,119,0.4131944444444444,0.3299430498202036,0.6993147489371954,0.0,1830.8640997530927,0.26805555555555555,0.0,0.0,0.005690957999999746,0.0
fifo,1.2,36,n/a,288,123,0.4270833333333333,0.3456273915404891,0.6880480106761284,0.0,2132.492703339583,0.28055555555555556,0.0,0.0,0.006006667000000299,0.0
fifo,1.2,37,n/a,288,128,0.4444444444444444,0.3504892382124314,0.6805535038681569,0.0,2081.5659535896502,0.29583333333333334,0.0,0.0,0.006148542000000035,0.0
fifo,1.2,38,n/a,288,131,0.4548611111111111,0.3279538585857776,0.6927930563348403,0.0,2285.1241953958292,0.29375,0.0,0.0,0.005658333000000404,0.0
fifo,1.2,39,n/a,288,135,0.46875,0.3584965328884835,0.6746805895790662,0.0,2194.795227276435,0.3076388888888889,0.0,0.0,0.005838541000000141,0.0
fifo,1.2,40,n/a,288,122,0.4236111111111111,0.3327970278182341,0.6971726207749878,0.0,2227.8361025705635,0.2701388888888889,0.0,0.0,0.005582083000000182,0.0
fifo,1.2,41,n/a,288,143,0.4965277777777778,0.35925998291732325,0.6686271499683283,0.0,2281.6578326573726,0.31805555555555554,0.0,0.0,0.0057370419999998035,0.0
fifo,1.2,42,n/a,288,123,0.4270833333333333,0.316980187373691,0.7048008736413591,0.0,2044.685021708773,0.2923611111111111,0.0,0.0,0.005927333999999895,0.0
fifo,1.2,43,n/a,288,130,0.4513888888888889,0.3212443846457603,0.7016060469810985,0.0,2176.0180557242516,0.2826388888888889,0.0,0.0,0.005632458000000007,0.0
fifo,1.2,44,n/a,288,140,0.4861111111111111,0.35140116518601183,0.6739346669615203,0.0,2530.595634062186,0.31527777777777777,0.0,0.0,0.0057149169999997085,0.0
fifo,1.2,45,n/a,288,138,0.4791666666666667,0.37681060384965825,0.6613833134984599,0.0,2309.5150408723666,0.3145833333333333,0.0,0.0,0.005582375000000361,0.0
fifo,1.2,46,n/a,288,131,0.4548611111111111,0.3485832956341945,0.6771915815785226,0.0,2268.431505515915,0.3020833333333333,0.0,0.0,0.00588933299999983,0.0
fifo,1.2,47,n/a,288,134,0.4652777777777778,0.3458111191865625,0.6799676120497296,0.0,2382.7269275595945,0.3013888888888889,0.0,0.0,0.005860500000000712,0.0
fifo,1.2,48,n/a,288,134,0.4652777777777778,0.3544851085439594,0.674026344053342,0.0,2243.079570278762,0.30486111111111114,0.0,0.0,0.005702582999999706,0.0
fifo,1.2,49,n/a,288,117,0.40625,0.32010623644936026,0.7072634857542095,0.0,1800.1556134074463,0.2763888888888889,0.0,0.0,0.0056920000000006965,0.0
fifo,1.2,50,n/a,288,122,0.4236111111111111,0.33616514112369467,0.6956829813511718,0.0,1970.541634349073,0.28541666666666665,0.0,0.0,0.005677500000000002,0.0
fifo,1.2,51,n/a,288,126,0.4375,0.34151641752958056,0.6903355704735803,0.0,2221.4782962599293,0.2916666666666667,0.0,0.0,0.005795500000000509,0.0
fifo,1.2,52,n/a,288,128,0.4444444444444444,0.3387460910806669,0.6922050861914597,0.0,2151.757019907875,0.29444444444444445,0.0,0.0,0.005825500000000261,0.0
fifo,1.2,53,n/a,288,130,0.4513888888888889,0.3386651327777556,0.6894008433845484,0.0,2088.0978089383775,0.2965277777777778,0.0,0.0,0.005594624999999631,0.0
fifo,1.2,54,n/a,288,131,0.4548611111111111,0.34145285641540457,0.6853427994416716,0.0,2372.507350631662,0.3090277777777778,0.0,0.0,0.005631916999999653,0.0
fifo,1.2,55,n/a,288,136,0.4722222222222222,0.3679640034181818,0.6652751555273821,0.0,2371.9411087596595,0.30416666666666664,0.0,0.0,0.005637167000000609,0.0
fifo,1.2,56,n/a,288,132,0.4583333333333333,0.3502788984255012,0.6761766158740197,0.0,2359.904636886998,0.2986111111111111,0.0,0.0,0.005827708999999182,0.0
fifo,1.2,57,n/a,288,130,0.4513888888888889,0.34785109559210753,0.6851093627667826,0.0,2121.950972459355,0.29444444444444445,0.0,0.0,0.005749416999999646,0.0
fifo,1.2,58,n/a,288,121,0.4201388888888889,0.3237227059458327,0.7058361648156561,0.0,2079.479663895079,0.2798611111111111,0.0,0.0,0.005667958000000084,0.0
fifo,1.2,59,n/a,288,145,0.5034722222222222,0.4026379237770656,0.6358508112029329,0.0,2544.321940720214,0.32430555555555557,0.0,0.0,0.005793999999999855,0.0
fifo,1.2,60,n/a,288,137,0.4756944444444444,0.35014259485346233,0.6760390270314902,0.0,2037.3964423505133,0.31805555555555554,0.0,0.0,0.005651999999999546,0.0
fifo,2.0,1,n/a,480,148,0.30833333333333335,0.23005031314698787,0.7862087722054159,0.0,2486.8275293856404,0.33958333333333335,0.0,0.0,0.009516375000000465,0.0
fifo,2.0,2,n/a,480,150,0.3125,0.23047386522607022,0.7869144237123793,0.0,2450.3854189511126,0.35694444444444445,0.0,0.0,0.009659375000000026,0.0
fifo,2.0,3,n/a,480,169,0.35208333333333336,0.2803251223300432,0.7457383664242652,0.0,2893.676265042427,0.38819444444444445,0.0,0.0,0.009528916999999915,0.0
fifo,2.0,4,n/a,480,165,0.34375,0.2719552327252588,0.7515737264110081,0.0,2858.19780883786,0.36736111111111114,0.0,0.0,0.009618749999999565,0.0
fifo,2.0,5,n/a,480,159,0.33125,0.25522355789270834,0.765232062182098,0.0,2788.7516665150256,0.3506944444444444,0.0,0.0,0.009405165999999632,0.0
fifo,2.0,6,n/a,480,162,0.3375,0.25490910310954934,0.7651395061771218,0.0,2592.5275438220738,0.3736111111111111,0.0,0.0,0.00952520800000034,0.0
fifo,2.0,7,n/a,480,147,0.30625,0.2291140603079186,0.7869647529651429,0.0,2370.2323701167707,0.3416666666666667,0.0,0.0,0.009308332999999891,0.0
fifo,2.0,8,n/a,480,159,0.33125,0.2547741510581957,0.765845523879298,0.0,2664.086128486975,0.35208333333333336,0.0,0.0,0.009509125000000118,0.0
fifo,2.0,9,n/a,480,175,0.3645833333333333,0.27699379734701585,0.7462332790493398,0.0,3069.3841304979783,0.3736111111111111,0.0,0.0,0.009703083000000667,0.0
fifo,2.0,10,n/a,480,168,0.35,0.2576636459839825,0.7592791816016253,0.0,2867.023616101436,0.3680555555555556,0.0,0.0,0.009351999999999805,0.0
fifo,2.0,11,n/a,480,167,0.34791666666666665,0.2574619201675787,0.7580503978910702,0.0,2613.033281093609,0.3715277777777778,0.0,0.0,0.009587500000000304,0.0
fifo,2.0,12,n/a,480,150,0.3125,0.24300009534627562,0.7786496785163084,0.0,2441.7319998253306,0.33611111111111114,0.0,0.0,0.009459541000000016,0.0
fifo,2.0,13,n/a,480,152,0.31666666666666665,0.23130654350857927,0.7853465133302824,0.0,2669.524224382833,0.34791666666666665,0.0,0.0,0.009733125000000342,0.0
fifo,2.0,14,n/a,480,165,0.34375,0.2677558795550362,0.7545013669596181,0.0,2935.000211503387,0.36875,0.0,0.0,0.00979166600000081,0.0
fifo,2.0,15,n/a,480,155,0.3229166666666667,0.25764910379238,0.7665970883365532,0.0,2583.869068008022,0.3541666666666667,0.0,0.0,0.009452290999999668,0.0
fifo,2.0,16,n/a,480,141,0.29375,0.2308932625612118,0.7903671260067793,0.0,2470.4382990675367,0.32013888888888886,0.0,0.0,0.009353334000000046,0.0
fifo,2.0,17,n/a,480,171,0.35625,0.2700588984586844,0.7528131965017468,0.0,2954.723032979327,0.38819444444444445,0.0,0.0,0.009733500000000284,0.0
fifo,2.0,18,n/a,480,153,0.31875,0.23603360059267173,0.7818395959955438,0.0,2533.34484522284,0.3388888888888889,0.0,0.0,0.009368750000000148,0.0
fifo,2.0,19,n/a,480,167,0.34791666666666665,0.26358923486135954,0.7569393837020444,0.0,2757.314157223394,0.3638888888888889,0.0,0.0,0.00991070800000049,0.0
fifo,2.0,20,n/a,480,162,0.3375,0.26434432991645923,0.760623728635512,0.0,2842.516243291901,0.3576388888888889,0.0,0.0,0.00935829100000074,0.0
fifo,2.0,21,n/a,480,151,0.3145833333333333,0.23579750732267352,0.781679508663075,0.0,2393.421222351783,0.33819444444444446,0.0,0.0,0.011255540999999702,0.0
fifo,2.0,22,n/a,480,158,0.32916666666666666,0.24916721793973964,0.7709899277109187,0.0,2448.861575729863,0.3645833333333333,0.0,0.0,0.009332791999999479,0.0
fifo,2.0,23,n/a,480,167,0.34791666666666665,0.2680466406382048,0.7545479982970986,0.0,2739.4244715845593,0.37777777777777777,0.0,0.0,0.009652541999999542,0.0
fifo,2.0,24,n/a,480,161,0.33541666666666664,0.262010101064419,0.7618485210823589,0.0,2663.7300229233088,0.3597222222222222,0.0,0.0,0.009403916000000123,0.0
fifo,2.0,25,n/a,480,154,0.32083333333333336,0.25258100916687243,0.7702726172367851,0.0,2596.265208488903,0.3486111111111111,0.0,0.0,0.01004404200000053,0.0
fifo,2.0,26,n/a,480,158,0.32916666666666666,0.2535300044257445,0.7697925141055975,0.0,2653.412940947356,0.3597222222222222,0.0,0.0,0.00963358299999939,0.0
fifo,2.0,27,n/a,480,148,0.30833333333333335,0.22888517437118747,0.7825215527754115,0.0,2796.119215659589,0.32708333333333334,0.0,0.0,0.009402791999999494,0.0
fifo,2.0,28,n/a,480,158,0.32916666666666666,0.25167325090494663,0.7711272665618425,0.0,2646.8760002767576,0.35833333333333334,0.0,0.0,0.009654084000000118,0.0
fifo,2.0,29,n/a,480,170,0.3541666666666667,0.2650339174307726,0.7544098362286213,0.0,2610.057443203249,0.3888888888888889,0.0,0.0,0.009433374999999522,0.0
fifo,2.0,30,n/a,480,155,0.3229166666666667,0.2387002832895579,0.7800225898934583,0.0,2773.930842966039,0.3597222222222222,0.0,0.0,0.009294666999999812,0.0
fifo,2.0,31,n/a,480,156,0.325,0.24113772963973507,0.7789928910642072,0.0,2586.5647070621176,0.34930555555555554,0.0,0.0,0.009268083999999455,0.0
fifo,2.0,32,n/a,480,161,0.33541666666666664,0.25415429618543767,0.7648327516153888,0.0,2583.184647065672,0.37222222222222223,0.0,0.0,0.009746500000000324,0.0
fifo,2.0,33,n/a,480,157,0.32708333333333334,0.2504774993460755,0.7731429466967925,0.0,2428.839225265001,0.3590277777777778,0.0,0.0,0.009849958000000214,0.0
fifo,2.0,34,n/a,480,152,0.31666666666666665,0.24688212088170017,0.776066850264421,0.0,2608.3903433763126,0.35,0.0,0.0,0.009289667000000001,0.0
fifo,2.0,35,n/a,480,161,0.33541666666666664,0.2470174811745277,0.7737647397940053,0.0,2433.5362881544374,0.36736111111111114,0.0,0.0,0.009427583000000794,0.0
fifo,2.0,36,n/a,480,170,0.3541666666666667,0.2755334260791638,0.7495078056933451,0.0,2643.606479791864,0.37569444444444444,0.0,0.0,0.009415208000000064,0.0
fifo,2.0,37,n/a,480,159,0.33125,0.24788401004143,0.7729378436613643,0.0,2687.6796899943465,0.3597222222222222,0.0,0.0,0.00933525000000035,0.0
fifo,2.0,38,n/a,480,153,0.31875,0.24636680107878278,0.7774188955318766,0.0,2604.7583429431197,0.36180555555555555,0.0,0.0,0.009374582999999603,0.0
fifo,2.0,39,n/a,480,160,0.3333333333333333,0.24675742109362794,0.774373548366422,0.0,2507.976189417919,0.3763888888888889,0.0,0.0,0.009635042000000205,0.0
fifo,2.0,40,n/a,480,157,0.32708333333333334,0.24800596531781344,0.7735719607525602,0.0,2769.9871715438267,0.35347222222222224,0.0,0.0,0.009553792000000172,0.0
fifo,2.0,41,n/a,480,165,0.34375,0.2558309957491008,0.7629172689612849,0.0,2678.733694158354,0.39444444444444443,0.0,0.0,0.00947224999999996,0.0
fifo,2.0,42,n/a,480,160,0.3333333333333333,0.2638818033407529,0.7617149989433829,0.0,2581.9799614024155,0.3527777777777778,0.0,0.0,0.009427416999999494,0.0
fifo,2.0,43,n/a,480,166,0.3458333333333333,0.2576350563329507,0.7591445827259709,0.0,2846.1733103778965,0.3715277777777778,0.0,0.0,0.00928899999999988,0.0
fifo,2.0,44,n/a,480,177,0.36875,0.28200423378608264,0.7438993228088226,0.0,3056.4808977044468,0.39652777777777776,0.0,0.0,0.009520082999999957,0.0
fifo,2.0,45,n/a,480,171,0.35625,0.2589412932463376,0.7555076389123034,0.0,2812.4401400367788,0.38263888888888886,0.0,0.0,0.009366833999999713,0.0
fifo,2.0,46,n/a,480,165,0.34375,0.25626675459239445,0.7630027933124512,0.0,2820.48313631242,0.37083333333333335,0.0,0.0,0.00939174999999981,0.0
fifo,2.0,47,n/a,480,159,0.33125,0.2556564434103808,0.7649013694882061,0.0,2554.4002880925796,0.3472222222222222,0.0,0.0,0.009451083000000082,0.0
fifo,2.0,48,n/a,480,156,0.325,0.2401208028917515,0.7756889362698702,0.0,2686.3028632741416,0.3625,0.0,0.0,0.009347124999999679,0.0
fifo,2.0,49,n/a,480,158,0.32916666666666666,0.25038770756098927,0.7688515304457975,0.0,2640.507169616902,0.36875,0.0,0.0,0.009110957999999947,0.0
fifo,2.0,50,n/a,480,152,0.31666666666666665,0.2390255096645654,0.7794520994975505,0.0,2554.1886983840673,0.34791666666666665,0.0,0.0,0.009417500000000523,0.0
fifo,2.0,51,n/a,480,158,0.32916666666666666,0.2567455234187482,0.7648713059313992,0.0,2764.3742953886645,0.34791666666666665,0.0,0.0,0.010286959000000095,0.0
fifo,2.0,52,n/a,480,161,0.33541666666666664,0.2367899782371684,0.7793629107664732,0.0,2621.7357919130177,0.34375,0.0,0.0,0.010346000000000188,0.0
fifo,2.0,53,n/a,480,157,0.32708333333333334,0.25275233707692574,0.7699383647361979,0.0,2451.8086688266185,0.3680555555555556,0.0,0.0,0.009750957999999699,0.0
fifo,2.0,54,n/a,480,151,0.3145833333333333,0.2337466404034318,0.7833365492378366,0.0,2617.869303193395,0.3388888888888889,0.0,0.0,0.009223582999999813,0.0
fifo,2.0,55,n/a,480,146,0.30416666666666664,0.24174678654037848,0.7811482454364169,0.0,2400.295331382752,0.3326388888888889,0.0,0.0,0.009796459000000368,0.0
fifo,2.0,56,n/a,480,158,0.32916666666666666,0.2513254514512968,0.7695288506878002,0.0,2761.3279538473193,0.36875,0.0,0.0,0.009633124999999687,0.0
fifo,2.0,57,n/a,480,156,0.325,0.2300453106699881,0.7797909945198307,0.0,2753.257929364405,0.3458333333333333,0.0,0.0,0.009670499999999471,0.0
fifo,2.0,58,n/a,480,165,0.34375,0.26262825342784274,0.7619024214175985,0.0,2763.492648221509,0.3701388888888889,0.0,0.0,0.009442208000000285,0.0
fifo,2.0,59,n/a,480,163,0.33958333333333335,0.2571382467790021,0.7647581464068243,0.0,2906.835649441591,0.36944444444444446,0.0,0.0,0.009408459000000313,0.0
fifo,2.0,60,n/a,480,172,0.35833333333333334,0.25506218225283167,0.7653497937814531,0.0,2881.2239641884817,0.37777777777777777,0.0,0.0,0.009470416999999287,0.0
greedy,0.8,1,n/a,192,143,0.7447916666666666,0.5569961470845864,0.48789734115027383,0.0,2498.452823563537,0.32222222222222224,0.0,0.0,0.00888949999999955,0.0
greedy,0.8,2,n/a,192,141,0.734375,0.5584621821243945,0.48462622862585003,0.0,2359.1452145877506,0.31666666666666665,0.0,0.0,0.008516499999999816,0.0
greedy,0.8,3,n/a,192,145,0.7552083333333334,0.5917455632492462,0.4613425349955056,0.0,2526.329445725124,0.33194444444444443,0.0,0.0,0.008098374999999436,0.0
greedy,0.8,4,n/a,192,140,0.7291666666666666,0.5468385233178742,0.4993055774925199,0.0,2251.353608835299,0.3090277777777778,0.0,0.0,0.00843754100000016,0.0
greedy,0.8,5,n/a,192,130,0.6770833333333334,0.482840182182085,0.5440137236535465,0.0,2029.5504890964896,0.3145833333333333,0.0,0.0,0.00848137499999968,0.0
greedy,0.8,6,n/a,192,143,0.7447916666666666,0.5684931326844916,0.4712905789952395,0.0,2474.1113195791663,0.3402777777777778,0.0,0.0,0.008768917000000265,0.0
greedy,0.8,7,n/a,192,138,0.71875,0.5510256255746921,0.49435263558850884,0.0,2159.5781283229194,0.30625,0.0,0.0,0.008704332999999842,0.0
greedy,0.8,8,n/a,192,128,0.6666666666666666,0.5266191768764811,0.5223321771977889,0.0,2168.785082883451,0.29791666666666666,0.0,0.0,0.008327665999999567,0.0
greedy,0.8,9,n/a,192,136,0.7083333333333334,0.536106549623718,0.5104012670626576,0.0,2205.8084264206786,0.3229166666666667,0.0,0.0,0.008613291999999717,0.0
greedy,0.8,10,n/a,192,137,0.7135416666666666,0.544805311478403,0.5038060319839379,0.0,2197.3327598699484,0.30625,0.0,0.0,0.008554959000000473,0.0
greedy,0.8,11,n/a,192,140,0.7291666666666666,0.554104076359505,0.49424866960142033,0.0,2367.2571466669406,0.3076388888888889,0.0,0.0,0.008550833000000146,0.0
greedy,0.8,12,n/a,192,137,0.7135416666666666,0.5489054047034211,0.5012520522259221,0.0,2297.322265972727,0.31319444444444444,0.0,0.0,0.00900024999999971,0.0
greedy,0.8,13,n/a,192,130,0.6770833333333334,0.5312775632330531,0.5212582984644281,0.0,1942.4002347176192,0.2902777777777778,0.0,0.0,0.008345457999999972,0.0
greedy,0.8,14,n/a,192,136,0.7083333333333334,0.5392753513478188,0.507614279798108,0.0,2231.095738603784,0.3194444444444444,0.0,0.0,0.008663207999999756,0.0
greedy,0.8,15,n/a,192,149,0.7760416666666666,0.6141739674400595,0.4447885189403511,0.0,2589.608888502593,0.3423611111111111,0.0,0.0,0.008443583000000032,0.0
greedy,0.8,16,n/a,192,132,0.6875,0.5289228553703632,0.5138550353487672,0.0,2165.3518177107244,0.30625,0.0,0.0,0.01056891700000051,0.0
greedy,0.8,17,n/a,192,149,0.7760416666666666,0.584669527169464,0.46673196962057806,0.0,2469.717589039098,0.32916666666666666,0.0,0.0,0.00890320800000044,0.0
greedy,0.8,18,n/a,192,137,0.7135416666666666,0.5418978934693459,0.502701634705738,0.0,2341.9960346461603,0.30069444444444443,0.0,0.0,0.008684125000000265,0.0
greedy,0.8,19,n/a,192,146,0.7604166666666666,0.5936190144687544,0.4544480457584892,0.0,2411.924190069803,0.3284722222222222,0.0,0.0,0.00856629100000017,0.0
greedy,0.8,20,n/a,192,140,0.7291666666666666,0.5516241963323782,0.4969111110312261,0.0,2338.3458602581286,0.31666666666666665,0.0,0.0,0.008441207999999811,0.0
greedy,0.8,21,n/a,192,144,0.75,0.6012195143749949,0.45863677408769554,0.0,2265.991710240195,0.3277777777777778,0.0,0.0,0.008358124999999994,0.0
greedy,0.8,22,n/a,192,136,0.7083333333333334,0.5885811506434597,0.4704926509611831,0.0,2199.2883993559176,0.31319444444444444,0.0,0.0,0.008163917000000076,0.0
greedy,0.8,23,n/a,192,144,0.75,0.6022659493431739,0.4562826678228453,0.0,2433.5228645485713,0.33402777777777776,0.0,0.0,0.008617250000000354,0.0
greedy,0.8,24,n/a,192,134,0.6979166666666666,0.5269832350008685,0.5056574055450056,0.0,2150.014988666138,0.3090277777777778,0.0,0.0,0.008430083000000366,0.0
greedy,0.8,25,n/a,192,131,0.6822916666666666,0.5243204164102651,0.523112355957229,0.0,2252.462012894383,0.3020833333333333,0.0,0.0,0.008303834000000343,0.0
greedy,0.8,26,n/a,192,134,0.6979166666666666,0.5723441774253071,0.4870092479137831,0.0,2225.956712982751,0.30972222222222223,0.0,0.0,0.008522208000000475,0.0
greedy,0.8,27,n/a,192,132,0.6875,0.5199491403591706,0.5205650073670824,0.0,2306.1816859132664,0.30972222222222223,0.0,0.0,0.008545999999999943,0.0
greedy,0.8,28,n/a,192,130,0.6770833333333334,0.5215060794365955,0.5269709911295015,0.0,2143.0444989978237,0.28888888888888886,0.0,0.0,0.008391791000000204,0.0
greedy,0.8,29,n/a,192,134,0.6979166666666666,0.5307766352266645,0.5173623211138749,0.0,2232.5786105758057,0.3138888888888889,0.0,0.0,0.008447791999999232,0.0
greedy,0.8,30,n/a,192,145,0.7552083333333334,0.5823724694757157,0.4726582401286148,0.0,2472.0142152327403,0.3472222222222222,0.0,0.0,0.008521374999999942,0.0
greedy,0.8,31,n/a,192,139,0.7239583333333334,0.5288453662309713,0.5161031125543125,0.0,2152.157136769015,0.3215277777777778,0.0,0.0,0.008621499999999394,0.0
greedy,0.8,32,n/a,192,147,0.765625,0.6044989731196382,0.44483865346767626,0.0,2426.6120024147704,0.32708333333333334,0.0,0.0,0.008506041000000408,0.0
greedy,0.8,33,n/a,192,138,0.71875,0.5488628263157965,0.5023673968986784,0.0,2176.706360440746,0.31875,0.0,0.0,0.00826125000000033,0.0
greedy,0.8,34,n/a,192,142,0.7395833333333334,0.5972819402297614,0.4579110922381042,0.0,2328.337538213439,0.3347222222222222,0.0,0.0,0.00861212499999997,0.0
greedy,0.8,35,n/a,192,148,0.7708333333333334,0.5760506288234589,0.46554936700861216,0.0,2658.267471434284,0.35138888888888886,0.0,0.0,0.008425916999999394,0.0
greedy,0.8,36,n/a,192,140,0.7291666666666666,0.551197364331799,0.49604501005871526,0.0,2294.555374553747,0.32013888888888886,0.0,0.0,0.008338708000000139,0.0
greedy,0.8,37,n/a,192,138,0.71875,0.5491593857740679,0.503526558754644,0.0,2289.933218796867,0.30625,0.0,0.0,0.008417459000000349,0.0
greedy,0.8,38,n/a,192,138,0.71875,0.549608355943074,0.49177740974608897,0.0,2393.9191688175624,0.3388888888888889,0.0,0.0,0.008322959000000019,0.0
greedy,0.8,39,n/a,192,129,0.671875,0.4855801381702881,0.5552976731015524,0.0,2165.20633196249,0.31875,0.0,0.0,0.008087167000000228,0.0
greedy,0.8,40,n/a,192,130,0.6770833333333334,0.5037344504611982,0.5228662753468842,0.0,2283.9275123562215,0.275,0.0,0.0,0.008308708000000387,0.0
greedy,0.8,41,n/a,192,140,0.7291666666666666,0.551196135671353,0.4978526646502677,0.0,2377.1826544077244,0.3138888888888889,0.0,0.0,0.008512666999999752,0.0
greedy,0.8,42,n/a,192,131,0.6822916666666666,0.5399340709444268,0.510257922322185,0.0,2330.0015044662237,0.28402777777777777,0.0,0.0,0.008493291999999819,0.0
greedy,0.8,43,n/a,192,144,0.75,0.5628080777948523,0.48756650538123836,0.0,2309.585174800955,0.34097222222222223,0.0,0.0,0.008528333999999305,0.0
greedy,0.8,44,n/a,192,140,0.7291666666666666,0.5459738128161912,0.5028955785032891,0.0,2592.1129432678754,0.3159722222222222,0.0,0.0,0.008826707999999961,0.0
greedy,0.8,45,n/a,192,134,0.6979166666666666,0.5278289224543437,0.5167106202123171,0.0,2163.7112596672073,0.2951388888888889,0.0,0.0,0.008325667000000259,0.0
greedy,0.8,46,n/a,192,132,0.6875,0.5275608587331149,0.5235924190050192,0.0,2194.9442625947886,0.3013888888888889,0.0,0.0,0.008298082999999679,0.0
greedy,0.8,47,n/a,192,119,0.6197916666666666,0.4570061968611461,0.5811612658711147,0.0,1910.9328579966987,0.2847222222222222,0.0,0.0,0.008213457999999285,0.0
greedy,0.8,48,n/a,192,141,0.734375,0.546580582726164,0.49786573616990903,0.0,2289.817814710399,0.3326388888888889,0.0,0.0,0.008334167000000114,0.0
greedy,0.8,49,n/a,192,141,0.734375,0.5280775673904474,0.5148792416352372,0.0,2479.856158348901,0.3159722222222222,0.0,0.0,0.009384374999999778,0.0
greedy,0.8,50,n/a,192,142,0.7395833333333334,0.5616475492270886,0.4903551439099001,0.0,2318.486832367458,0.3326388888888889,0.0,0.0,0.012515207999999944,0.0
greedy,0.8,51,n/a,192,134,0.6979166666666666,0.5179044965336992,0.5162230603317377,0.0,2234.0931838476563,0.30277777777777776,0.0,0.0,0.01025887499999989,0.0
greedy,0.8,52,n/a,192,133,0.6927083333333334,0.5103958173032974,0.5336629351281159,0.0,2227.9826675733875,0.31527777777777777,0.0,0.0,0.011176666999999973,0.0
greedy,0.8,53,n/a,192,138,0.71875,0.5540130539924646,0.4896017460590658,0.0,2375.6700799661508,0.325,0.0,0.0,0.015539999999999665,0.0
greedy,0.8,54,n/a,192,134,0.6979166666666666,0.5332271393327618,0.5081501558121941,0.0,2530.3101835816697,0.3013888888888889,0.0,0.0,0.010096041999999805,0.0
greedy,0.8,55,n/a,192,140,0.7291666666666666,0.5584431512640308,0.48445462467182954,0.0,2140.0023550727747,0.30833333333333335,0.0,0.0,0.010710125000000126,0.0
greedy,0.8,56,n/a,192,135,0.703125,0.5407543462500616,0.5079972301854823,0.0,2359.3311057707288,0.3125,0.0,0.0,0.00847537499999973,0.0
greedy,0.8,57,n/a,192,144,0.75,0.5917629688341379,0.4611633770337793,0.0,2497.208654493286,0.34097222222222223,0.0,0.0,0.00887687500000034,0.0
greedy,0.8,58,n/a,192,132,0.6875,0.5164389660036871,0.5295326243754495,0.0,2277.850821294804,0.30833333333333335,0.0,0.0,0.008528000000000091,0.0
greedy,0.8,59,n/a,192,129,0.671875,0.5026964593237152,0.535423016391287,0.0,2186.783931562473,0.3020833333333333,0.0,0.0,0.008118792000000319,0.0
greedy,0.8,60,n/a,192,141,0.734375,0.5192468272719868,0.5080939920314334,0.0,2229.584195375455,0.31805555555555554,0.0,0.0,0.00826487500000006,0.0
greedy,1.2,1,n/a,288,200,0.6944444444444444,0.507772886476685,0.5261598567861125,0.0,3223.5171382524413,0.45,0.0,0.0,0.013076290999999962,0.0
greedy,1.2,2,n/a,288,190,0.6597222222222222,0.4662053071284214,0.5580574083293446,0.0,3045.596470722982,0.45625,0.0,0.0,0.013072207999999641,0.0
greedy,1.2,3,n/a,288,203,0.7048611111111112,0.5437488787081227,0.5104971503357667,0.0,3206.9397490415913,0.4479166666666667,0.0,0.0,0.01318924999999993,0.0
greedy,1.2,4,n/a,288,188,0.6527777777777778,0.4928418001269931,0.542784589745458,0.0,3103.216036455048,0.42916666666666664,0.0,0.0,0.012669542000000256,0.0
greedy,1.2,5,n/a,288,188,0.6527777777777778,0.5207901749797054,0.5295751978445102,0.0,3120.5646955933394,0.43680555555555556,0.0,0.0,0.012648582999999824,0.0
greedy,1.2,6,n/a,288,189,0.65625,0.5000473596076044,0.5445891994685952,0.0,3101.2194455381014,0.4284722222222222,0.0,0.0,0.013000542000000337,0.0
greedy,1.2,7,n/a,288,196,0.6805555555555556,0.5110496537216375,0.5308249471771285,0.0,3331.4140737427006,0.4444444444444444,0.0,0.0,0.01318791700000066,0.0
greedy,1.2,8,n/a,288,205,0.7118055555555556,0.5343514858743076,0.5066586453713771,0.0,3233.8804794841817,0.46319444444444446,0.0,0.0,0.013238959000000605,0.0
greedy,1.2,9,n/a,288,200,0.6944444444444444,0.5335065753383371,0.5081985208147488,0.0,3383.455958963342,0.45,0.0,0.0,0.01304287500000001,0.0
greedy,1.2,10,n/a,288,196,0.6805555555555556,0.48617660531154683,0.5456889331344603,0.0,3431.859127269873,0.42916666666666664,0.0,0.0,0.012765416999999779,0.0
greedy,1.2,11,n/a,288,200,0.6944444444444444,0.5382006316906418,0.5103220987912365,0.0,3350.821193220812,0.4618055555555556,0.0,0.0,0.01291812499999967,0.0
greedy,1.2,12,n/a,288,188,0.6527777777777778,0.49047718938797175,0.5497064878720372,0.0,3238.3536937670483,0.42291666666666666,0.0,0.0,0.013185749999999885,0.0
greedy,1.2,13,n/a,288,206,0.7152777777777778,0.5404662395869866,0.5025854499924267,0.0,3217.075520342523,0.4673611111111111,0.0,0.0,0.013603333999999911,0.0
greedy,1.2,14,n/a,288,187,0.6493055555555556,0.49044986200766033,0.5483925158855545,0.0,3021.546785553047,0.4354166666666667,0.0,0.0,0.013368042000000635,0.0
greedy,1.2,15,n/a,288,190,0.6597222222222222,0.4887606869087862,0.5395082763589505,0.0,3150.147189631312,0.4354166666666667,0.0,0.0,0.013537417000000218,0.0
greedy,1.2,16,n/a,288,189,0.65625,0.47724532417615584,0.5564013597408419,0.0,2999.5769256372178,0.42986111111111114,0.0,0.0,0.013033999999999324,0.0
greedy,1.2,17,n/a,288,198,0.6875,0.5257654133136604,0.5113048072610011,0.0,3349.6427647434252,0.44513888888888886,0.0,0.0,0.013033375000000014,0.0
greedy,1.2,18,n/a,288,197,0.6840277777777778,0.5313083270359473,0.5195311298422589,0.0,3467.1499808865015,0.44305555555555554,0.0,0.0,0.012963916999999547,0.0
greedy,1.2,19,n/a,288,186,0.6458333333333334,0.5050435513292489,0.539019953746817,0.0,3231.3181645629184,0.4076388888888889,0.0,0.0,0.013105042000000289,0.0
greedy,1.2,20,n/a,288,184,0.6388888888888888,0.4749679415430364,0.5647075541485194,0.0,3111.610243444749,0.41597222222222224,0.0,0.0,0.012803874999999465,0.0
greedy,1.2,21,n/a,288,192,0.6666666666666666,0.5110109820047722,0.5305218987372224,0.0,3094.5830053721215,0.45625,0.0,0.0,0.013156542000000826,0.0
greedy,1.2,22,n/a,288,190,0.6597222222222222,0.4961856455574055,0.5425585386633338,0.0,3099.424339443108,0.4284722222222222,0.0,0.0,0.012798375000000028,0.0
greedy,1.2,23,n/a,288,204,0.7083333333333334,0.509611555727983,0.5178456201612716,0.0,3510.442629558661,0.44583333333333336,0.0,0.0,0.013422000000000267,0.0
greedy,1.2,24,n/a,288,198,0.6875,0.5292215553156743,0.5134093381349671,0.0,3321.28967858129,0.45416666666666666,0.0,0.0,0.013240624999999895,0.0
greedy,1.2,25,n/a,288,187,0.6493055555555556,0.49730418173305546,0.55115552178859,0.0,3119.6011207778693,0.4215277777777778,0.0,0.0,0.012749042000000266,0.0
greedy,1.2,26,n/a,288,183,0.6354166666666666,0.4868723792309384,0.5558511169972085,0.0,2866.0855475283493,0.43819444444444444,0.0,0.0,0.013215542000000191,0.0
greedy,1.2,27,n/a,288,206,0.7152777777777778,0.5504470215130521,0.49385875491238473,0.0,3346.182245167768,0.4625,0.0,0.0,0.014001833000000019,0.0
greedy,1.2,28,n/a,288,199,0.6909722222222222,0.5522422522074562,0.503139522382203,0.0,3127.7841416738797,0.4548611111111111,0.0,0.0,0.013062084000000418,0.0
greedy,1.2,29,n/a,288,183,0.6354166666666666,0.4906753670165427,0.5501427113459687,0.0,3069.7107066835656,0.4131944444444444,0.0,0.0,0.01280654100000067,0.0
greedy,1.2,30,n/a,288,199,0.6909722222222222,0.5098898567759297,0.5338321697598134,0.0,3223.1512375445195,0.4638888888888889,0.0,0.0,0.013549292000000435,0.0
greedy,1.2,31,n/a,288,187,0.6493055555555556,0.48791327123393896,0.5546535590992736,0.0,3202.065033768106,0.4236111111111111,0.0,0.0,0.012994582999999338,0.0
greedy,1.2,32,n/a,288,203,0.7048611111111112,0.5369618637762733,0.50201329046128,0.0,3052.8361594114017,0.4652777777777778,0.0,0.0,0.013411249999999875,0.0
greedy,1.2,33,n/a,288,203,0.7048611111111112,0.5429163493932258,0.5052866773573315,0.0,3480.9060029770244,0.45902777777777776,0.0,0.0,0.01291112499999958,0.0
greedy,1.2,34,n/a,288,196,0.6805555555555556,0.5254525119112645,0.524172718968581,0.0,3186.111330132485,0.4409722222222222,0.0,0.0,0.012965291999999629,0.0
greedy,1.2,35,n/a,288,182,0.6319444444444444,0.5024539099763907,0.5441884070617486,0.0,2715.712977271252,0.4041666666666667,0.0,0.0,0.012746250000000181,0.0
greedy,1.2,36,n/a,288,202,0.7013888888888888,0.5550016486602874,0.4970834330617888,0.0,3272.1529579580833,0.4652777777777778,0.0,0.0,0.013104999999999478,0.0
greedy,1.2,37,n/a,288,199,0.6909722222222222,0.5319023099001773,0.5150835150499089,0.0,3084.0292563726252,0.45208333333333334,0.0,0.0,0.013441041999999292,0.0
greedy,1.2,38,n/a,288,197,0.6840277777777778,0.4919283229666083,0.5357363651102212,0.0,3532.516180388204,0.44583333333333336,0.0,0.0,0.012791917000000375,0.0
greedy,1.2,39,n/a,288,209,0.7256944444444444,0.5413272499076374,0.5007911441434845,0.0,3349.3255477602256,0.4791666666666667,0.0,0.0,0.013679792000000468,0.0
greedy,1.2,40,n/a,288,188,0.6527777777777778,0.4990698238043028,0.5410779802076293,0.0,3228.0313015870133,0.40625,0.0,0.0,0.012801209000000036,0.0
greedy,1.2,41,n/a,288,189,0.65625,0.47523006946087865,0.5599301615231485,0.0,3018.517945189106,0.4166666666666667,0.0,0.0,0.013065958000000322,0.0
greedy,1.2,42,n/a,288,193,0.6701388888888888,0.4987668023513369,0.5354687642518541,0.0,3225.6346370832284,0.45,0.0,0.0,0.013319916000000376,0.0
greedy,1.2,43,n/a,288,191,0.6631944444444444,0.46574568221060847,0.5647063897085667,0.0,3144.5894084913043,0.42083333333333334,0.0,0.0,0.01270962500000028,0.0
greedy,1.2,44,n/a,288,199,0.6909722222222222,0.49435777770393863,0.5407987852476062,0.0,3439.892997817917,0.44305555555555554,0.0,0.0,0.013099333000000435,0.0
greedy,1.2,45,n/a,288,189,0.65625,0.5030865517382489,0.5430986584195818,0.0,3004.646152688989,0.4173611111111111,0.0,0.0,0.012558915999999698,0.0
greedy,1.2,46,n/a,288,194,0.6736111111111112,0.5095163196735839,0.5278436394623875,0.0,3283.7891218878253,0.44375,0.0,0.0,0.012988125000000572,0.0
greedy,1.2,47,n/a,288,193,0.6701388888888888,0.4922515417346899,0.5452141409311841,0.0,3345.7628558004694,0.43333333333333335,0.0,0.0,0.01304420799999928,0.0
greedy,1.2,48,n/a,288,195,0.6770833333333334,0.5205824541770145,0.5229269628840865,0.0,3226.9529679144084,0.44166666666666665,0.0,0.0,0.012900541000000487,0.0
greedy,1.2,49,n/a,288,189,0.65625,0.4954275279098252,0.5446914807266343,0.0,2856.5604656202663,0.4354166666666667,0.0,0.0,0.01267158399999957,0.0
greedy,1.2,50,n/a,288,188,0.6527777777777778,0.49536694387228114,0.5444119709018873,0.0,2941.793095072767,0.4395833333333333,0.0,0.0,0.012682791000001359,0.0
greedy,1.2,51,n/a,288,189,0.65625,0.4972401792474996,0.5451046970433451,0.0,3167.7617747910203,0.43819444444444444,0.0,0.0,0.012835666000000856,0.0
greedy,1.2,52,n/a,288,203,0.7048611111111112,0.5318607386929626,0.5135150305392067,0.0,3430.5714439212716,0.4618055555555556,0.0,0.0,0.013124750000001129,0.0
greedy,1.2,53,n/a,288,180,0.625,0.4701380190715262,0.5685853811620505,0.0,2955.866632665347,0.4125,0.0,0.0,0.012671917000000477,0.0
greedy,1.2,54,n/a,288,189,0.65625,0.4823792737640405,0.5498374299460094,0.0,3308.4214520355645,0.43333333333333335,0.0,0.0,0.01372583300000052,0.0
greedy,1.2,55,n/a,288,194,0.6736111111111112,0.5272804211810441,0.518576801718712,0.0,3249.7336139673985,0.43125,0.0,0.0,0.01364162499999999,0.0
greedy,1.2,56,n/a,288,195,0.6770833333333334,0.5174040682220955,0.5235882586565428,0.0,3418.3880924113273,0.43333333333333335,0.0,0.0,0.014105834000000428,0.0
greedy,1.2,57,n/a,288,199,0.6909722222222222,0.5307495451675982,0.5159915000258595,0.0,3239.910877504908,0.45416666666666666,0.0,0.0,0.013586583000000374,0.0
greedy,1.2,58,n/a,288,189,0.65625,0.5024003631368845,0.5407648462125605,0.0,3167.915655544946,0.4305555555555556,0.0,0.0,0.013485125000000764,0.0
greedy,1.2,59,n/a,288,199,0.6909722222222222,0.5381738171519221,0.5094724089392932,0.0,3416.7565475756096,0.44930555555555557,0.0,0.0,0.013134499999999605,0.0
greedy,1.2,60,n/a,288,192,0.6666666666666666,0.48828538230639185,0.5440081625294089,0.0,2969.1708543313052,0.42430555555555555,0.0,0.0,0.012606583000000171,0.0
greedy,2.0,1,n/a,480,288,0.6,0.4503297770430994,0.5826713787910207,0.0,4682.630826262793,0.6513888888888889,0.0,0.0,0.023534749999999605,0.0
greedy,2.0,2,n/a,480,277,0.5770833333333333,0.4347387223370941,0.6012510730638585,0.0,4621.510044402204,0.6402777777777777,0.0,0.0,0.023384999999999323,0.0
greedy,2.0,3,n/a,480,285,0.59375,0.4615531854516392,0.5815151884035603,0.0,4719.634584029705,0.6381944444444444,0.0,0.0,0.021807457999999613,0.0
greedy,2.0,4,n/a,480,280,0.5833333333333334,0.45187934354635223,0.5862995721420856,0.0,4575.728849654117,0.6354166666666666,0.0,0.0,0.021681334000000163,0.0
greedy,2.0,5,n/a,480,284,0.5916666666666667,0.45383814349029883,0.5853276404500549,0.0,4830.695597593279,0.6229166666666667,0.0,0.0,0.02164887499999857,0.0
greedy,2.0,6,n/a,480,292,0.6083333333333333,0.44313612942638814,0.5880791058534687,0.0,4654.543443801958,0.6631944444444444,0.0,0.0,0.02233558300000027,0.0
greedy,2.0,7,n/a,480,280,0.5833333333333334,0.43532422926349074,0.5962197126547264,0.0,4326.529570369701,0.6291666666666667,0.0,0.0,0.021484916000000354,0.0
greedy,2.0,8,n/a,480,280,0.5833333333333334,0.4502406220679504,0.5874324262786133,0.0,4541.429914502532,0.6256944444444444,0.0,0.0,0.02191258300000065,0.0
greedy,2.0,9,n/a,480,296,0.6166666666666667,0.46310306013172764,0.5741205067780739,0.0,4775.38301095135,0.6506944444444445,0.0,0.0,0.02235762500000149,0.0
greedy,2.0,10,n/a,480,293,0.6104166666666667,0.45347486656909164,0.5760853994047921,0.0,4595.029597464324,0.6534722222222222,0.0,0.0,0.022371125000001157,0.0
greedy,2.0,11,n/a,480,293,0.6104166666666667,0.44099332647764095,0.5856201535376306,0.0,4769.445532490962,0.6381944444444444,0.0,0.0,0.023614916999999735,0.0
greedy,2.0,12,n/a,480,290,0.6041666666666666,0.46342996937928216,0.5748125473262731,0.0,4727.545328848321,0.6465277777777778,0.0,0.0,0.022091750000001298,0.0
greedy,2.0,13,n/a,480,301,0.6270833333333333,0.4402475095128845,0.5818973913681609,0.0,5030.7677611888585,0.6881944444444444,0.0,0.0,0.022405041999999042,0.0
greedy,2.0,14,n/a,480,289,0.6020833333333333,0.4456173374471513,0.5893520748078673,0.0,5000.551950088951,0.6479166666666667,0.0,0.0,0.02412375000000111,0.0
greedy,2.0,15,n/a,480,273,0.56875,0.4192794428049485,0.6027071655724037,0.0,4349.922170581824,0.6263888888888889,0.0,0.0,0.02225029199999895,0.0
greedy,2.0,16,n/a,480,277,0.5770833333333333,0.46185502686039576,0.5816364128074252,0.0,4471.759184263983,0.60625,0.0,0.0,0.02220149999999954,0.0
greedy,2.0,17,n/a,480,301,0.6270833333333333,0.46716351233823394,0.571511911604522,0.0,5072.466532040337,0.675,0.0,0.0,0.022667374999999268,0.0
greedy,2.0,18,n/a,480,275,0.5729166666666666,0.43250937825380964,0.6030010028001609,0.0,4455.330045031678,0.59375,0.0,0.0,0.021588917000000762,0.0
greedy,2.0,19,n/a,480,291,0.60625,0.4635291254461645,0.5739586524372184,0.0,4698.115713586416,0.6416666666666667,0.0,0.0,0.021874541999999053,0.0
greedy,2.0,20,n/a,480,283,0.5895833333333333,0.44895390269388125,0.5903268728196955,0.0,4857.845871848681,0.6229166666666667,0.0,0.0,0.021707375000000084,0.0
greedy,2.0,21,n/a,480,279,0.58125,0.43974981849142514,0.5952592837277377,0.0,4340.825359918538,0.6270833333333333,0.0,0.0,0.021952666999998982,0.0
greedy,2.0,22,n/a,480,280,0.5833333333333334,0.4484516398721315,0.5899990075762358,0.0,4431.292904267525,0.6256944444444444,0.0,0.0,0.021480957999999717,0.0
greedy,2.0,23,n/a,480,302,0.6291666666666667,0.4877365659330454,0.5528733543028408,0.0,4808.495511832877,0.6659722222222222,0.0,0.0,0.02259275000000116,0.0
greedy,2.0,24,n/a,480,279,0.58125,0.45201997350626494,0.5841713144963168,0.0,4265.339076712225,0.6284722222222222,0.0,0.0,0.02183033300000048,0.0
greedy,2.0,25,n/a,480,285,0.59375,0.4489870514378475,0.5893278388271816,0.0,4639.104826029544,0.6388888888888888,0.0,0.0,0.022330374999999236,0.0
greedy,2.0,26,n/a,480,283,0.5895833333333333,0.44736893461205013,0.5909014243325952,0.0,4278.018347814367,0.6395833333333333,0.0,0.0,0.022116333000001376,0.0
greedy,2.0,27,n/a,480,291,0.60625,0.45095744632101453,0.5769192203401832,0.0,4898.710423096941,0.64375,0.0,0.0,0.02184191699999971,0.0
greedy,2.0,28,n/a,480,292,0.6083333333333333,0.4797702142765442,0.5666951061568812,0.0,4841.522145542799,0.6347222222222222,0.0,0.0,0.02268745800000005,0.0
greedy,2.0,29,n/a,480,290,0.6041666666666666,0.4468687848879304,0.5835214495570666,0.0,4573.328715514777,0.6340277777777777,0.0,0.0,0.02336695900000052,0.0
greedy,2.0,30,n/a,480,285,0.59375,0.4536014540487302,0.5867244294417764,0.0,4961.347703346166,0.6381944444444444,0.0,0.0,0.02185183399999957,0.0
greedy,2.0,31,n/a,480,280,0.5833333333333334,0.44117152539579074,0.5954299460650321,0.0,4522.631817263463,0.6277777777777778,0.0,0.0,0.022779250000001028,0.0
greedy,2.0,32,n/a,480,277,0.5770833333333333,0.4358981775211867,0.5970148349424076,0.0,4313.382473950669,0.6138888888888889,0.0,0.0,0.021831166000000124,0.0
greedy,2.0,33,n/a,480,274,0.5708333333333333,0.44279287816336454,0.6002245221495,0.0,4251.910521637355,0.6048611111111111,0.0,0.0,0.021476541000000182,0.0
greedy,2.0,34,n/a,480,272,0.5666666666666667,0.43746757637139927,0.6018619515367227,0.0,4421.298563587432,0.6125,0.0,0.0,0.021767249999999905,0.0
greedy,2.0,35,n/a,480,288,0.6,0.4533291359068105,0.5823696552863398,0.0,4450.821033711923,0.6388888888888888,0.0,0.0,0.021931792000000172,0.0
greedy,2.0,36,n/a,480,292,0.6083333333333333,0.45125541227212973,0.5845081491580273,0.0,4604.0457189217095,0.625,0.0,0.0,0.022133500000000694,0.0
greedy,2.0,37,n/a,480,276,0.575,0.4336732766084732,0.6057499089806435,0.0,4601.9623503903185,0.6215277777777778,0.0,0.0,0.021377499999999827,0.0
greedy,2.0,38,n/a,480,283,0.5895833333333333,0.4484686726734034,0.5902226671457576,0.0,4515.496217612991,0.6527777777777778,0.0,0.0,0.022443625000001077,0.0
greedy,2.0,39,n/a,480,286,0.5958333333333333,0.4310478133615791,0.6028007030300395,0.0,4503.243913673575,0.6444444444444445,0.0,0.0,0.02219679199999902,0.0
greedy,2.0,40,n/a,480,287,0.5979166666666667,0.4411781297899225,0.5922714817186188,0.0,4575.564000127582,0.6375,0.0,0.0,0.022469958999998596,0.0
greedy,2.0,41,n/a,480,291,0.60625,0.4660773427600276,0.5714949099944151,0.0,4544.697545947933,0.6569444444444444,0.0,0.0,0.02254050000000163,0.0
greedy,2.0,42,n/a,480,294,0.6125,0.4658366770179833,0.5753031503841421,0.0,4665.052628838687,0.6590277777777778,0.0,0.0,0.021604207999999403,0.0
greedy,2.0,43,n/a,480,290,0.6041666666666666,0.44709399459351995,0.5823977000110181,0.0,4683.1103631966225,0.6548611111111111,0.0,0.0,0.0224196249999995,0.0
greedy,2.0,44,n/a,480,284,0.5916666666666667,0.4351101470250289,0.6021502061677408,0.0,4835.589140377363,0.6381944444444444,0.0,0.0,0.023181166999998837,0.0
greedy,2.0,45,n/a,480,283,0.5895833333333333,0.4412629434324393,0.5889438401575116,0.0,4488.429359127046,0.6368055555555555,0.0,0.0,0.022183167000001447,0.0
greedy,2.0,46,n/a,480,288,0.6,0.4354959974964121,0.5960698252427781,0.0,4594.488024940125,0.6520833333333333,0.0,0.0,0.023303999999999547,0.0
greedy,2.0,47,n/a,480,271,0.5645833333333333,0.42908160803402523,0.6042408728110467,0.0,4343.516554065751,0.6020833333333333,0.0,0.0,0.02204812499999953,0.0
greedy,2.0,48,n/a,480,273,0.56875,0.422314618926787,0.6058455275476298,0.0,4459.4187821839205,0.6243055555555556,0.0,0.0,0.02171974999999904,0.0
greedy,2.0,49,n/a,480,271,0.5645833333333333,0.4252161834452899,0.608258816120745,0.0,4189.687718691509,0.6284722222222222,0.0,0.0,0.020654834000000122,0.0
greedy,2.0,50,n/a,480,275,0.5729166666666666,0.42242768597716585,0.6083546817047683,0.0,4199.1034358573015,0.6340277777777777,0.0,0.0,0.021931082999998353,0.0
greedy,2.0,51,n/a,480,282,0.5875,0.44687018776724374,0.5872246101566649,0.0,4623.623507120795,0.625,0.0,0.0,0.022494000000000014,0.0
greedy,2.0,52,n/a,480,282,0.5875,0.4297164668197065,0.600171808444643,0.0,4411.69198693046,0.6395833333333333,0.0,0.0,0.02231925000000068,0.0
greedy,2.0,53,n/a,480,276,0.575,0.44685664674280035,0.5917714812531756,0.0,4473.383144560197,0.6208333333333333,0.0,0.0,0.02244562499999958,0.0
greedy,2.0,54,n/a,480,275,0.5729166666666666,0.43858421549197757,0.5952236843505854,0.0,4614.571983260475,0.6104166666666667,0.0,0.0,0.021241375000000673,0.0
greedy,2.0,55,n/a,480,292,0.6083333333333333,0.45932246303964,0.578197601800283,0.0,4651.823958573075,0.6506944444444445,0.0,0.0,0.022752499999999287,0.0
greedy,2.0,56,n/a,480,277,0.5770833333333333,0.4579849729133991,0.5837152815561573,0.0,4741.310188866109,0.6368055555555555,0.0,0.0,0.022319084000001155,0.0
greedy,2.0,57,n/a,480,282,0.5875,0.4205116290755313,0.603595681681165,0.0,4690.535814872891,0.6409722222222223,0.0,0.0,0.021750958000000153,0.0
greedy,2.0,58,n/a,480,289,0.6020833333333333,0.4541500371428612,0.5816404340035504,0.0,4689.42659621378,0.6548611111111111,0.0,0.0,0.021959041999998874,0.0
greedy,2.0,59,n/a,480,275,0.5729166666666666,0.4327147394382942,0.6023312682594806,0.0,4616.2723236409465,0.6291666666666667,0.0,0.0,0.021967374999999123,0.0
greedy,2.0,60,n/a,480,287,0.5979166666666667,0.42788543122533396,0.6023994481189228,0.0,4655.791407239508,0.6326388888888889,0.0,0.0,0.0216447500000001,0.0
