strategy,effort,rho,seed,n_requests,pw_lo,pw_hi,revenue_usd,mean_multiplier,n_satisfied,success_rate,jains_index,gini,worst_decile_utility,social_welfare,utilization,illegal_allocation_rate,parse_failure_rate,decision_latency_s,cost_usd
p0_static,n/a,0.8,1,666,0.8,1.2,5111.839999999969,1.0,492,0.7387387387387387,0.5575862799500615,0.4823721164599337,0.0,8141.86805035601,0.3315326130452181,0.0,0.0,0.039087958000000006,0.0
p0_static,n/a,0.8,2,666,0.8,1.2,5031.729999999961,1.0,495,0.7432432432432432,0.5509562945828053,0.4871507846472929,0.0,8307.093967111698,0.32593037214885956,0.0,0.0,0.04062008300000003,0.0
p0_static,n/a,0.8,3,666,0.8,1.2,4867.099999999973,1.0,477,0.7162162162162162,0.5419336071423502,0.50472193570715,0.0,8181.98887434077,0.3161264505802321,0.0,0.0,0.037465417,0.0
p0_static,n/a,0.8,4,666,0.8,1.2,5211.049999999964,1.0,490,0.7357357357357357,0.5574840339615431,0.4936791050525673,0.0,8086.053850098343,0.33313325330132054,0.0,0.0,0.08332979200000001,0.0
p0_static,n/a,0.8,5,666,0.8,1.2,5077.204999999969,1.0,490,0.7357357357357357,0.5752009796924602,0.4792145657060114,0.0,8280.207936449073,0.3269307723089236,0.0,0.0,0.051960000000000006,0.0
p0_static,n/a,0.8,6,666,0.8,1.2,4867.11499999997,1.0,485,0.7282282282282282,0.5572984728189595,0.4919424530449048,0.0,8268.385326891854,0.31552621048419366,0.0,0.0,0.041670125,0.0
p0_static,n/a,0.8,7,666,0.8,1.2,5028.549999999966,1.0,494,0.7417417417417418,0.5459020966146901,0.4932066545201128,0.0,8338.180178623632,0.3231292517006803,0.0,0.0,0.04007150000000004,0.0
p0_static,n/a,0.8,8,666,0.8,1.2,5104.104999999971,1.0,497,0.7462462462462462,0.568044914866396,0.4799194996732701,0.0,8065.926389304679,0.33093237294917965,0.0,0.0,0.04168158299999991,0.0
p0_static,n/a,0.8,9,666,0.8,1.2,5132.37999999996,1.0,507,0.7612612612612613,0.5687918660780206,0.4677079086962468,0.0,8577.668381437607,0.3299319727891156,0.0,0.0,0.03913329200000004,0.0
p0_static,n/a,0.8,10,666,0.8,1.2,4964.32999999997,1.0,488,0.7327327327327328,0.5423598157215431,0.4887365455475434,0.0,8207.293628133924,0.32192877150860344,0.0,0.0,0.039115250000000046,0.0
p0_static,n/a,0.8,11,666,0.8,1.2,5055.779999999967,1.0,482,0.7237237237237237,0.5504668770633692,0.4959944908388252,0.0,8244.838549274757,0.3289315726290516,0.0,0.0,0.03929737499999997,0.0
p0_static,n/a,0.8,12,666,0.8,1.2,4821.479999999972,1.0,487,0.7312312312312312,0.5574718900912858,0.49114173213095813,0.0,7999.723526617353,0.3159263705482193,0.0,0.0,0.039018291999999954,0.0
p0_static,n/a,0.8,13,666,0.8,1.2,5087.744999999968,1.0,498,0.7477477477477478,0.5551751008241966,0.4812708148263918,0.0,8389.27000819437,0.3303321328531413,0.0,0.0,0.03991033399999999,0.0
p0_static,n/a,0.8,14,666,0.8,1.2,5084.699999999967,1.0,486,0.7297297297297297,0.5464711975649583,0.4973542851440862,0.0,8237.646324718653,0.32713085234093636,0.0,0.0,0.04056975000000007,0.0
p0_static,n/a,0.8,15,666,0.8,1.2,4932.834999999967,1.0,480,0.7207207207207207,0.5309114596259825,0.5074627006042007,0.0,8132.187501982074,0.3217286914765906,0.0,0.0,0.03901054199999998,0.0
p0_static,n/a,0.8,16,666,0.8,1.2,4837.014999999964,1.0,488,0.7327327327327328,0.544094486340607,0.49908978746346544,0.0,7897.070055802752,0.31452581032412963,0.0,0.0,0.03873791599999987,0.0
p0_static,n/a,0.8,17,666,0.8,1.2,4900.144999999973,1.0,479,0.7192192192192193,0.5511293388995269,0.4967861075331774,0.0,7709.774601984138,0.31932773109243695,0.0,0.0,0.038481666999999886,0.0
p0_static,n/a,0.8,18,666,0.8,1.2,5135.944999999966,1.0,496,0.7447447447447447,0.5525761524207012,0.491585590937631,0.0,8518.626846276806,0.3323329331732693,0.0,0.0,0.03895908299999995,0.0
p0_static,n/a,0.8,19,666,0.8,1.2,4680.589999999975,1.0,469,0.7042042042042042,0.5563813219771684,0.49622586976068983,0.0,8237.867187894435,0.30652260904361744,0.0,0.0,0.04057179199999994,0.0
p0_static,n/a,0.8,20,666,0.8,1.2,5021.81999999997,1.0,493,0.7402402402402403,0.5663373688010563,0.48370552180665194,0.0,8387.94741050314,0.3273309323729492,0.0,0.0,0.04028641699999991,0.0
p0_static,n/a,0.8,21,666,0.8,1.2,4928.71999999997,1.0,470,0.7057057057057057,0.5468522722683915,0.49977619967838116,0.0,7712.554654411817,0.321328531412565,0.0,0.0,0.04942000000000002,0.0
p0_static,n/a,0.8,22,666,0.8,1.2,4733.659999999974,1.0,463,0.6951951951951952,0.54124465606096,0.505023054009907,0.0,7513.057847008879,0.3087234893957583,0.0,0.0,0.03793570800000001,0.0
p0_static,n/a,0.8,23,666,0.8,1.2,4917.684999999965,1.0,484,0.7267267267267268,0.5540106859150418,0.492281347433984,0.0,8171.162773228172,0.31772709083633455,0.0,0.0,0.03914016599999992,0.0
p0_static,n/a,0.8,24,666,0.8,1.2,4949.469999999968,1.0,490,0.7357357357357357,0.5640889265362375,0.4796908206937953,0.0,8296.027859367206,0.321328531412565,0.0,0.0,0.03879645900000006,0.0
p0_static,n/a,0.8,25,666,0.8,1.2,4849.11499999997,1.0,474,0.7117117117117117,0.551211691526486,0.4986345781812458,0.0,7982.353462549164,0.31552621048419366,0.0,0.0,0.03899437500000014,0.0
p0_static,n/a,0.8,26,666,0.8,1.2,5066.939999999957,1.0,490,0.7357357357357357,0.5526370323468486,0.48846272536293855,0.0,7740.798066398213,0.32753101240496196,0.0,0.0,0.03864924999999997,0.0
p0_static,n/a,0.8,27,666,0.8,1.2,5153.689999999961,1.0,507,0.7612612612612613,0.585625086878841,0.4591314701698932,0.0,8812.236801199975,0.3325330132052821,0.0,0.0,0.039522332999999854,0.0
p0_static,n/a,0.8,28,666,0.8,1.2,5036.614999999969,1.0,502,0.7537537537537538,0.5955498612967565,0.463670984521378,0.0,8240.984466212216,0.32553021208483396,0.0,0.0,0.041524874999999906,0.0
p0_static,n/a,0.8,29,666,0.8,1.2,4872.859999999967,1.0,482,0.7237237237237237,0.5556476355182296,0.4876973534846143,0.0,7983.477156910185,0.3157262905162065,0.0,0.0,0.04338058399999989,0.0
p0_static,n/a,0.8,30,666,0.8,1.2,4979.614999999964,1.0,480,0.7207207207207207,0.5543218408604614,0.4900442401023817,0.0,7859.330656751732,0.32553021208483396,0.0,0.0,0.04034541600000008,0.0
p0_static,n/a,1.2,1,1000,0.8,1.2,6954.784999999913,1.0,669,0.669,0.5099037621605202,0.5345983001997243,0.0,10933.41857714688,0.4387755102040816,0.0,0.0,0.06318791700000026,0.0
p0_static,n/a,1.2,2,1000,0.8,1.2,7275.469999999914,1.0,675,0.675,0.5042383293989001,0.5303767810807984,0.0,11335.43547617144,0.45138055222088835,0.0,0.0,0.06594549999999977,0.0
p0_static,n/a,1.2,3,1000,0.8,1.2,7444.374999999903,1.0,706,0.706,0.522121080423083,0.5201872637938154,0.0,11669.190722284946,0.4601840736294518,0.0,0.0,0.0672309999999996,0.0
p0_static,n/a,1.2,4,1000,0.8,1.2,7079.369999999919,1.0,656,0.656,0.5092493982276542,0.5362213033847605,0.0,10565.929236435588,0.4403761504601841,0.0,0.0,0.0673935000000001,0.0
p0_static,n/a,1.2,5,1000,0.8,1.2,7330.994999999908,1.0,684,0.684,0.5190872406796538,0.5256856661883194,0.0,11501.359055987317,0.4503801520608243,0.0,0.0,0.06241537500000005,0.0
p0_static,n/a,1.2,6,1000,0.8,1.2,6914.49999999991,1.0,669,0.669,0.5012625611846957,0.5395910518725602,0.0,11272.012518808653,0.430172068827531,0.0,0.0,0.06222466599999965,0.0
p0_static,n/a,1.2,7,1000,0.8,1.2,6833.6649999999145,1.0,661,0.661,0.5110458521541889,0.5325357709159249,0.0,10486.15761233636,0.42857142857142855,0.0,0.0,0.062348583999999985,0.0
p0_static,n/a,1.2,8,1000,0.8,1.2,6927.6849999999195,1.0,666,0.666,0.51055424868134,0.5343955880303464,0.0,10977.565984741757,0.4327731092436975,0.0,0.0,0.06320208399999983,0.0
p0_static,n/a,1.2,9,1000,0.8,1.2,7049.779999999909,1.0,671,0.671,0.5010602603933152,0.5323958180170012,0.0,10904.385610786443,0.43897559023609445,0.0,0.0,0.06445537499999965,0.0
p0_static,n/a,1.2,10,1000,0.8,1.2,6920.739999999917,1.0,655,0.655,0.4833492008381926,0.5442793492641669,0.0,11053.012420322315,0.4305722288915566,0.0,0.0,0.06473908300000009,0.0
p0_static,n/a,1.2,11,1000,0.8,1.2,7127.684999999918,1.0,661,0.661,0.49925926688792516,0.5409719183483566,0.0,11131.715297387316,0.44277711084433774,0.0,0.0,0.0669889170000002,0.0
p0_static,n/a,1.2,12,1000,0.8,1.2,7181.789999999914,1.0,688,0.688,0.5158972832745631,0.5254215528938355,0.0,11104.79240139998,0.4535814325730292,0.0,0.0,0.06458670799999977,0.0
p0_static,n/a,1.2,13,1000,0.8,1.2,7019.474999999913,1.0,671,0.671,0.5121175576779277,0.5294865896446319,0.0,11048.693611763296,0.4361744697879152,0.0,0.0,0.06303649999999994,0.0
p0_static,n/a,1.2,14,1000,0.8,1.2,7247.099999999904,1.0,676,0.676,0.5082949407816948,0.5340425081044549,0.0,11378.624741948173,0.44617847138855543,0.0,0.0,0.06955299999999998,0.0
p0_static,n/a,1.2,15,1000,0.8,1.2,7217.77999999991,1.0,674,0.674,0.5074774618515123,0.5270814133518478,0.0,11043.29217353482,0.4489795918367347,0.0,0.0,0.06656675000000023,0.0
p0_static,n/a,1.2,16,1000,0.8,1.2,7110.459999999901,1.0,683,0.683,0.5110186255865389,0.528552202169368,0.0,11184.841659942957,0.4417767106842737,0.0,0.0,0.06812216699999984,0.0
p0_static,n/a,1.2,17,1000,0.8,1.2,7237.139999999906,1.0,683,0.683,0.521448447897553,0.5243381729748064,0.0,11381.26811641689,0.4495798319327731,0.0,0.0,0.07182341599999997,0.0
p0_static,n/a,1.2,18,1000,0.8,1.2,7402.364999999906,1.0,698,0.698,0.5189624374595782,0.5230677698421196,0.0,11591.509254906532,0.4605842336934774,0.0,0.0,0.06867479199999993,0.0
p0_static,n/a,1.2,19,1000,0.8,1.2,7040.0299999999115,1.0,670,0.67,0.4989769150344975,0.5367603754744752,0.0,10868.443040316934,0.43897559023609445,0.0,0.0,0.06512725000000019,0.0
p0_static,n/a,1.2,20,1000,0.8,1.2,7253.1349999999165,1.0,689,0.689,0.5188061757216118,0.5208911571572581,0.0,11621.816045741674,0.4497799119647859,0.0,0.0,0.06997225000000018,0.0
p0_static,n/a,1.2,21,1000,0.8,1.2,7134.3349999999045,1.0,672,0.672,0.5198814916233846,0.5269849055357794,0.0,10761.421971899052,0.4417767106842737,0.0,0.0,0.06761525000000024,0.0
p0_static,n/a,1.2,22,1000,0.8,1.2,6689.309999999917,1.0,645,0.645,0.4935386699434158,0.5463551726889897,0.0,10373.611132303744,0.4177671068427371,0.0,0.0,0.06525637500000014,0.0
p0_static,n/a,1.2,23,1000,0.8,1.2,7304.979999999898,1.0,698,0.698,0.5248617631922002,0.5193871865629607,0.0,11416.727841987082,0.45098039215686275,0.0,0.0,0.06767995800000026,0.0
p0_static,n/a,1.2,24,1000,0.8,1.2,7040.554999999911,1.0,670,0.67,0.5161129810124325,0.5271282946595728,0.0,11295.345859832865,0.4379751900760304,0.0,0.0,0.06381433299999983,0.0
p0_static,n/a,1.2,25,1000,0.8,1.2,6784.04499999992,1.0,665,0.665,0.5063252955429464,0.5392525288697525,0.0,10978.266761830324,0.4283713485394158,0.0,0.0,0.06582100000000057,0.0
p0_static,n/a,1.2,26,1000,0.8,1.2,7117.249999999906,1.0,673,0.673,0.5142420484091582,0.5290702131945786,0.0,10799.631582747994,0.44017607042817125,0.0,0.0,0.07021691699999977,0.0
p0_static,n/a,1.2,27,1000,0.8,1.2,7421.209999999905,1.0,706,0.706,0.5324285791309623,0.5049666430099546,0.0,12053.312858548734,0.4567827130852341,0.0,0.0,0.06775412499999955,0.0
p0_static,n/a,1.2,28,1000,0.8,1.2,7047.429999999913,1.0,687,0.687,0.5320758597526833,0.5153307919755425,0.0,11430.578497005408,0.4379751900760304,0.0,0.0,0.07129883299999928,0.0
p0_static,n/a,1.2,29,1000,0.8,1.2,7144.854999999911,1.0,683,0.683,0.5190284834065787,0.5212869181779289,0.0,10866.942629521394,0.4409763905562225,0.0,0.0,0.0736282079999997,0.0
p0_static,n/a,1.2,30,1000,0.8,1.2,7131.599999999904,1.0,681,0.681,0.5089082564184247,0.5329310020762976,0.0,11603.66469116758,0.4411764705882353,0.0,0.0,0.068749167,0.0
p0_static,n/a,2.0,1,1666,0.8,1.2,11076.53999999986,1.0,997,0.5984393757503002,0.45260654908151193,0.58542666231444,0.0,15435.946331084146,0.6486594637855142,0.0,0.0,0.12719649999999927,0.0
p0_static,n/a,2.0,2,1666,0.8,1.2,11041.46499999986,1.0,998,0.5990396158463386,0.4613509619456739,0.5774997335877805,0.0,16326.275100715675,0.641656662665066,0.0,0.0,0.12266416699999994,0.0
p0_static,n/a,2.0,3,1666,0.8,1.2,11360.554999999858,1.0,1025,0.6152460984393757,0.4587044737074822,0.5772325472467115,0.0,16450.105494409607,0.6580632252901161,0.0,0.0,0.17535316599999984,0.0
p0_static,n/a,2.0,4,1666,0.8,1.2,10868.96999999987,1.0,977,0.5864345738295318,0.4483447082057636,0.5886316153199014,0.0,15703.556378975809,0.6364545818327331,0.0,0.0,0.12062170799999983,0.0
p0_static,n/a,2.0,5,1666,0.8,1.2,11139.624999999869,1.0,991,0.5948379351740696,0.4513014571759115,0.5879834627026814,0.0,16326.388918505598,0.6452581032412965,0.0,0.0,0.11612358299999936,0.0
p0_static,n/a,2.0,6,1666,0.8,1.2,11311.37999999987,1.0,1015,0.6092436974789915,0.46504758563309845,0.5737765401730479,0.0,16640.05022523828,0.6500600240096038,0.0,0.0,0.12101762500000035,0.0
p0_static,n/a,2.0,7,1666,0.8,1.2,10989.199999999868,1.0,975,0.5852340936374549,0.45458234460537544,0.5850590838976912,0.0,15804.81890216987,0.6372549019607843,0.0,0.0,0.12238424999999964,0.0
p0_static,n/a,2.0,8,1666,0.8,1.2,11238.669999999862,1.0,993,0.5960384153661464,0.45468627333780065,0.5843558943175036,0.0,16184.19881816155,0.6484593837535014,0.0,0.0,0.12631391699999917,0.0
p0_static,n/a,2.0,9,1666,0.8,1.2,10918.989999999867,1.0,980,0.5882352941176471,0.4335942045139607,0.5953161591657565,0.0,15664.284411680568,0.6306522609043618,0.0,0.0,0.12601795799999937,0.0
p0_static,n/a,2.0,10,1666,0.8,1.2,10984.349999999864,1.0,1002,0.6014405762304922,0.4524503771885709,0.581290163184822,0.0,16142.341405944682,0.6412565026010404,0.0,0.0,0.12544087499999979,0.0
p0_static,n/a,2.0,11,1666,0.8,1.2,10949.30999999988,1.0,989,0.5936374549819928,0.4501678578758177,0.5872075832198793,0.0,16240.725628734755,0.6378551420568227,0.0,0.0,0.11803325000000076,0.0
p0_static,n/a,2.0,12,1666,0.8,1.2,11163.444999999881,1.0,1007,0.6044417767106842,0.4619200074683483,0.5766050865037311,0.0,16255.040409659277,0.6524609843937575,0.0,0.0,0.1227937920000004,0.0
p0_static,n/a,2.0,13,1666,0.8,1.2,11083.859999999859,1.0,1001,0.6008403361344538,0.4539544189752586,0.5810383567628832,0.0,16101.2401004061,0.6408563425370148,0.0,0.0,0.12018195800000075,0.0
p0_static,n/a,2.0,14,1666,0.8,1.2,10970.59499999986,1.0,984,0.5906362545018007,0.4482663851931249,0.5883936884309,0.0,16521.14221332838,0.6364545818327331,0.0,0.0,0.12087304200000037,0.0
p0_static,n/a,2.0,15,1666,0.8,1.2,11219.584999999874,1.0,1001,0.6008403361344538,0.4576655990283644,0.578499502106695,0.0,16100.955763771952,0.6468587434973989,0.0,0.0,0.1177959159999995,0.0
p0_static,n/a,2.0,16,1666,0.8,1.2,11202.829999999856,1.0,1012,0.6074429771908764,0.462636711669507,0.5762909131860463,0.0,16254.5902482693,0.6470588235294118,0.0,0.0,0.1270628330000001,0.0
p0_static,n/a,2.0,17,1666,0.8,1.2,11213.994999999873,1.0,1008,0.6050420168067226,0.45907916384643976,0.5795411680278029,0.0,16233.996170904633,0.6454581832733093,0.0,0.0,0.11762620899999998,0.0
p0_static,n/a,2.0,18,1666,0.8,1.2,11377.244999999875,1.0,1022,0.6134453781512605,0.45636365007963087,0.5804411752896397,0.0,16590.158692442168,0.6554621848739496,0.0,0.0,0.12504591700000045,0.0
p0_static,n/a,2.0,19,1666,0.8,1.2,10796.519999999873,1.0,984,0.5906362545018007,0.448141789639466,0.5881868419736689,0.0,16033.492675847485,0.6294517807122849,0.0,0.0,0.11806687500000024,0.0
p0_static,n/a,2.0,20,1666,0.8,1.2,11167.984999999875,1.0,1002,0.6014405762304922,0.44790729140174984,0.5843222224026723,0.0,16645.824071486237,0.650860344137655,0.0,0.0,0.11883008399999984,0.0
p0_static,n/a,2.0,21,1666,0.8,1.2,11085.159999999865,1.0,989,0.5936374549819928,0.44771950593617,0.5889457425752473,0.0,15819.867961977963,0.6388555422168868,0.0,0.0,0.1229180000000003,0.0
p0_static,n/a,2.0,22,1666,0.8,1.2,10671.90499999986,1.0,991,0.5948379351740696,0.4403676065430316,0.5879737191909669,0.0,16036.7613684954,0.6240496198479392,0.0,0.0,0.11947224999999939,0.0
p0_static,n/a,2.0,23,1666,0.8,1.2,11112.11499999987,1.0,996,0.5978391356542617,0.4500849015286169,0.5850792381061904,0.0,16292.192602988018,0.6356542617046819,0.0,0.0,0.1196789580000015,0.0
p0_static,n/a,2.0,24,1666,0.8,1.2,10836.944999999863,1.0,977,0.5864345738295318,0.4509343079036854,0.589412439704543,0.0,16612.097266945722,0.632452981192477,0.0,0.0,0.11747816599999972,0.0
p0_static,n/a,2.0,25,1666,0.8,1.2,11094.83499999987,1.0,995,0.5972388955582233,0.4503832601804395,0.5877927676897381,0.0,16146.781527359206,0.6418567426970788,0.0,0.0,0.12132066700000088,0.0
p0_static,n/a,2.0,26,1666,0.8,1.2,10946.164999999859,1.0,988,0.5930372148859544,0.4493220838429421,0.5861226913263609,0.0,16246.188435269238,0.6436574629851941,0.0,0.0,0.11761562499999911,0.0
p0_static,n/a,2.0,27,1666,0.8,1.2,11281.964999999864,1.0,1009,0.6056422569027611,0.46224971575625,0.5754231360079398,0.0,16573.65867348256,0.6516606642657062,0.0,0.0,0.12576266599999997,0.0
p0_static,n/a,2.0,28,1666,0.8,1.2,10961.04499999986,1.0,1020,0.6122448979591837,0.48011077071204583,0.5640416556187948,0.0,16587.129341412092,0.633453381352541,0.0,0.0,0.11794958299999969,0.0
p0_static,n/a,2.0,29,1666,0.8,1.2,11031.569999999869,1.0,1008,0.6050420168067226,0.4572953939443432,0.5787706610433871,0.0,15990.314611765094,0.6374549819927972,0.0,0.0,0.11755162500000083,0.0
p0_static,n/a,2.0,30,1666,0.8,1.2,11108.60499999987,1.0,993,0.5960384153661464,0.4591806124182771,0.580406968933646,0.0,16037.588351748933,0.6410564225690276,0.0,0.0,0.11830304199999908,0.0
p1_rule_surge,n/a,0.8,1,666,0.8,1.2,5275.2649999999685,1.0532407407407407,489,0.7342342342342343,0.5547684267072085,0.48377257173392585,0.0,8049.240256800692,0.32713085234093636,0.0,0.0,0.054037457999999816,0.0
p1_rule_surge,n/a,0.8,2,666,0.8,1.2,5149.082499999968,1.0601851851851851,484,0.7267267267267268,0.5412211502863673,0.49614742449635285,0.0,8094.066262225498,0.3161264505802321,0.0,0.0,0.05253795800000027,0.0
p1_rule_surge,n/a,0.8,3,666,0.8,1.2,5082.4074999999675,1.0543981481481481,478,0.7177177177177178,0.5414950579696426,0.5046900437321677,0.0,8092.775272068856,0.3149259703881553,0.0,0.0,0.051137541999999314,0.0
p1_rule_surge,n/a,0.8,4,666,0.8,1.2,5511.777499999964,1.0636574074074074,491,0.7372372372372372,0.5573560719113679,0.492939495960512,0.0,8035.2609930034305,0.3323329331732693,0.0,0.0,0.05194837500000027,0.0
p1_rule_surge,n/a,0.8,5,666,0.8,1.2,5260.309999999969,1.0601851851851851,486,0.7297297297297297,0.5693459719241075,0.4845410107580681,0.0,8124.964161950566,0.3205282112845138,0.0,0.0,0.052133209000000846,0.0
p1_rule_surge,n/a,0.8,6,666,0.8,1.2,4985.259999999969,1.0532407407407407,480,0.7207207207207207,0.5516883854721839,0.4966530715500097,0.0,8166.048183030015,0.30952380952380953,0.0,0.0,0.05018612499999975,0.0
p1_rule_surge,n/a,0.8,7,666,0.8,1.2,5164.707499999967,1.0532407407407407,491,0.7372372372372372,0.546081827221698,0.49380938385762607,0.0,8290.647185669854,0.318327330932373,0.0,0.0,0.051635250000000354,0.0
p1_rule_surge,n/a,0.8,8,666,0.8,1.2,5361.5424999999705,1.0578703703703705,495,0.7432432432432432,0.5677345630859515,0.4797598323476606,0.0,7966.5768878859735,0.3303321328531413,0.0,0.0,0.05152204200000021,0.0
p1_rule_surge,n/a,0.8,9,666,0.8,1.2,5347.587499999964,1.056712962962963,505,0.7582582582582582,0.5599157041734985,0.47591716099643655,0.0,8423.173638000446,0.32573029211684673,0.0,0.0,0.051103833000000876,0.0
p1_rule_surge,n/a,0.8,10,666,0.8,1.2,5170.494999999969,1.0613425925925926,485,0.7282282282282282,0.5346723104363137,0.49548725622335565,0.0,8033.778131733143,0.3157262905162065,0.0,0.0,0.05086237499999946,0.0
p1_rule_surge,n/a,0.8,11,666,0.8,1.2,5202.119999999969,1.0520833333333333,477,0.7162162162162162,0.5450223326369643,0.5011936093149896,0.0,8064.201748511982,0.3251300520208083,0.0,0.0,0.05153783299999937,0.0
p1_rule_surge,n/a,0.8,12,666,0.8,1.2,4980.34749999997,1.0509259259259258,486,0.7297297297297297,0.5563716651241654,0.49148347996811914,0.0,7865.303842286073,0.3149259703881553,0.0,0.0,0.052194999999999325,0.0
p1_rule_surge,n/a,0.8,13,666,0.8,1.2,5367.409999999973,1.0648148148148149,495,0.7432432432432432,0.5492990687587774,0.4857380670030962,0.0,8279.476299395485,0.3269307723089236,0.0,0.0,0.05152029200000108,0.0
p1_rule_surge,n/a,0.8,14,666,0.8,1.2,5276.15499999997,1.056712962962963,481,0.7222222222222222,0.5345167140160634,0.5066973641371941,0.0,8084.741797361236,0.3205282112845138,0.0,0.0,0.05174483300000077,0.0
p1_rule_surge,n/a,0.8,15,666,0.8,1.2,5107.419999999968,1.0486111111111112,479,0.7192192192192193,0.5301171112793959,0.5081830748152834,0.0,8058.322280579403,0.3209283713485394,0.0,0.0,0.05147970800000046,0.0
p1_rule_surge,n/a,0.8,16,666,0.8,1.2,4904.3974999999655,1.0474537037037037,483,0.7252252252252253,0.5413978734858089,0.5018677757428434,0.0,7800.934916970013,0.3079231692677071,0.0,0.0,0.05063887499999886,0.0
p1_rule_surge,n/a,0.8,17,666,0.8,1.2,5073.412499999971,1.0590277777777777,475,0.7132132132132132,0.546282212236941,0.5013448197747155,0.0,7619.8233593074165,0.3133253301320528,0.0,0.0,0.050160374999999036,0.0
p1_rule_surge,n/a,0.8,18,666,0.8,1.2,5297.362499999967,1.0543981481481481,491,0.7372372372372372,0.5470312525834153,0.49703750436895233,0.0,8368.603241724211,0.32973189275710285,0.0,0.0,0.051031583000000325,0.0
p1_rule_surge,n/a,0.8,19,666,0.8,1.2,4955.4049999999725,1.0509259259259258,474,0.7117117117117117,0.5623490636440698,0.49108513522140296,0.0,8232.467574125307,0.30652260904361744,0.0,0.0,0.050686250000000044,0.0
p1_rule_surge,n/a,0.8,20,666,0.8,1.2,5013.089999999975,1.0497685185185186,481,0.7222222222222222,0.5583134352760587,0.49093108306005373,0.0,8265.48353988904,0.31472589035614246,0.0,0.0,0.05112941700000029,0.0
p1_rule_surge,n/a,0.8,21,666,0.8,1.2,5029.7899999999745,1.0555555555555556,468,0.7027027027027027,0.5406044534643663,0.5057178811874294,0.0,7635.7811594084615,0.3159263705482193,0.0,0.0,0.054713624999999766,0.0
p1_rule_surge,n/a,0.8,22,666,0.8,1.2,4850.829999999979,1.0532407407407407,458,0.6876876876876877,0.5287762826095997,0.5148968097615578,0.0,7381.659295100901,0.3017206882753101,0.0,0.0,0.05048891700000091,0.0
p1_rule_surge,n/a,0.8,23,666,0.8,1.2,5121.994999999965,1.0636574074074074,479,0.7192192192192193,0.5462456883931225,0.49733442857523213,0.0,8027.536755564326,0.3097238895558223,0.0,0.0,0.05231175000000121,0.0
p1_rule_surge,n/a,0.8,24,666,0.8,1.2,5101.99249999997,1.056712962962963,486,0.7297297297297297,0.5556605335213252,0.4891349362391464,0.0,8195.840959563518,0.31772709083633455,0.0,0.0,0.051880415999999485,0.0
p1_rule_surge,n/a,0.8,25,666,0.8,1.2,4932.202499999971,1.0543981481481481,466,0.6996996996996997,0.5451946138361504,0.5035758472363552,0.0,7862.265880655045,0.3087234893957583,0.0,0.0,0.050570207999999894,0.0
p1_rule_surge,n/a,0.8,26,666,0.8,1.2,5070.504999999964,1.0509259259259258,476,0.7147147147147147,0.5450497086738352,0.49703846907957416,0.0,7652.615941664511,0.3159263705482193,0.0,0.0,0.05010204099999882,0.0
p1_rule_surge,n/a,0.8,27,666,0.8,1.2,5525.894999999965,1.0625,515,0.7732732732732732,0.5843076913576198,0.4557556022428111,0.0,8711.133766941228,0.3355342136854742,0.0,0.0,0.05155991600000043,0.0
p1_rule_surge,n/a,0.8,28,666,0.8,1.2,5348.9974999999695,1.0532407407407407,506,0.7597597597597597,0.5940213760592379,0.46405968628542116,0.0,8049.622485716058,0.32633053221288516,0.0,0.0,0.0527901669999995,0.0
p1_rule_surge,n/a,0.8,29,666,0.8,1.2,5015.637499999969,1.0532407407407407,483,0.7252252252252253,0.5561912655575282,0.4874554897069312,0.0,7923.38888514702,0.3129251700680272,0.0,0.0,0.04973850000000013,0.0
p1_rule_surge,n/a,0.8,30,666,0.8,1.2,4947.887499999971,1.0520833333333333,465,0.6981981981981982,0.5360597873118597,0.5063742452294908,0.0,7663.75221517407,0.3093237294917967,0.0,0.0,0.050596125000000214,0.0
p1_rule_surge,n/a,1.2,1,1000,0.8,1.2,7351.914999999928,1.0810185185185186,669,0.669,0.5068939789840629,0.5363104847250009,0.0,10717.779939097829,0.4345738295318127,0.0,0.0,0.07818304099999906,0.0
p1_rule_surge,n/a,1.2,2,1000,0.8,1.2,7628.357499999929,1.087962962962963,672,0.672,0.50188125249945,0.5314121109857379,0.0,11172.851967760069,0.44537815126050423,0.0,0.0,0.0794330409999997,0.0
p1_rule_surge,n/a,1.2,3,1000,0.8,1.2,7673.349999999917,1.0914351851851851,697,0.697,0.5168052211010332,0.5244178352206108,0.0,11447.298128620341,0.44677871148459386,0.0,0.0,0.08019054200000042,0.0
p1_rule_surge,n/a,1.2,4,1000,0.8,1.2,7872.594999999928,1.0902777777777777,674,0.674,0.5130464678243953,0.529110462214323,0.0,10529.845768965499,0.44797919167667066,0.0,0.0,0.0799780419999987,0.0
p1_rule_surge,n/a,1.2,5,1000,0.8,1.2,7537.814999999924,1.0902777777777777,669,0.669,0.5099232047463597,0.5329770591939471,0.0,11241.389537580524,0.4345738295318127,0.0,0.0,0.07808966700000042,0.0
p1_rule_surge,n/a,1.2,6,1000,0.8,1.2,7329.599999999928,1.0902777777777777,666,0.666,0.4990588828960179,0.5415049656885094,0.0,11162.910431214721,0.4217687074829932,0.0,0.0,0.07856216700000118,0.0
p1_rule_surge,n/a,1.2,7,1000,0.8,1.2,7324.297499999927,1.0868055555555556,665,0.665,0.5112086726901678,0.532350302131221,0.0,10379.190681501634,0.4309723889555822,0.0,0.0,0.07835066700000048,0.0
p1_rule_surge,n/a,1.2,8,1000,0.8,1.2,7483.4699999999275,1.0925925925925926,674,0.674,0.5127111904506976,0.5304069616542852,0.0,10869.440172620181,0.43297318927571027,0.0,0.0,0.07951008300000062,0.0
p1_rule_surge,n/a,1.2,9,1000,0.8,1.2,7376.814999999929,1.0891203703703705,658,0.658,0.48725603312804294,0.5444203309220306,0.0,10583.302004887744,0.4253701480592237,0.0,0.0,0.07850908400000023,0.0
p1_rule_surge,n/a,1.2,10,1000,0.8,1.2,7530.7049999999335,1.0902777777777777,664,0.664,0.49141665524010275,0.5360148799896778,0.0,11032.989337607665,0.43577430972388953,0.0,0.0,0.07845904200000042,0.0
p1_rule_surge,n/a,1.2,11,1000,0.8,1.2,7623.90749999993,1.0902777777777777,664,0.664,0.4955909985803949,0.5414993519423688,0.0,11002.024793934936,0.4411764705882353,0.0,0.0,0.07793562499999851,0.0
p1_rule_surge,n/a,1.2,12,1000,0.8,1.2,7607.2074999999195,1.0856481481481481,695,0.695,0.5186552867888519,0.5234791892979513,0.0,11162.753030975016,0.45558223289315725,0.0,0.0,0.08201391700000116,0.0
p1_rule_surge,n/a,1.2,13,1000,0.8,1.2,7383.352499999933,1.0844907407407407,664,0.664,0.5044959069027345,0.53570523357657,0.0,10811.209924457398,0.42737094837935174,0.0,0.0,0.07846675000000047,0.0
p1_rule_surge,n/a,1.2,14,1000,0.8,1.2,7744.2349999999215,1.0914351851851851,678,0.678,0.5119654901619911,0.5306804715171944,0.0,11266.047289432528,0.44397759103641454,0.0,0.0,0.08021970899999964,0.0
p1_rule_surge,n/a,1.2,15,1000,0.8,1.2,7609.797499999927,1.0925925925925926,669,0.669,0.5060985214872641,0.5286405159395551,0.0,10945.719967169965,0.43897559023609445,0.0,0.0,0.07872674999999951,0.0
p1_rule_surge,n/a,1.2,16,1000,0.8,1.2,7765.119999999917,1.09375,697,0.697,0.5183471895437123,0.5206269859828923,0.0,11121.256914064315,0.445578231292517,0.0,0.0,0.08034645899999937,0.0
p1_rule_surge,n/a,1.2,17,1000,0.8,1.2,7839.439999999923,1.0925925925925926,694,0.694,0.5255791013013598,0.5205791741972443,0.0,11406.88939104564,0.45558223289315725,0.0,0.0,0.08539779100000011,0.0
p1_rule_surge,n/a,1.2,18,1000,0.8,1.2,7680.934999999922,1.0891203703703705,688,0.688,0.5090975561365715,0.5317803375395651,0.0,11353.823984083067,0.4499799919967987,0.0,0.0,0.08851329200000002,0.0
p1_rule_surge,n/a,1.2,19,1000,0.8,1.2,7528.542499999923,1.0902777777777777,676,0.676,0.49934385535698517,0.5342504042399199,0.0,10790.65256428848,0.4377751100440176,0.0,0.0,0.0854351659999999,0.0
p1_rule_surge,n/a,1.2,20,1000,0.8,1.2,7825.599999999931,1.0891203703703705,694,0.694,0.520802659387763,0.5197507507824526,0.0,11542.933152576985,0.45138055222088835,0.0,0.0,0.08234704200000031,0.0
p1_rule_surge,n/a,1.2,21,1000,0.8,1.2,7385.072499999926,1.0949074074074074,653,0.653,0.5077805683471442,0.5374793263627196,0.0,10502.057798326958,0.4221688675470188,0.0,0.0,0.08062616600000005,0.0
p1_rule_surge,n/a,1.2,22,1000,0.8,1.2,7013.107499999927,1.087962962962963,642,0.642,0.4859099522098268,0.5526544501233726,0.0,10206.754266989657,0.4099639855942377,0.0,0.0,0.07896087499999993,0.0
p1_rule_surge,n/a,1.2,23,1000,0.8,1.2,7774.472499999915,1.0902777777777777,703,0.703,0.5279774792134162,0.5153006513254805,0.0,11267.577752297766,0.4485794317727091,0.0,0.0,0.079420292,0.0
p1_rule_surge,n/a,1.2,24,1000,0.8,1.2,7557.122499999925,1.0972222222222223,678,0.678,0.5199416298103792,0.5235834653474398,0.0,11143.38056165115,0.4365746298519408,0.0,0.0,0.08179537500000045,0.0
p1_rule_surge,n/a,1.2,25,1000,0.8,1.2,7406.022499999935,1.0914351851851851,668,0.668,0.5090531016504293,0.5355726385373971,0.0,10797.846827065812,0.4279711884753902,0.0,0.0,0.07993283300000087,0.0
p1_rule_surge,n/a,1.2,26,1000,0.8,1.2,7632.592499999927,1.087962962962963,674,0.674,0.5116902905582156,0.5306236510139921,0.0,10615.99896011353,0.43857543017206885,0.0,0.0,0.0816917919999991,0.0
p1_rule_surge,n/a,1.2,27,1000,0.8,1.2,7977.047499999919,1.0960648148148149,708,0.708,0.5373200247402136,0.5027163125869258,0.0,11978.554920714447,0.4519807923169268,0.0,0.0,0.08293879100000012,0.0
p1_rule_surge,n/a,1.2,28,1000,0.8,1.2,7463.094999999927,1.0891203703703705,685,0.685,0.5278038308257069,0.5193517514667401,0.0,11317.020386997352,0.4289715886354542,0.0,0.0,0.08234987500000024,0.0
p1_rule_surge,n/a,1.2,29,1000,0.8,1.2,7568.992499999922,1.0902777777777777,686,0.686,0.5273210157808331,0.513686055977439,0.0,10881.721780301843,0.4387755102040816,0.0,0.0,0.08227179100000015,0.0
p1_rule_surge,n/a,1.2,30,1000,0.8,1.2,7626.002499999925,1.0833333333333333,686,0.686,0.5128620449937493,0.5294787406375696,0.0,11619.19372488428,0.44057623049219685,0.0,0.0,0.09696566599999912,0.0
p1_rule_surge,n/a,2.0,1,1666,0.8,1.2,11870.70499999993,1.1446759259259258,982,0.5894357743097239,0.4406354971210087,0.5950793557291523,0.0,14876.13337084792,0.6240496198479392,0.0,0.0,0.14589504200000114,0.0
p1_rule_surge,n/a,2.0,2,1666,0.8,1.2,11671.237499999921,1.1365740740740742,980,0.5882352941176471,0.45051205090000773,0.5874840581316487,0.0,15794.36967907799,0.6234493797519007,0.0,0.0,0.14387054100000007,0.0
p1_rule_surge,n/a,2.0,3,1666,0.8,1.2,12043.382499999936,1.1539351851851851,1001,0.6008403361344538,0.44478167207933006,0.5895663000546623,0.0,15760.262489816925,0.6290516206482593,0.0,0.0,0.15373974999999973,0.0
p1_rule_surge,n/a,2.0,4,1666,0.8,1.2,11630.442499999954,1.1493055555555556,968,0.581032412965186,0.4399833047589386,0.5956519788368266,0.0,15287.749892082229,0.6174469787915166,0.0,0.0,0.14882699999999893,0.0
p1_rule_surge,n/a,2.0,5,1666,0.8,1.2,11769.854999999938,1.1412037037037037,978,0.5870348139255702,0.44734624360717057,0.5913161148195551,0.0,15875.224075912254,0.62625050020008,0.0,0.0,0.14607999999999954,0.0
p1_rule_surge,n/a,2.0,6,1666,0.8,1.2,12099.617499999951,1.1377314814814814,1001,0.6008403361344538,0.4542742898188377,0.5823555098215902,0.0,16049.440187289048,0.6300520208083233,0.0,0.0,0.14282670900000127,0.0
p1_rule_surge,n/a,2.0,7,1666,0.8,1.2,11494.877499999957,1.1446759259259258,950,0.5702280912364946,0.44304987262783513,0.5955436525043674,0.0,15456.608369131738,0.6074429771908764,0.0,0.0,0.14438366599999952,0.0
p1_rule_surge,n/a,2.0,8,1666,0.8,1.2,11834.167499999949,1.1469907407407407,971,0.5828331332533013,0.44212533608010307,0.5948851943279383,0.0,15543.442299697186,0.6206482593037215,0.0,0.0,0.1525688340000002,0.0
p1_rule_surge,n/a,2.0,9,1666,0.8,1.2,11606.249999999944,1.1377314814814814,960,0.5762304921968787,0.42444043003166687,0.6026631663839246,0.0,15194.745386581602,0.6082432973189276,0.0,0.0,0.14615795799999987,0.0
p1_rule_surge,n/a,2.0,10,1666,0.8,1.2,11648.867499999962,1.1469907407407407,993,0.5960384153661464,0.44476377235359826,0.5874082619854748,0.0,15639.719589985913,0.6176470588235294,0.0,0.0,0.1452715830000031,0.0
p1_rule_surge,n/a,2.0,11,1666,0.8,1.2,11632.287499999951,1.1435185185185186,972,0.5834333733493398,0.4402095217579909,0.5947282932672227,0.0,15791.53603276003,0.6174469787915166,0.0,0.0,0.14393037500000005,0.0
p1_rule_surge,n/a,2.0,12,1666,0.8,1.2,12005.504999999952,1.150462962962963,995,0.5972388955582233,0.45508932480683234,0.5823863951413719,0.0,15639.431381452805,0.6340536214485795,0.0,0.0,0.14710520899999935,0.0
p1_rule_surge,n/a,2.0,13,1666,0.8,1.2,11583.639999999941,1.1377314814814814,976,0.5858343337334934,0.4435031313109223,0.5912707804643966,0.0,15656.998516957414,0.6134453781512605,0.0,0.0,0.14815720800000065,0.0
p1_rule_surge,n/a,2.0,14,1666,0.8,1.2,11551.482499999936,1.1365740740740742,968,0.581032412965186,0.43799246449262136,0.5976015463135802,0.0,15998.8682488403,0.6160464185674269,0.0,0.0,0.14205062499999954,0.0
p1_rule_surge,n/a,2.0,15,1666,0.8,1.2,11867.529999999953,1.1446759259259258,978,0.5870348139255702,0.4448332894093851,0.589149352883733,0.0,15402.616152535258,0.6172468987595038,0.0,0.0,0.14338441700000004,0.0
p1_rule_surge,n/a,2.0,16,1666,0.8,1.2,11962.907499999963,1.1527777777777777,991,0.5948379351740696,0.4529523532858666,0.5847725780275252,0.0,15554.1793227039,0.6220488195278111,0.0,0.0,0.14321766700000182,0.0
p1_rule_surge,n/a,2.0,17,1666,0.8,1.2,11799.124999999958,1.1412037037037037,986,0.5918367346938775,0.44535740538886737,0.591118294786732,0.0,15722.807247775965,0.6234493797519007,0.0,0.0,0.1429411250000001,0.0
p1_rule_surge,n/a,2.0,18,1666,0.8,1.2,12048.517499999949,1.1458333333333333,997,0.5984393757503002,0.442934088597191,0.5925313822058333,0.0,15937.492073443378,0.6310524209683873,0.0,0.0,0.14497908300000262,0.0
p1_rule_surge,n/a,2.0,19,1666,0.8,1.2,11617.624999999944,1.1446759259259258,977,0.5864345738295318,0.44401454604906443,0.591727014650623,0.0,15660.07487919334,0.6146458583433373,0.0,0.0,0.14650220800000113,0.0
p1_rule_surge,n/a,2.0,20,1666,0.8,1.2,11824.342499999939,1.1481481481481481,989,0.5936374549819928,0.4440886451961671,0.5882699065184771,0.0,16163.689919708278,0.6306522609043618,0.0,0.0,0.1446736659999992,0.0
p1_rule_surge,n/a,2.0,21,1666,0.8,1.2,11502.139999999932,1.1493055555555556,959,0.5756302521008403,0.43659914130120697,0.5995027815342471,0.0,15277.28285039876,0.6066426570628252,0.0,0.0,0.143347416000001,0.0
p1_rule_surge,n/a,2.0,22,1666,0.8,1.2,11284.332499999935,1.1377314814814814,961,0.5768307322929171,0.4239757203840372,0.6029327173757986,0.0,15371.21676477753,0.5948379351740696,0.0,0.0,0.14148333399999657,0.0
p1_rule_surge,n/a,2.0,23,1666,0.8,1.2,11539.642499999945,1.1469907407407407,965,0.5792316926770709,0.43269080460112297,0.6011829138673195,0.0,15693.464785484055,0.6054421768707483,0.0,0.0,0.14283420800000002,0.0
p1_rule_surge,n/a,2.0,24,1666,0.8,1.2,11559.319999999932,1.1400462962962963,969,0.5816326530612245,0.4502381934394952,0.5894287404372984,0.0,16376.37559715612,0.6186474589835934,0.0,0.0,0.14109750000000076,0.0
p1_rule_surge,n/a,2.0,25,1666,0.8,1.2,11987.757499999958,1.1400462962962963,990,0.5942376950780313,0.4467155334626018,0.5917691624227233,0.0,15626.799957539355,0.6294517807122849,0.0,0.0,0.14185558300000167,0.0
p1_rule_surge,n/a,2.0,26,1666,0.8,1.2,11739.229999999949,1.1481481481481481,976,0.5858343337334934,0.4434654852569194,0.5915245614689921,0.0,15803.783225901903,0.618047218887555,0.0,0.0,0.14487595900000017,0.0
p1_rule_surge,n/a,2.0,27,1666,0.8,1.2,11987.344999999952,1.1458333333333333,987,0.592436974789916,0.45125438759382586,0.5858358062739684,0.0,15991.945392415595,0.6220488195278111,0.0,0.0,0.14231191700000068,0.0
p1_rule_surge,n/a,2.0,28,1666,0.8,1.2,11670.467499999948,1.1388888888888888,999,0.5996398559423769,0.4680657455848174,0.5743321218586208,0.0,15978.985814439302,0.6114445778311325,0.0,0.0,0.14342724999999845,0.0
p1_rule_surge,n/a,2.0,29,1666,0.8,1.2,11807.644999999951,1.150462962962963,998,0.5990396158463386,0.45178389418124665,0.5832246703194337,0.0,15385.80359825241,0.6204481792717087,0.0,0.0,0.14349395800000053,0.0
p1_rule_surge,n/a,2.0,30,1666,0.8,1.2,11995.087499999941,1.1423611111111112,984,0.5906362545018007,0.45099165280324505,0.5866221414087058,0.0,15444.725487545436,0.6272509003601441,0.0,0.0,0.14501779100000078,0.0
p2_permuted_surge,n/a,0.8,1,666,0.8,1.2,5120.19749999997,1.0648148148148149,487,0.7312312312312312,0.5511107913338449,0.48746991613724355,0.0,7995.545975732709,0.3273309323729492,0.0,0.0,0.052495083000000164,0.0
p2_permuted_surge,n/a,0.8,2,666,0.8,1.2,5059.597499999961,1.0729166666666667,491,0.7372372372372372,0.5448078219368984,0.4928117851391072,0.0,8208.690862435862,0.32372949179671867,0.0,0.0,0.05155070799999706,0.0
p2_permuted_surge,n/a,0.8,3,666,0.8,1.2,4983.13249999997,1.0648148148148149,480,0.7207207207207207,0.5432157612415781,0.5032244502011056,0.0,8125.074153308038,0.31852741096438575,0.0,0.0,0.19814925000000017,0.0
p2_permuted_surge,n/a,0.8,4,666,0.8,1.2,5182.10499999997,1.0659722222222223,479,0.7192192192192193,0.549231147139396,0.5011893937847773,0.0,7909.125698605792,0.32492997198879553,0.0,0.0,0.05731774999999928,0.0
p2_permuted_surge,n/a,0.8,5,666,0.8,1.2,5075.694999999971,1.0694444444444444,483,0.7252252252252253,0.5657730150219981,0.4873333334793313,0.0,8095.513498536004,0.32152861144457784,0.0,0.0,0.6617967920000005,0.0
p2_permuted_surge,n/a,0.8,6,666,0.8,1.2,4902.757499999974,1.056712962962963,481,0.7222222222222222,0.5521916063339937,0.4956908237608082,0.0,8147.531382518817,0.3123249299719888,0.0,0.0,0.21768104199999883,0.0
p2_permuted_surge,n/a,0.8,7,666,0.8,1.2,5004.97749999997,1.0671296296296295,483,0.7252252252252253,0.5376347881569741,0.5016253718331396,0.0,8167.5677762235955,0.31512605042016806,0.0,0.0,0.09531370899999914,0.0
p2_permuted_surge,n/a,0.8,8,666,0.8,1.2,5136.1774999999725,1.068287037037037,491,0.7372372372372372,0.5615464876785097,0.4858584197557432,0.0,7896.0298712325075,0.32713085234093636,0.0,0.0,0.08738241600000052,0.0
p2_permuted_surge,n/a,0.8,9,666,0.8,1.2,5166.204999999961,1.0648148148148149,501,0.7522522522522522,0.5639159985684723,0.47342082805327745,0.0,8378.274157459502,0.3243297318927571,0.0,0.0,0.24497625000000056,0.0
p2_permuted_surge,n/a,0.8,10,666,0.8,1.2,5010.509999999969,1.068287037037037,482,0.7237237237237237,0.536433575623605,0.4955363593825499,0.0,8046.60293637637,0.3169267707082833,0.0,0.0,0.08210320899999957,0.0
p2_permuted_surge,n/a,0.8,11,666,0.8,1.2,5071.124999999971,1.068287037037037,476,0.7147147147147147,0.5427298625704897,0.5025674619873162,0.0,8104.23284331903,0.32452981192476993,0.0,0.0,0.07964541699999828,0.0
p2_permuted_surge,n/a,0.8,12,666,0.8,1.2,4782.827499999974,1.0532407407407407,481,0.7222222222222222,0.5496644385211179,0.49793931604341,0.0,7876.368824188255,0.31132452981192477,0.0,0.0,0.11341737500000093,0.0
p2_permuted_surge,n/a,0.8,13,666,0.8,1.2,5154.589999999969,1.0717592592592593,493,0.7402402402402403,0.5466569480083131,0.4887518838507172,0.0,8272.955709822052,0.3283313325330132,0.0,0.0,0.07860933299999928,0.0
p2_permuted_surge,n/a,0.8,14,666,0.8,1.2,5065.207499999968,1.0601851851851851,477,0.7162162162162162,0.5337031458867382,0.5098563697555796,0.0,8056.8705011127895,0.320328131252501,0.0,0.0,0.0987584169999991,0.0
p2_permuted_surge,n/a,0.8,15,666,0.8,1.2,4908.054999999968,1.0613425925925926,467,0.7012012012012012,0.5161701709107247,0.5201462203753842,0.0,7877.958227546364,0.31032412965186074,0.0,0.0,0.06780912500000014,0.0
p2_permuted_surge,n/a,0.8,16,666,0.8,1.2,4788.234999999965,1.0625,480,0.7207207207207207,0.5379456978211241,0.504356614951623,0.0,7820.545584011183,0.3067226890756303,0.0,0.0,0.057723792000000884,0.0
p2_permuted_surge,n/a,0.8,17,666,0.8,1.2,4910.729999999975,1.0659722222222223,474,0.7117117117117117,0.5461187670478761,0.5008579853695116,0.0,7601.733126787167,0.31552621048419366,0.0,0.0,0.05787162500000065,0.0
p2_permuted_surge,n/a,0.8,18,666,0.8,1.2,5109.982499999969,1.0625,491,0.7372372372372372,0.546643059492567,0.49673152243364616,0.0,8393.450495651758,0.3283313325330132,0.0,0.0,0.06021041600000032,0.0
p2_permuted_surge,n/a,0.8,19,666,0.8,1.2,4669.652499999981,1.0636574074074074,460,0.6906906906906907,0.5453645376597683,0.5064673023402935,0.0,8041.733503333698,0.3005202080832333,0.0,0.0,0.05496691700000156,0.0
p2_permuted_surge,n/a,0.8,20,666,0.8,1.2,4963.267499999974,1.0636574074074074,481,0.7222222222222222,0.5583960024803053,0.49120218556435535,0.0,8254.977495433315,0.31812725090036015,0.0,0.0,0.05519891700000201,0.0
p2_permuted_surge,n/a,0.8,21,666,0.8,1.2,5070.177499999969,1.0625,474,0.7117117117117117,0.5495226405930604,0.49663028824606914,0.0,7659.770986912147,0.32272909163665464,0.0,0.0,0.05508812500000104,0.0
p2_permuted_surge,n/a,0.8,22,666,0.8,1.2,4792.727499999977,1.0613425925925926,456,0.6846846846846847,0.5331944334304318,0.5116647955435363,0.0,7359.015733389848,0.30352140856342535,0.0,0.0,0.05406537499999686,0.0
p2_permuted_surge,n/a,0.8,23,666,0.8,1.2,4939.2324999999655,1.0671296296296295,476,0.7147147147147147,0.5461583525629083,0.4984574523840324,0.0,8039.634293881632,0.31172468987595037,0.0,0.0,0.05239837499999922,0.0
p2_permuted_surge,n/a,0.8,24,666,0.8,1.2,4922.549999999971,1.068287037037037,481,0.7222222222222222,0.5543387098236209,0.4884885795320726,0.0,8122.366839523712,0.31432573029211686,0.0,0.0,0.052095582999999834,0.0
p2_permuted_surge,n/a,0.8,25,666,0.8,1.2,4904.452499999969,1.0613425925925926,471,0.7072072072072072,0.545549612726878,0.5029813089311326,0.0,7848.135669537106,0.31412565026010403,0.0,0.0,0.05391941699999947,0.0
p2_permuted_surge,n/a,0.8,26,666,0.8,1.2,5031.634999999958,1.0648148148148149,481,0.7222222222222222,0.5435370939313225,0.4970918147601433,0.0,7608.636587677077,0.3209283713485394,0.0,0.0,0.05174629100000061,0.0
p2_permuted_surge,n/a,0.8,27,666,0.8,1.2,5299.074999999959,1.0671296296296295,506,0.7597597597597597,0.5828827427798241,0.4621446504778093,0.0,8688.654713496506,0.3319327731092437,0.0,0.0,0.05288316600000087,0.0
p2_permuted_surge,n/a,0.8,28,666,0.8,1.2,5007.424999999971,1.0636574074074074,496,0.7447447447447447,0.586823391217464,0.47086936115487066,0.0,8166.873542297352,0.3201280512204882,0.0,0.0,0.054218999999999795,0.0
p2_permuted_surge,n/a,0.8,29,666,0.8,1.2,4886.564999999967,1.0659722222222223,478,0.7177177177177178,0.5486284050120862,0.49439815135832577,0.0,7878.177263217834,0.31172468987595037,0.0,0.0,0.05318541700000168,0.0
p2_permuted_surge,n/a,0.8,30,666,0.8,1.2,4961.824999999969,1.0590277777777777,468,0.7027027027027027,0.538772737049878,0.5043666274948113,0.0,7636.929771035972,0.3153261304521809,0.0,0.0,0.05489958300000097,0.0
p2_permuted_surge,n/a,1.2,1,1000,0.8,1.2,6997.584999999919,1.0914351851851851,658,0.658,0.5016992460470786,0.5418647907170699,0.0,10661.404217580217,0.4295718287314926,0.0,0.0,0.08370287500000018,0.0
p2_permuted_surge,n/a,1.2,2,1000,0.8,1.2,7255.389999999921,1.0972222222222223,658,0.658,0.4924275492511129,0.5416010277954448,0.0,10988.104300025474,0.43937575030012005,0.0,0.0,0.08428329199999851,0.0
p2_permuted_surge,n/a,1.2,3,1000,0.8,1.2,7450.789999999913,1.0925925925925926,691,0.691,0.5129588412222074,0.5296598813087523,0.0,11394.15863425292,0.4497799119647859,0.0,0.0,0.08674912499999721,0.0
p2_permuted_surge,n/a,1.2,4,1000,0.8,1.2,7182.994999999926,1.0960648148148149,650,0.65,0.49750396794667184,0.5435898128742169,0.0,10311.070530698205,0.43297318927571027,0.0,0.0,0.08520874999999961,0.0
p2_permuted_surge,n/a,1.2,5,1000,0.8,1.2,7235.612499999916,1.0960648148148149,663,0.663,0.5060428839161327,0.5373934529607121,0.0,11125.719771884418,0.4327731092436975,0.0,0.0,0.08345954199999994,0.0
p2_permuted_surge,n/a,1.2,6,1000,0.8,1.2,7078.937499999917,1.0972222222222223,661,0.661,0.4946084630219037,0.5447983626168347,0.0,11011.321213552505,0.42436974789915966,0.0,0.0,0.08418458400000262,0.0
p2_permuted_surge,n/a,1.2,7,1000,0.8,1.2,6771.927499999928,1.0925925925925926,647,0.647,0.49727793577449075,0.545474407149046,0.0,10166.719359265366,0.4169667867146859,0.0,0.0,0.08802724999999967,0.0
p2_permuted_surge,n/a,1.2,8,1000,0.8,1.2,7010.297499999929,1.1030092592592593,657,0.657,0.5012409423479549,0.5422194375184222,0.0,10678.579298471439,0.4241696678671469,0.0,0.0,0.08266854199999685,0.0
p2_permuted_surge,n/a,1.2,9,1000,0.8,1.2,6916.452499999926,1.0925925925925926,648,0.648,0.48107695099652836,0.5508930618397341,0.0,10525.331469633164,0.4223689475790316,0.0,0.0,0.07978508299999731,0.0
p2_permuted_surge,n/a,1.2,10,1000,0.8,1.2,7096.7299999999195,1.0949074074074074,650,0.65,0.475175351966987,0.550244471855863,0.0,10687.52680134436,0.4245698279311725,0.0,0.0,0.07892962500000067,0.0
p2_permuted_surge,n/a,1.2,11,1000,0.8,1.2,7064.837499999927,1.0960648148148149,645,0.645,0.4810090204877974,0.5559196563105984,0.0,10760.044275185444,0.4287715086034414,0.0,0.0,0.08099375000000109,0.0
p2_permuted_surge,n/a,1.2,12,1000,0.8,1.2,7141.69499999992,1.0972222222222223,675,0.675,0.5049156991448431,0.5358874197793912,0.0,10902.405185260688,0.44057623049219685,0.0,0.0,0.081756084000002,0.0
p2_permuted_surge,n/a,1.2,13,1000,0.8,1.2,6956.957499999922,1.099537037037037,657,0.657,0.5022552447454697,0.5381067252377612,0.0,10784.794276530283,0.4261704681872749,0.0,0.0,0.08024770900000178,0.0
p2_permuted_surge,n/a,1.2,14,1000,0.8,1.2,7327.437499999909,1.0983796296296295,668,0.668,0.5008470271074683,0.5408310007468344,0.0,11127.020140666069,0.4387755102040816,0.0,0.0,0.08121187500000104,0.0
p2_permuted_surge,n/a,1.2,15,1000,0.8,1.2,7340.949999999921,1.1006944444444444,666,0.666,0.5043292092907746,0.5308842349676746,0.0,10849.874913832722,0.4421768707482993,0.0,0.0,0.07969670800000017,0.0
p2_permuted_surge,n/a,1.2,16,1000,0.8,1.2,7101.244999999909,1.0949074074074074,668,0.668,0.49700808840683025,0.5407056698244856,0.0,10915.567033397065,0.429171668667467,0.0,0.0,0.07919754100000276,0.0
p2_permuted_surge,n/a,1.2,17,1000,0.8,1.2,7306.059999999918,1.0983796296296295,672,0.672,0.5123035708987022,0.5322910243830288,0.0,11187.007883929235,0.4425770308123249,0.0,0.0,0.07938125000000085,0.0
p2_permuted_surge,n/a,1.2,18,1000,0.8,1.2,7308.712499999912,1.099537037037037,680,0.68,0.5068595709648104,0.5341793600607674,0.0,11296.171157951241,0.44577831132452983,0.0,0.0,0.0801272080000004,0.0
p2_permuted_surge,n/a,1.2,19,1000,0.8,1.2,7080.429999999921,1.099537037037037,659,0.659,0.48982980703500756,0.5449005895730517,0.0,10638.57082839354,0.429171668667467,0.0,0.0,0.07886383299999977,0.0
p2_permuted_surge,n/a,1.2,20,1000,0.8,1.2,7281.237499999921,1.09375,679,0.679,0.5115127021762141,0.5276308715665252,0.0,11376.303382685704,0.4409763905562225,0.0,0.0,0.08198920899999962,0.0
p2_permuted_surge,n/a,1.2,21,1000,0.8,1.2,7079.297499999912,1.0972222222222223,658,0.658,0.50788868591362,0.5379161685203258,0.0,10475.516332390029,0.43197278911564624,0.0,0.0,0.09173662499999935,0.0
p2_permuted_surge,n/a,1.2,22,1000,0.8,1.2,6632.179999999921,1.09375,631,0.631,0.482707978546061,0.5559365143726356,0.0,10100.964137998853,0.40496198479391754,0.0,0.0,0.13897945899999797,0.0
p2_permuted_surge,n/a,1.2,23,1000,0.8,1.2,7408.687499999907,1.0949074074074074,694,0.694,0.5240879950818934,0.5201526612562808,0.0,11258.96063640439,0.4459783913565426,0.0,0.0,0.09349579100000227,0.0
p2_permuted_surge,n/a,1.2,24,1000,0.8,1.2,7041.504999999923,1.0925925925925926,660,0.66,0.5118927111223229,0.5317381892946693,0.0,11115.943555953185,0.42777110844337735,0.0,0.0,0.10745804199999753,0.0
p2_permuted_surge,n/a,1.2,25,1000,0.8,1.2,6783.049999999929,1.09375,649,0.649,0.4966134094452585,0.5486752570956466,0.0,10688.593454430853,0.4173669467787115,0.0,0.0,0.08811858400000006,0.0
p2_permuted_surge,n/a,1.2,26,1000,0.8,1.2,7238.754999999914,1.09375,667,0.667,0.5087800607363278,0.5333765874729535,0.0,10595.699814375806,0.43637454981992796,0.0,0.0,0.08326204100000112,0.0
p2_permuted_surge,n/a,1.2,27,1000,0.8,1.2,7406.349999999914,1.1006944444444444,693,0.693,0.5205438488210016,0.5156109796417361,0.0,11698.440982689652,0.44617847138855543,0.0,0.0,0.08008787500000025,0.0
p2_permuted_surge,n/a,1.2,28,1000,0.8,1.2,6885.057499999925,1.0972222222222223,669,0.669,0.5162533748972369,0.5304271495684829,0.0,11141.488425830721,0.42036814725890354,0.0,0.0,0.07915458399999764,0.0
p2_permuted_surge,n/a,1.2,29,1000,0.8,1.2,6952.529999999919,1.0960648148148149,663,0.663,0.5060838961831975,0.533624487409929,0.0,10649.283976798628,0.42737094837935174,0.0,0.0,0.08134541699999787,0.0
p2_permuted_surge,n/a,1.2,30,1000,0.8,1.2,7116.66499999991,1.0914351851851851,668,0.668,0.49720012693965093,0.5415535957997,0.0,11304.379207683305,0.4305722288915566,0.0,0.0,0.07954349999999977,0.0
p2_permuted_surge,n/a,2.0,1,1666,0.8,1.2,10801.134999999887,1.1388888888888888,941,0.5648259303721489,0.42577900050630524,0.6092810810482454,0.0,14592.169211465993,0.6092436974789915,0.0,0.0,0.14080812500000306,0.0
p2_permuted_surge,n/a,2.0,2,1666,0.8,1.2,11138.957499999895,1.1388888888888888,970,0.5822328931572629,0.44566347991485394,0.5915108956338881,0.0,15619.750191097866,0.6244497799119648,0.0,0.0,0.14082429200000135,0.0
p2_permuted_surge,n/a,2.0,3,1666,0.8,1.2,11423.44499999989,1.150462962962963,996,0.5978391356542617,0.44418003635880315,0.5898492477059292,0.0,15726.093415799383,0.6338535414165666,0.0,0.0,0.14272920799999866,0.0
p2_permuted_surge,n/a,2.0,4,1666,0.8,1.2,10573.247499999912,1.150462962962963,922,0.553421368547419,0.423361101046734,0.6116257140994164,0.0,14803.641867599788,0.5960384153661464,0.0,0.0,0.14408724999999833,0.0
p2_permuted_surge,n/a,2.0,5,1666,0.8,1.2,10853.3249999999,1.1400462962962963,939,0.563625450180072,0.42905433884799526,0.6077317921850405,0.0,15330.3835184485,0.6044417767106842,0.0,0.0,0.14056412500000093,0.0
p2_permuted_surge,n/a,2.0,6,1666,0.8,1.2,11420.569999999903,1.1400462962962963,989,0.5936374549819928,0.4529331064712727,0.5846533348771101,0.0,15979.41854763297,0.6286514605842337,0.0,0.0,0.14347816700000138,0.0
p2_permuted_surge,n/a,2.0,7,1666,0.8,1.2,10843.362499999903,1.1388888888888888,933,0.5600240096038416,0.4333684729851876,0.6047342703716798,0.0,15035.708137998248,0.5972388955582233,0.0,0.0,0.14178525000000164,0.0
p2_permuted_surge,n/a,2.0,8,1666,0.8,1.2,11302.909999999907,1.1400462962962963,963,0.578031212484994,0.437824362912878,0.5991471874725085,0.0,15456.921158063538,0.6240496198479392,0.0,0.0,0.14434679100000025,0.0
p2_permuted_surge,n/a,2.0,9,1666,0.8,1.2,10678.834999999894,1.1412037037037037,937,0.5624249699879952,0.4126745300052787,0.6141233955872734,0.0,14874.307679185555,0.5946378551420568,0.0,0.0,0.14189354099999818,0.0
p2_permuted_surge,n/a,2.0,10,1666,0.8,1.2,11087.139999999912,1.1446759259259258,968,0.581032412965186,0.4326362864512302,0.5983034423842213,0.0,15197.496872611704,0.6072428971588636,0.0,0.0,0.14143895900000203,0.0
p2_permuted_surge,n/a,2.0,11,1666,0.8,1.2,10666.577499999905,1.1400462962962963,947,0.5684273709483794,0.4284870420375388,0.6066657425082005,0.0,15306.911178040024,0.6038415366146459,0.0,0.0,0.22630491699999666,0.0
p2_permuted_surge,n/a,2.0,12,1666,0.8,1.2,10926.54249999991,1.1469907407407407,955,0.5732292917166867,0.4357595157261916,0.6010774322014227,0.0,15128.07882894892,0.6094437775110044,0.0,0.0,0.14391133299999836,0.0
p2_permuted_surge,n/a,2.0,13,1666,0.8,1.2,10865.059999999898,1.1377314814814814,957,0.5744297719087635,0.43541935179994673,0.5988503546113955,0.0,15330.151580213598,0.6074429771908764,0.0,0.0,0.14274870799999917,0.0
p2_permuted_surge,n/a,2.0,14,1666,0.8,1.2,10918.464999999893,1.1331018518518519,943,0.5660264105642256,0.43068205968307005,0.6040889119838417,0.0,15714.734959150057,0.6068427370948379,0.0,0.0,0.1449627090000014,0.0
p2_permuted_surge,n/a,2.0,15,1666,0.8,1.2,10932.814999999908,1.1423611111111112,955,0.5732292917166867,0.4355594798798168,0.5986694580011453,0.0,15207.631370793963,0.6114445778311325,0.0,0.0,0.14334154100000163,0.0
p2_permuted_surge,n/a,2.0,16,1666,0.8,1.2,11261.3124999999,1.1516203703703705,983,0.5900360144057623,0.44898832819124895,0.588763200125995,0.0,15539.788439961856,0.6236494597839136,0.0,0.0,0.14448920799999954,0.0
p2_permuted_surge,n/a,2.0,17,1666,0.8,1.2,11363.104999999903,1.1469907407407407,979,0.5876350540216086,0.4435471051366851,0.5931477656754769,0.0,15527.69938090366,0.6260504201680672,0.0,0.0,0.14676141700000045,0.0
p2_permuted_surge,n/a,2.0,18,1666,0.8,1.2,11313.064999999919,1.1423611111111112,982,0.5894357743097239,0.4382030908438372,0.5957257393487236,0.0,15758.86906490854,0.6286514605842337,0.0,0.0,0.15139283300000272,0.0
p2_permuted_surge,n/a,2.0,19,1666,0.8,1.2,10840.874999999905,1.1458333333333333,958,0.575030012004802,0.4366321783722957,0.5987006940472386,0.0,15525.380607846177,0.6094437775110044,0.0,0.0,0.14293983399999988,0.0
p2_permuted_surge,n/a,2.0,20,1666,0.8,1.2,11396.209999999912,1.1412037037037037,979,0.5876350540216086,0.43570666247797074,0.5952119381234287,0.0,15881.194740612656,0.6306522609043618,0.0,0.0,0.14461541699999714,0.0
p2_permuted_surge,n/a,2.0,21,1666,0.8,1.2,11023.447499999897,1.1388888888888888,962,0.5774309723889556,0.4362526632518087,0.5992294879809001,0.0,15348.600730942626,0.6166466586634654,0.0,0.0,0.14506645799999873,0.0
p2_permuted_surge,n/a,2.0,22,1666,0.8,1.2,10496.584999999886,1.1342592592592593,949,0.5696278511404562,0.41967616440736266,0.6064875112360824,0.0,15222.117162008744,0.5922368947579032,0.0,0.0,0.1430265829999975,0.0
p2_permuted_surge,n/a,2.0,23,1666,0.8,1.2,10657.577499999894,1.1435185185185186,936,0.5618247298919568,0.4258309678552072,0.6076670949577387,0.0,15452.847963000753,0.5940376150460184,0.0,0.0,0.15112849999999867,0.0
p2_permuted_surge,n/a,2.0,24,1666,0.8,1.2,11012.377499999904,1.1412037037037037,946,0.5678271308523409,0.4340939617310917,0.603523710618582,0.0,15768.70537469894,0.6086434573829532,0.0,0.0,0.14190479199999828,0.0
p2_permuted_surge,n/a,2.0,25,1666,0.8,1.2,11110.55499999992,1.1412037037037037,960,0.5762304921968787,0.4350536425816238,0.601890467510463,0.0,15358.585700550924,0.6144457783113245,0.0,0.0,0.15112145799999865,0.0
p2_permuted_surge,n/a,2.0,26,1666,0.8,1.2,10896.027499999893,1.1458333333333333,956,0.5738295318127251,0.4357785148411787,0.5986062709881455,0.0,15638.408846997672,0.6122448979591837,0.0,0.0,0.21003149999999948,0.0
p2_permuted_surge,n/a,2.0,27,1666,0.8,1.2,11208.157499999917,1.1527777777777777,958,0.575030012004802,0.43978478392127596,0.5961583991368391,0.0,15593.819237635316,0.6116446578631453,0.0,0.0,0.1723218750000015,0.0
p2_permuted_surge,n/a,2.0,28,1666,0.8,1.2,10728.934999999894,1.1435185185185186,972,0.5834333733493398,0.45648942325167396,0.5854612853749772,0.0,15779.92944335788,0.5990396158463386,0.0,0.0,0.1569577080000002,0.0
p2_permuted_surge,n/a,2.0,29,1666,0.8,1.2,10837.219999999908,1.1412037037037037,955,0.5732292917166867,0.43373249099083516,0.5993876507244571,0.0,15008.545149408137,0.6020408163265306,0.0,0.0,0.15532916600000135,0.0
p2_permuted_surge,n/a,2.0,30,1666,0.8,1.2,11243.002499999906,1.1435185185185186,969,0.5816326530612245,0.44645809156631516,0.5912577075202787,0.0,15410.268617062931,0.6186474589835934,0.0,0.0,0.1454077090000041,0.0
