strategy,rho,seed,replicate,effort,n_requests,n_satisfied,success_rate,jains_index,gini,worst_decile_utility,social_welfare,utilization,illegal_allocation_rate,parse_failure_rate,decision_latency_s,cost_usd
random,0.8,1,1,n/a,192,43,0.22395833333333334,0.18187905718597233,0.837515560628566,0.0,647.950040250614,0.0875,0.0,0.0,0.006156917000000012,0.0
random,0.8,2,1,n/a,192,45,0.234375,0.17588148436442672,0.8387604125414987,0.0,669.1278893651684,0.09236111111111112,0.0,0.0,0.005978125000000001,0.0
random,0.8,3,1,n/a,192,45,0.234375,0.17942163884469045,0.8349449718949582,0.0,699.878076148786,0.09236111111111112,0.0,0.0,0.0055436249999999965,0.0
random,0.8,4,1,n/a,192,43,0.22395833333333334,0.17179428824603774,0.8419796954380725,0.0,615.302399936279,0.09652777777777778,0.0,0.0,0.005784541000000004,0.0
random,0.8,5,1,n/a,192,47,0.24479166666666666,0.1633893700209232,0.8407575806454877,0.0,670.6087245913833,0.10347222222222222,0.0,0.0,0.005819707999999979,0.0
random,0.8,6,1,n/a,192,46,0.23958333333333334,0.1795589584242212,0.8322314151756609,0.0,731.9675890540776,0.10208333333333333,0.0,0.0,0.005798749999999964,0.0
random,0.8,7,1,n/a,192,39,0.203125,0.15911455434371832,0.8556734137117439,0.0,522.7749146983052,0.07847222222222222,0.0,0.0,0.005537917000000003,0.0
random,0.8,8,1,n/a,192,44,0.22916666666666666,0.16906882075397406,0.8460235779399061,0.0,653.2806609685892,0.10347222222222222,0.0,0.0,0.03488216599999999,0.0
random,0.8,9,1,n/a,192,38,0.19791666666666666,0.14789469450109646,0.8589512709798142,0.0,566.8799769664148,0.08263888888888889,0.0,0.0,0.006715417000000001,0.0
random,0.8,10,1,n/a,192,49,0.2552083333333333,0.1699086198434623,0.8401393860290849,0.0,771.6461405211832,0.10069444444444445,0.0,0.0,0.007875999999999994,0.0
random,0.8,11,1,n/a,192,48,0.25,0.18526980746715657,0.8279389875855787,0.0,703.518860301296,0.10277777777777777,0.0,0.0,0.006714332999999961,0.0
random,0.8,12,1,n/a,192,43,0.22395833333333334,0.1676147117713396,0.8465575860861083,0.0,646.7768829407371,0.09375,0.0,0.0,0.006098374999999989,0.0
random,0.8,13,1,n/a,192,48,0.25,0.199942789285361,0.8139290881397754,0.0,636.5025487509097,0.10138888888888889,0.0,0.0,0.00593845799999998,0.0
random,0.8,14,1,n/a,192,44,0.22916666666666666,0.17324444101235162,0.8431227518377289,0.0,685.4622170671192,0.09652777777777778,0.0,0.0,0.006172915999999973,0.0
random,0.8,15,1,n/a,192,45,0.234375,0.19512584041249875,0.8237176492383547,0.0,739.4125105420325,0.08958333333333333,0.0,0.0,0.02212583300000004,0.0
random,0.8,16,1,n/a,192,46,0.23958333333333334,0.17443473414701596,0.8407055202919262,0.0,735.4730745618564,0.09722222222222222,0.0,0.0,0.027580582999999992,0.0
random,0.8,17,1,n/a,192,53,0.2760416666666667,0.2092598007977223,0.8095357104460545,0.0,830.1797035758087,0.10694444444444444,0.0,0.0,0.00713033399999996,0.0
random,0.8,18,1,n/a,192,50,0.2604166666666667,0.1885793277803191,0.8208199535871026,0.0,790.2713354035207,0.10208333333333333,0.0,0.0,0.012589209000000157,0.0
random,0.8,19,1,n/a,192,47,0.24479166666666666,0.19081941951546436,0.8267410892767706,0.0,645.0580968548403,0.11388888888888889,0.0,0.0,0.008530041999999849,0.0
random,0.8,20,1,n/a,192,44,0.22916666666666666,0.1765560229415531,0.8394805991581811,0.0,756.4628207565275,0.0875,0.0,0.0,0.010957166999999934,0.0
random,0.8,21,1,n/a,192,39,0.203125,0.15756697588679056,0.8565222881624377,0.0,600.130465224572,0.09236111111111112,0.0,0.0,0.017650041999999644,0.0
random,0.8,22,1,n/a,192,61,0.3177083333333333,0.26941064895450195,0.758572477845987,0.0,764.2885184379833,0.1388888888888889,0.0,0.0,0.006862958000000141,0.0
random,0.8,23,1,n/a,192,46,0.23958333333333334,0.2001180146021345,0.8202457468088669,0.0,675.7739196559137,0.09513888888888888,0.0,0.0,0.007653290999999562,0.0
random,0.8,24,1,n/a,192,54,0.28125,0.21333006348441952,0.8054487037677107,0.0,720.2487116705462,0.11388888888888889,0.0,0.0,0.013741541999999995,0.0
random,0.8,25,1,n/a,192,57,0.296875,0.2131790812567718,0.8043657641370283,0.0,851.8938531919146,0.12986111111111112,0.0,0.0,0.01311179100000004,0.0
random,0.8,26,1,n/a,192,38,0.19791666666666666,0.15439796002450426,0.8531199715812672,0.0,566.3091565245923,0.08472222222222223,0.0,0.0,0.008532791000000373,0.0
random,0.8,27,1,n/a,192,47,0.24479166666666666,0.19388902460316496,0.822589760707148,0.0,786.2202240620219,0.10486111111111111,0.0,0.0,0.00716349999999899,0.0
random,0.8,28,1,n/a,192,42,0.21875,0.1633629949183732,0.8510253422711456,0.0,630.8761089453998,0.08472222222222223,0.0,0.0,0.006274582999999723,0.0
random,0.8,29,1,n/a,192,39,0.203125,0.1575449499441549,0.8572654202979739,0.0,675.7797144232544,0.07847222222222222,0.0,0.0,0.009116041999998714,0.0
random,0.8,30,1,n/a,192,43,0.22395833333333334,0.18034940507461952,0.837420832340735,0.0,704.7694609574977,0.09791666666666667,0.0,0.0,0.008096374999999156,0.0
random,0.8,31,1,n/a,192,38,0.19791666666666666,0.15215898379711695,0.8625949920130203,0.0,637.031192406924,0.0798611111111111,0.0,0.0,0.007151792000000157,0.0
random,0.8,32,1,n/a,192,48,0.25,0.18871906872806002,0.8218585988330125,0.0,769.1489245243633,0.10694444444444444,0.0,0.0,0.011070499999998873,0.0
random,0.8,33,1,n/a,192,52,0.2708333333333333,0.20625009453704188,0.8094244257231966,0.0,764.6165563073912,0.11319444444444444,0.0,0.0,0.00864066699999988,0.0
random,0.8,34,1,n/a,192,47,0.24479166666666666,0.1984758416782237,0.821200284323373,0.0,667.3421895532739,0.09861111111111111,0.0,0.0,0.007233916000000562,0.0
random,0.8,35,1,n/a,192,46,0.23958333333333334,0.17526256891181405,0.838832100081204,0.0,842.7883900709279,0.10416666666666667,0.0,0.0,0.006411416000000614,0.0
random,0.8,36,1,n/a,192,43,0.22395833333333334,0.1692978905698587,0.8428103589679183,0.0,670.0779329122332,0.09027777777777778,0.0,0.0,0.005815291999999417,0.0
random,0.8,37,1,n/a,192,50,0.2604166666666667,0.19286648459554556,0.8215595929836395,0.0,787.9492493638901,0.10833333333333334,0.0,0.0,0.005753999999999593,0.0
random,0.8,38,1,n/a,192,54,0.28125,0.2131927449144452,0.8052504168756547,0.0,796.4192250958371,0.13194444444444445,0.0,0.0,0.005502790999999618,0.0
random,0.8,39,1,n/a,192,44,0.22916666666666666,0.18329707635755657,0.8355153338828081,0.0,759.1586415716723,0.09791666666666667,0.0,0.0,0.0055227080000008755,0.0
random,0.8,40,1,n/a,192,49,0.2552083333333333,0.17771440741527772,0.824052992635117,0.0,770.0768420742966,0.09722222222222222,0.0,0.0,0.005741875000000007,0.0
random,0.8,41,1,n/a,192,46,0.23958333333333334,0.1721443125468812,0.8341260598970119,0.0,687.0605727024463,0.10138888888888889,0.0,0.0,0.005621208999999183,0.0
random,0.8,42,1,n/a,192,54,0.28125,0.22515878212947948,0.795022122027299,0.0,819.8414881589683,0.11527777777777778,0.0,0.0,0.005632124999999988,0.0
random,0.8,43,1,n/a,192,43,0.22395833333333334,0.18175148990650428,0.8345676737277858,0.0,520.8043452336382,0.09861111111111111,0.0,0.0,0.005585749999999834,0.0
random,0.8,44,1,n/a,192,56,0.2916666666666667,0.21673249721581175,0.8044147273468509,0.0,963.3821110486273,0.11944444444444445,0.0,0.0,0.005695833999999067,0.0
random,0.8,45,1,n/a,192,52,0.2708333333333333,0.19935338143889128,0.8172673702154747,0.0,787.9650303261202,0.11527777777777778,0.0,0.0,0.005338874999999632,0.0
random,0.8,46,1,n/a,192,42,0.21875,0.17659996462111044,0.8414470342586455,0.0,708.3696152287381,0.09583333333333334,0.0,0.0,0.005509125000001447,0.0
random,0.8,47,1,n/a,192,36,0.1875,0.14080566392441737,0.8707923769690782,0.0,562.3766777162731,0.08125,0.0,0.0,0.005469291000000709,0.0
random,0.8,48,1,n/a,192,50,0.2604166666666667,0.18696712277813918,0.8236463945765191,0.0,786.4752596141147,0.10486111111111111,0.0,0.0,0.005472834000000759,0.0
random,0.8,49,1,n/a,192,54,0.28125,0.21413136414292377,0.8009839400961949,0.0,856.6949729758753,0.12013888888888889,0.0,0.0,0.005600624999999582,0.0
random,0.8,50,1,n/a,192,47,0.24479166666666666,0.19070567558012302,0.8247791002517524,0.0,666.900569505923,0.10138888888888889,0.0,0.0,0.013215957999999972,0.0
random,0.8,51,1,n/a,192,40,0.20833333333333334,0.14462665785945758,0.8634587668865843,0.0,640.5218697446684,0.07847222222222222,0.0,0.0,0.009116707999998752,0.0
random,0.8,52,1,n/a,192,41,0.21354166666666666,0.1630534913924453,0.85393525239149,0.0,609.9944626465478,0.08541666666666667,0.0,0.0,0.007451666999999773,0.0
random,0.8,53,1,n/a,192,52,0.2708333333333333,0.22516834917814815,0.7955857348447068,0.0,839.5033113591682,0.11597222222222223,0.0,0.0,0.006565249999999523,0.0
random,0.8,54,1,n/a,192,52,0.2708333333333333,0.20001642107849443,0.8182120196495202,0.0,801.6809800790799,0.11319444444444444,0.0,0.0,0.005881707999998653,0.0
random,0.8,55,1,n/a,192,39,0.203125,0.14569752047543694,0.8605866030049107,0.0,539.4214525396956,0.07916666666666666,0.0,0.0,0.005601667000000532,0.0
random,0.8,56,1,n/a,192,44,0.22916666666666666,0.18637370990978777,0.8320061489177675,0.0,714.8726134656894,0.08958333333333333,0.0,0.0,0.005609583000000029,0.0
random,0.8,57,1,n/a,192,40,0.20833333333333334,0.15400429643652197,0.8543173032293769,0.0,665.6842590108033,0.08611111111111111,0.0,0.0,0.005473708000000244,0.0
random,0.8,58,1,n/a,192,45,0.234375,0.18618407521201347,0.829961023839145,0.0,700.6831375529908,0.10069444444444445,0.0,0.0,0.005531541999999945,0.0
random,0.8,59,1,n/a,192,40,0.20833333333333334,0.16501009054813023,0.8499163775641301,0.0,656.8362874518596,0.08888888888888889,0.0,0.0,0.005478790999999816,0.0
random,0.8,60,1,n/a,192,37,0.19270833333333334,0.13552811758584712,0.8758815495404408,0.0,683.0194004343158,0.08055555555555556,0.0,0.0,0.005833708000000826,0.0
random,1.2,1,1,n/a,288,73,0.2534722222222222,0.19245225137951769,0.8218366830686643,0.0,1171.994805892911,0.15069444444444444,0.0,0.0,0.013398584000000824,0.0
random,1.2,2,1,n/a,288,58,0.2013888888888889,0.1482641236037267,0.8633055505474481,0.0,943.9508728957542,0.12361111111111112,0.0,0.0,0.011741250000000036,0.0
random,1.2,3,1,n/a,288,73,0.2534722222222222,0.19743209246801288,0.8200012942234429,0.0,1008.2163610867937,0.15138888888888888,0.0,0.0,0.010902749999999628,0.0
random,1.2,4,1,n/a,288,60,0.20833333333333334,0.1461507932478269,0.8625844042544841,0.0,936.5014048790742,0.125,0.0,0.0,0.009174790999999516,0.0
random,1.2,5,1,n/a,288,73,0.2534722222222222,0.19665960005648045,0.8201360430389286,0.0,1130.6192107620443,0.15,0.0,0.0,0.008805957999999947,0.0
random,1.2,6,1,n/a,288,67,0.2326388888888889,0.1796737922302834,0.8362777830856316,0.0,1022.2994071949022,0.14375,0.0,0.0,0.008713290999999401,0.0
random,1.2,7,1,n/a,288,72,0.25,0.1884887784895416,0.8260271213784536,0.0,1084.3588554159646,0.15208333333333332,0.0,0.0,0.009039041999997721,0.0
random,1.2,8,1,n/a,288,71,0.2465277777777778,0.17513264948827947,0.8340306210781665,0.0,1074.2664285555663,0.15625,0.0,0.0,0.009067625000000135,0.0
random,1.2,9,1,n/a,288,75,0.2604166666666667,0.189864898416075,0.8214599618816789,0.0,1163.1535175945176,0.15416666666666667,0.0,0.0,0.008859959000002249,0.0
random,1.2,10,1,n/a,288,69,0.23958333333333334,0.18588779550330284,0.832398316924122,0.0,1193.3394733012633,0.1423611111111111,0.0,0.0,0.008696707999998665,0.0
random,1.2,11,1,n/a,288,84,0.2916666666666667,0.21629295752069144,0.7992458266024198,0.0,1225.5198121499734,0.1798611111111111,0.0,0.0,0.012045166000000052,0.0
random,1.2,12,1,n/a,288,82,0.2847222222222222,0.21967597030909455,0.796752084607776,0.0,1210.204485092265,0.1798611111111111,0.0,0.0,0.01947187499999714,0.0
random,1.2,13,1,n/a,288,66,0.22916666666666666,0.17682912621428265,0.8319175120093489,0.0,1057.3966027235563,0.14444444444444443,0.0,0.0,0.00916649999999919,0.0
random,1.2,14,1,n/a,288,59,0.2048611111111111,0.1490101333988319,0.8630120485804111,0.0,920.6081274669677,0.13194444444444445,0.0,0.0,0.014831792000002508,0.0
random,1.2,15,1,n/a,288,66,0.22916666666666666,0.16276496901630105,0.8419510445706886,0.0,1045.694598542593,0.1451388888888889,0.0,0.0,0.017473624999997384,0.0
random,1.2,16,1,n/a,288,54,0.1875,0.12578536029567278,0.8789576822361218,0.0,804.9963258347748,0.11041666666666666,0.0,0.0,0.011544415999999558,0.0
random,1.2,17,1,n/a,288,77,0.2673611111111111,0.20677314872322175,0.81043593581574,0.0,1175.6984406300362,0.16458333333333333,0.0,0.0,0.009952499999997144,0.0
random,1.2,18,1,n/a,288,75,0.2604166666666667,0.20792409104549053,0.810564884925367,0.0,1190.6261172721747,0.1638888888888889,0.0,0.0,0.017241083000001822,0.0
random,1.2,19,1,n/a,288,66,0.22916666666666666,0.1793624833872504,0.835439587508183,0.0,1002.7130145723172,0.13472222222222222,0.0,0.0,0.01734654100000199,0.0
random,1.2,20,1,n/a,288,71,0.2465277777777778,0.19610761587574096,0.8223860482004406,0.0,1146.8142896697498,0.14583333333333334,0.0,0.0,0.011389541999999864,0.0
random,1.2,21,1,n/a,288,60,0.20833333333333334,0.15527175536180618,0.8575322719074332,0.0,852.0923599684155,0.14097222222222222,0.0,0.0,0.0096978330000006,0.0
random,1.2,22,1,n/a,288,63,0.21875,0.16680396669753023,0.8443240787524151,0.0,1041.662429304724,0.1326388888888889,0.0,0.0,0.008747708000001353,0.0
random,1.2,23,1,n/a,288,71,0.2465277777777778,0.18585481184610264,0.8306987080087551,0.0,1053.618870729612,0.14166666666666666,0.0,0.0,0.00847408299999941,0.0
random,1.2,24,1,n/a,288,65,0.22569444444444445,0.15634436780070962,0.8499864070322056,0.0,1004.3599939339658,0.13958333333333334,0.0,0.0,0.008332417000001868,0.0
random,1.2,25,1,n/a,288,68,0.2361111111111111,0.17106574779217515,0.8434594811397569,0.0,1096.6414232924292,0.14930555555555555,0.0,0.0,0.008479334000000449,0.0
random,1.2,26,1,n/a,288,64,0.2222222222222222,0.16401956609774906,0.8495766532993279,0.0,1005.4504201264439,0.15138888888888888,0.0,0.0,0.008337167000000534,0.0
random,1.2,27,1,n/a,288,86,0.2986111111111111,0.2249552270844244,0.7903613397556868,0.0,1251.598397768388,0.1875,0.0,0.0,0.008817666999998863,0.0
random,1.2,28,1,n/a,288,65,0.22569444444444445,0.17927072454015655,0.8394670029159179,0.0,978.6804292223105,0.13125,0.0,0.0,0.008370958000000428,0.0
random,1.2,29,1,n/a,288,58,0.2013888888888889,0.15044604787085827,0.8608772075094144,0.0,921.0288371575984,0.125,0.0,0.0,0.008509374999999153,0.0
random,1.2,30,1,n/a,288,73,0.2534722222222222,0.2006478486466844,0.816688675938501,0.0,1145.8370916470747,0.15833333333333333,0.0,0.0,0.008422667000001383,0.0
random,1.2,31,1,n/a,288,62,0.2152777777777778,0.16635783184608693,0.8498786620197816,0.0,978.828690167214,0.125,0.0,0.0,0.008251707999999525,0.0
random,1.2,32,1,n/a,288,53,0.1840277777777778,0.14600270059253156,0.8686470047347241,0.0,823.8121792155666,0.11319444444444444,0.0,0.0,0.008258957999998984,0.0
random,1.2,33,1,n/a,288,74,0.2569444444444444,0.19468818423281833,0.8211750756671026,0.0,1222.2708864710035,0.17847222222222223,0.0,0.0,0.008564082999999556,0.0
random,1.2,34,1,n/a,288,66,0.22916666666666666,0.18065982277146744,0.8379075523500763,0.0,972.5390123970858,0.13194444444444445,0.0,0.0,0.008480625000000686,0.0
random,1.2,35,1,n/a,288,63,0.21875,0.1609861943634487,0.8519053534401912,0.0,890.6367677573426,0.1375,0.0,0.0,0.00843470899999943,0.0
random,1.2,36,1,n/a,288,71,0.2465277777777778,0.19009983803418265,0.826340015278429,0.0,1102.1849176008955,0.15625,0.0,0.0,0.008513541999999319,0.0
random,1.2,37,1,n/a,288,82,0.2847222222222222,0.21420381500300154,0.8037367864432086,0.0,1091.823216782399,0.19305555555555556,0.0,0.0,0.008846999999999383,0.0
random,1.2,38,1,n/a,288,67,0.2326388888888889,0.17709962527208792,0.8371741895126166,0.0,1206.0555167538105,0.14791666666666667,0.0,0.0,0.008448459000000241,0.0
random,1.2,39,1,n/a,288,57,0.19791666666666666,0.1522941046278762,0.8614340219375338,0.0,865.8526711041202,0.125,0.0,0.0,0.008602749999997883,0.0
random,1.2,40,1,n/a,288,59,0.2048611111111111,0.1626431516721875,0.8522364226050212,0.0,936.7743998414016,0.1284722222222222,0.0,0.0,0.008359625000000648,0.0
random,1.2,41,1,n/a,288,64,0.2222222222222222,0.16398655810326926,0.8454688514273239,0.0,898.2984401409735,0.13333333333333333,0.0,0.0,0.00836166599999899,0.0
random,1.2,42,1,n/a,288,71,0.2465277777777778,0.17375259614056746,0.8320751575831775,0.0,1127.952287822713,0.15138888888888888,0.0,0.0,0.008936500000000791,0.0
random,1.2,43,1,n/a,288,66,0.22916666666666666,0.16859176788400818,0.8449483669463762,0.0,1078.2403869448779,0.14583333333333334,0.0,0.0,0.00839312499999778,0.0
random,1.2,44,1,n/a,288,67,0.2326388888888889,0.1733184101088782,0.8431526138406813,0.0,1139.5077624672722,0.13680555555555557,0.0,0.0,0.009166624999998874,0.0
random,1.2,45,1,n/a,288,69,0.23958333333333334,0.18423852698443177,0.8297493258813844,0.0,1041.1165264776737,0.14375,0.0,0.0,0.008204833000000633,0.0
random,1.2,46,1,n/a,288,77,0.2673611111111111,0.20283981232229556,0.8111895612430908,0.0,1205.7532405370273,0.16458333333333333,0.0,0.0,0.008544875000001895,0.0
random,1.2,47,1,n/a,288,66,0.22916666666666666,0.17866973367138556,0.8373447926114324,0.0,1107.443423036754,0.1375,0.0,0.0,0.008478416999999183,0.0
random,1.2,48,1,n/a,288,68,0.2361111111111111,0.18385081987555987,0.8295232545348439,0.0,1040.0562841201715,0.15,0.0,0.0,0.008321999999999719,0.0
random,1.2,49,1,n/a,288,66,0.22916666666666666,0.1785032136296499,0.8337271577858101,0.0,1055.8171755905882,0.13958333333333334,0.0,0.0,0.008270208000002555,0.0
random,1.2,50,1,n/a,288,75,0.2604166666666667,0.18698782670180605,0.8206862362446512,0.0,993.0639501603957,0.17222222222222222,0.0,0.0,0.008538666999999833,0.0
random,1.2,51,1,n/a,288,61,0.21180555555555555,0.16774197015068112,0.8473012259870121,0.0,856.4583373911328,0.1388888888888889,0.0,0.0,0.00826020799999938,0.0
random,1.2,52,1,n/a,288,74,0.2569444444444444,0.18497537461341879,0.8271532641936901,0.0,1131.2957729232812,0.15625,0.0,0.0,0.008577583000000999,0.0
random,1.2,53,1,n/a,288,61,0.21180555555555555,0.15685949557270842,0.8517361409051594,0.0,895.3541273354062,0.12986111111111112,0.0,0.0,0.008240084000000536,0.0
random,1.2,54,1,n/a,288,75,0.2604166666666667,0.1838713986866084,0.8272323753161899,0.0,1121.3807458186755,0.17152777777777778,0.0,0.0,0.008368916999998532,0.0
random,1.2,55,1,n/a,288,83,0.2881944444444444,0.2133888623586052,0.8002483098020201,0.0,1183.0635446742124,0.17222222222222222,0.0,0.0,0.008550250000002535,0.0
random,1.2,56,1,n/a,288,72,0.25,0.18976402584644275,0.8258593093237883,0.0,1098.2942243228392,0.15416666666666667,0.0,0.0,0.008561917000001529,0.0
random,1.2,57,1,n/a,288,60,0.20833333333333334,0.15514240688546538,0.855296402137115,0.0,850.0274284499986,0.12361111111111112,0.0,0.0,0.008426124999999729,0.0
random,1.2,58,1,n/a,288,55,0.1909722222222222,0.15262885050613784,0.8615749361073828,0.0,825.3436020588039,0.11805555555555555,0.0,0.0,0.008528667000000212,0.0
random,1.2,59,1,n/a,288,63,0.21875,0.15523254930571304,0.8565477919273137,0.0,923.7211583593883,0.1375,0.0,0.0,0.008374291999999173,0.0
random,1.2,60,1,n/a,288,61,0.21180555555555555,0.15955487797708534,0.8571012541231948,0.0,1012.649165099894,0.1388888888888889,0.0,0.0,0.018142292000000282,0.0
random,2.0,1,1,n/a,480,121,0.2520833333333333,0.1972554035985654,0.8213115772580786,0.0,1891.586879484248,0.2763888888888889,0.0,0.0,0.02580495799999838,0.0
random,2.0,2,1,n/a,480,105,0.21875,0.16384176983683862,0.8487108068484666,0.0,1730.3484408858255,0.23402777777777778,0.0,0.0,0.017256541999998376,0.0
random,2.0,3,1,n/a,480,130,0.2708333333333333,0.20808239034327308,0.8085885977206799,0.0,1923.0582359280297,0.2847222222222222,0.0,0.0,0.015036832999999916,0.0
random,2.0,4,1,n/a,480,109,0.22708333333333333,0.1676947606821179,0.8431631472460743,0.0,1551.38358975844,0.23402777777777778,0.0,0.0,0.024608416999999605,0.0
random,2.0,5,1,n/a,480,130,0.2708333333333333,0.20085756933878654,0.8151682906944862,0.0,2063.6188552898707,0.26805555555555555,0.0,0.0,0.01695366699999923,0.0
random,2.0,6,1,n/a,480,110,0.22916666666666666,0.1666205152720276,0.845881145054729,0.0,1780.0932347196801,0.23958333333333334,0.0,0.0,0.014753499999997643,0.0
random,2.0,7,1,n/a,480,108,0.225,0.1675987760642941,0.8431936470317689,0.0,1605.3912672074398,0.23055555555555557,0.0,0.0,0.01404316699999697,0.0
random,2.0,8,1,n/a,480,93,0.19375,0.14228054194986559,0.8679329942211724,0.0,1364.7892318334552,0.20694444444444443,0.0,0.0,0.013949374999999264,0.0
random,2.0,9,1,n/a,480,115,0.23958333333333334,0.1665288540160628,0.8421857721215851,0.0,1733.6636179065936,0.2465277777777778,0.0,0.0,0.014397625000000858,0.0
random,2.0,10,1,n/a,480,117,0.24375,0.190893145945824,0.8273114172172844,0.0,1790.111423407821,0.2569444444444444,0.0,0.0,0.014624624999999725,0.0
random,2.0,11,1,n/a,480,96,0.2,0.14037200265750863,0.8690490254849725,0.0,1576.0281514172198,0.19027777777777777,0.0,0.0,0.014669041000001215,0.0
random,2.0,12,1,n/a,480,122,0.25416666666666665,0.18906689157713202,0.825956420991427,0.0,1888.1662457966002,0.26180555555555557,0.0,0.0,0.01480529199999836,0.0
random,2.0,13,1,n/a,480,122,0.25416666666666665,0.17334145436205953,0.8306122807405547,0.0,2021.207090988795,0.2625,0.0,0.0,0.0153589580000002,0.0
random,2.0,14,1,n/a,480,118,0.24583333333333332,0.18159243831748295,0.82864225887307,0.0,1811.8837819879286,0.26805555555555555,0.0,0.0,0.015051833000001125,0.0
random,2.0,15,1,n/a,480,106,0.22083333333333333,0.14662412494849378,0.8468935075209272,0.0,1617.6550260807053,0.22847222222222222,0.0,0.0,0.014373665999997343,0.0
random,2.0,16,1,n/a,480,110,0.22916666666666666,0.17712209857439992,0.8379444291426668,0.0,1610.018909818903,0.22291666666666668,0.0,0.0,0.01453866700000006,0.0
random,2.0,17,1,n/a,480,118,0.24583333333333332,0.18833197327139015,0.8268602607051556,0.0,1837.7578008890139,0.2548611111111111,0.0,0.0,0.01524891600000089,0.0
random,2.0,18,1,n/a,480,107,0.22291666666666668,0.16618824865954832,0.8487315752598101,0.0,1620.1783331222016,0.22847222222222222,0.0,0.0,0.014288042000000445,0.0
random,2.0,19,1,n/a,480,116,0.24166666666666667,0.1887863480917945,0.8274554619653007,0.0,1713.9590421557723,0.25069444444444444,0.0,0.0,0.014675291999999729,0.0
random,2.0,20,1,n/a,480,115,0.23958333333333334,0.18590230691546145,0.8310365518093161,0.0,1854.0453964629005,0.2361111111111111,0.0,0.0,0.014656207999998117,0.0
random,2.0,21,1,n/a,480,105,0.21875,0.1617220360893347,0.8498472905867835,0.0,1602.5771633696236,0.23333333333333334,0.0,0.0,0.014431250000001228,0.0
random,2.0,22,1,n/a,480,109,0.22708333333333333,0.16462883947831775,0.8451749748318804,0.0,1564.9173701180098,0.23541666666666666,0.0,0.0,0.014320791999999471,0.0
random,2.0,23,1,n/a,480,115,0.23958333333333334,0.1855286695504593,0.8298578190012456,0.0,1721.0418035190905,0.2569444444444444,0.0,0.0,0.01496075000000019,0.0
random,2.0,24,1,n/a,480,107,0.22291666666666668,0.16877225860940456,0.8446925538304189,0.0,1508.998332685057,0.24305555555555555,0.0,0.0,0.014394916000000535,0.0
random,2.0,25,1,n/a,480,108,0.225,0.1733067331567363,0.8401364017611699,0.0,1715.6156937751598,0.22847222222222222,0.0,0.0,0.015287499999999454,0.0
random,2.0,26,1,n/a,480,102,0.2125,0.1626567041158319,0.8505684974979435,0.0,1588.00717059596,0.22569444444444445,0.0,0.0,0.01468912499999675,0.0
random,2.0,27,1,n/a,480,129,0.26875,0.19636577676858702,0.8133646064451328,0.0,2078.8587308257734,0.2833333333333333,0.0,0.0,0.01492670799999729,0.0
random,2.0,28,1,n/a,480,123,0.25625,0.20410849462533245,0.8164474844532761,0.0,1931.9198810514563,0.2590277777777778,0.0,0.0,0.015698624999998856,0.0
random,2.0,29,1,n/a,480,112,0.23333333333333334,0.16520643787685527,0.8430389756602872,0.0,1695.09762339615,0.23194444444444445,0.0,0.0,0.015087832999999051,0.0
random,2.0,30,1,n/a,480,134,0.2791666666666667,0.21191541986746162,0.8022415678082233,0.0,2064.7669403732243,0.29375,0.0,0.0,0.015026666000000688,0.0
random,2.0,31,1,n/a,480,115,0.23958333333333334,0.1729878137473872,0.8413779991889174,0.0,1754.5409200293675,0.24166666666666667,0.0,0.0,0.014396791999999436,0.0
random,2.0,32,1,n/a,480,96,0.2,0.15655783611614318,0.8534026052468284,0.0,1462.4879784953519,0.21736111111111112,0.0,0.0,0.017423833999998806,0.0
random,2.0,33,1,n/a,480,107,0.22291666666666668,0.16737321768723262,0.8460363967332383,0.0,1586.845932725843,0.23541666666666666,0.0,0.0,0.014427708999999567,0.0
random,2.0,34,1,n/a,480,107,0.22291666666666668,0.16918887846637043,0.8461908926360631,0.0,1656.331879435265,0.22291666666666668,0.0,0.0,0.01446099999999717,0.0
random,2.0,35,1,n/a,480,118,0.24583333333333332,0.18211806910155784,0.8303710260129724,0.0,1682.5435130506562,0.2652777777777778,0.0,0.0,0.015338500000002142,0.0
random,2.0,36,1,n/a,480,100,0.20833333333333334,0.14934346465722126,0.859977527843014,0.0,1597.4068656554236,0.20555555555555555,0.0,0.0,0.014483915999999653,0.0
random,2.0,37,1,n/a,480,128,0.26666666666666666,0.20428119720628607,0.8144682800332659,0.0,1984.6225549176647,0.2743055555555556,0.0,0.0,0.014673833999999886,0.0
random,2.0,38,1,n/a,480,114,0.2375,0.18146339098024816,0.8343421784600877,0.0,1716.2395284078718,0.2604166666666667,0.0,0.0,0.014613624999999075,0.0
random,2.0,39,1,n/a,480,123,0.25625,0.18344043474798355,0.8299033158127018,0.0,1767.8084099014438,0.26458333333333334,0.0,0.0,0.014770084000002015,0.0
random,2.0,40,1,n/a,480,116,0.24166666666666667,0.18299072197351648,0.8324374747379433,0.0,1765.1717146913636,0.2465277777777778,0.0,0.0,0.014959041999997424,0.0
random,2.0,41,1,n/a,480,122,0.25416666666666665,0.19411923751950563,0.8236948870754766,0.0,1794.313502231141,0.26180555555555557,0.0,0.0,0.014779624999999186,0.0
random,2.0,42,1,n/a,480,113,0.23541666666666666,0.17767701058106486,0.8355894052773039,0.0,1610.3848487724815,0.2375,0.0,0.0,0.01420862499999842,0.0
random,2.0,43,1,n/a,480,109,0.22708333333333333,0.16763401235345557,0.8465461878596472,0.0,1742.1412114458712,0.23541666666666666,0.0,0.0,0.014235375000001937,0.0
random,2.0,44,1,n/a,480,128,0.26666666666666666,0.20113540353393725,0.8128534527201332,0.0,2042.0493393527472,0.2861111111111111,0.0,0.0,0.014829666999997215,0.0
random,2.0,45,1,n/a,480,122,0.25416666666666665,0.18703888538453844,0.826522462594828,0.0,1757.8410220115331,0.26805555555555555,0.0,0.0,0.014783290999996979,0.0
random,2.0,46,1,n/a,480,111,0.23125,0.16623024332311073,0.8469280753868567,0.0,1818.4688948700086,0.25069444444444444,0.0,0.0,0.014941332999999446,0.0
random,2.0,47,1,n/a,480,97,0.20208333333333334,0.15354553019883152,0.8584251905140434,0.0,1371.4681817396327,0.20208333333333334,0.0,0.0,0.014498249999999047,0.0
random,2.0,48,1,n/a,480,112,0.23333333333333334,0.16591990864899656,0.8412896215792527,0.0,1759.5228393834864,0.23472222222222222,0.0,0.0,0.01449433299999825,0.0
random,2.0,49,1,n/a,480,110,0.22916666666666666,0.17506097803130785,0.8394755199609654,0.0,1526.1472440411658,0.24375,0.0,0.0,0.014400167000001574,0.0
random,2.0,50,1,n/a,480,114,0.2375,0.1875869208506658,0.8292124511360974,0.0,1751.8308501297065,0.25,0.0,0.0,0.015591084000000421,0.0
random,2.0,51,1,n/a,480,111,0.23125,0.1800670334929084,0.83414212717758,0.0,1672.0082759963916,0.23402777777777778,0.0,0.0,0.015515541999999272,0.0
random,2.0,52,1,n/a,480,116,0.24166666666666667,0.19360544679436534,0.8247405745206957,0.0,1716.258776135818,0.2604166666666667,0.0,0.0,0.01688620800000251,0.0
random,2.0,53,1,n/a,480,106,0.22083333333333333,0.17241979166934923,0.842651431553807,0.0,1740.2087279843722,0.2263888888888889,0.0,0.0,0.015822332999999134,0.0
random,2.0,54,1,n/a,480,100,0.20833333333333334,0.14432274661894098,0.8652419733694059,0.0,1446.7329885101096,0.20625,0.0,0.0,0.01603583300000011,0.0
random,2.0,55,1,n/a,480,123,0.25625,0.19961396438387638,0.8185107015468889,0.0,1966.105764522749,0.2708333333333333,0.0,0.0,0.016352541999999914,0.0
random,2.0,56,1,n/a,480,117,0.24375,0.18251653709842489,0.8324078534617219,0.0,1887.3448794149033,0.25763888888888886,0.0,0.0,0.01588491600000097,0.0
random,2.0,57,1,n/a,480,93,0.19375,0.14921976142310933,0.864470142407999,0.0,1473.277082699705,0.20208333333333334,0.0,0.0,0.0150640839999987,0.0
random,2.0,58,1,n/a,480,97,0.20208333333333334,0.15402720363592337,0.8555786727663082,0.0,1466.6823887713042,0.21666666666666667,0.0,0.0,0.015321291999999431,0.0
random,2.0,59,1,n/a,480,103,0.21458333333333332,0.15689633425710026,0.8553386871121293,0.0,1659.890498907449,0.2222222222222222,0.0,0.0,0.015390249999999384,0.0
random,2.0,60,1,n/a,480,100,0.20833333333333334,0.15160791191398068,0.8589043737856117,0.0,1536.6707549574041,0.22083333333333333,0.0,0.0,0.01495750000000129,0.0
fifo,0.8,1,1,n/a,192,111,0.578125,0.43250670783486383,0.6037628226000669,0.0,1786.2274090355606,0.2659722222222222,0.0,0.0,0.0039930000000012456,0.0
fifo,0.8,2,1,n/a,192,115,0.5989583333333334,0.46570576394011987,0.5713987810191259,0.0,1846.33713959823,0.25416666666666665,0.0,0.0,0.0039061250000003156,0.0
fifo,0.8,3,1,n/a,192,108,0.5625,0.4455203879289493,0.5965424793983378,0.0,1803.1925380880214,0.25,0.0,0.0,0.003862500000000324,0.0
fifo,0.8,4,1,n/a,192,102,0.53125,0.40612959598095305,0.6211238000638122,0.0,1571.8166874906544,0.23472222222222222,0.0,0.0,0.0038804580000011413,0.0
fifo,0.8,5,1,n/a,192,104,0.5416666666666666,0.3929033469970734,0.6241889210095846,0.0,1612.5760547568539,0.24791666666666667,0.0,0.0,0.004060374999998118,0.0
fifo,0.8,6,1,n/a,192,115,0.5989583333333334,0.43669528540774183,0.5848616672841813,0.0,1882.0328635456049,0.2743055555555556,0.0,0.0,0.004139042000002036,0.0
fifo,0.8,7,1,n/a,192,104,0.5416666666666666,0.4180438317761342,0.6117421625163926,0.0,1739.4163245715563,0.23333333333333334,0.0,0.0,0.0038297920000012198,0.0
fifo,0.8,8,1,n/a,192,98,0.5104166666666666,0.3698182996621465,0.6631771247322582,0.0,1570.4633489536723,0.23125,0.0,0.0,0.0037268329999982086,0.0
fifo,0.8,9,1,n/a,192,105,0.546875,0.4028074384517429,0.6294545152347664,0.0,1574.8843936256894,0.24513888888888888,0.0,0.0,0.0038389169999994976,0.0
fifo,0.8,10,1,n/a,192,103,0.5364583333333334,0.407178120648144,0.62514915210959,0.0,1732.2736208581807,0.22430555555555556,0.0,0.0,0.003877375000001848,0.0
fifo,0.8,11,1,n/a,192,112,0.5833333333333334,0.4481760413876601,0.5918111177765266,0.0,1874.9584656258091,0.2465277777777778,0.0,0.0,0.003737665999999251,0.0
fifo,0.8,12,1,n/a,192,111,0.578125,0.4432055493954303,0.6005061329642492,0.0,1792.4429131862241,0.2604166666666667,0.0,0.0,0.003959708000000006,0.0
fifo,0.8,13,1,n/a,192,106,0.5520833333333334,0.4410124148415394,0.6019848557011196,0.0,1633.9284030949857,0.23541666666666666,0.0,0.0,0.0037640000000003226,0.0
fifo,0.8,14,1,n/a,192,106,0.5520833333333334,0.43402909555189084,0.6057967340878108,0.0,1799.3914870230867,0.23194444444444445,0.0,0.0,0.004036290999998471,0.0
fifo,0.8,15,1,n/a,192,109,0.5677083333333334,0.4533848446725602,0.5904021599785221,0.0,1774.7545107231144,0.24583333333333332,0.0,0.0,0.00393287500000028,0.0
fifo,0.8,16,1,n/a,192,100,0.5208333333333334,0.40151594102222105,0.6350272726019259,0.0,1620.9858628024363,0.23333333333333334,0.0,0.0,0.0037841250000028026,0.0
fifo,0.8,17,1,n/a,192,98,0.5104166666666666,0.38205062973928094,0.6524647564380752,0.0,1640.624564572132,0.21666666666666667,0.0,0.0,0.003924084000001216,0.0
fifo,0.8,18,1,n/a,192,107,0.5572916666666666,0.4109772641324375,0.6170055421191376,0.0,1780.5363913122894,0.23541666666666666,0.0,0.0,0.00394204100000195,0.0
fifo,0.8,19,1,n/a,192,114,0.59375,0.4778042453355725,0.5637085465671456,0.0,1862.3393203914002,0.2625,0.0,0.0,0.003918875000000099,0.0
fifo,0.8,20,1,n/a,192,102,0.53125,0.4215319039074833,0.6179314131719358,0.0,1800.4324783654629,0.21944444444444444,0.0,0.0,0.0037497500000007733,0.0
fifo,0.8,21,1,n/a,192,107,0.5572916666666666,0.44401675033200866,0.5937894918122619,0.0,1705.9235710640544,0.24513888888888888,0.0,0.0,0.003752957999999751,0.0
fifo,0.8,22,1,n/a,192,103,0.5364583333333334,0.44659869528621243,0.5956160095265379,0.0,1669.8694765409045,0.2388888888888889,0.0,0.0,0.0037367910000014604,0.0
fifo,0.8,23,1,n/a,192,106,0.5520833333333334,0.45779866410446957,0.59028444664232,0.0,1773.1620778162612,0.24444444444444444,0.0,0.0,0.0038725829999997075,0.0
fifo,0.8,24,1,n/a,192,106,0.5520833333333334,0.40188501212630606,0.6257343769357107,0.0,1685.4223127246196,0.24166666666666667,0.0,0.0,0.0038103750000004766,0.0
fifo,0.8,25,1,n/a,192,114,0.59375,0.45137394166600325,0.5901934930596704,0.0,1852.121985626364,0.2590277777777778,0.0,0.0,0.003780083999998851,0.0
fifo,0.8,26,1,n/a,192,102,0.53125,0.4189532729113967,0.619192607355256,0.0,1657.7310303560978,0.2361111111111111,0.0,0.0,0.0037498330000005353,0.0
fifo,0.8,27,1,n/a,192,110,0.5729166666666666,0.4296526157744214,0.6062359885730524,0.0,1825.0803863569743,0.25763888888888886,0.0,0.0,0.0038389999999992597,0.0
fifo,0.8,28,1,n/a,192,99,0.515625,0.38006852449832296,0.6530343777430052,0.0,1535.417571225297,0.23125,0.0,0.0,0.003784041999999488,0.0
fifo,0.8,29,1,n/a,192,99,0.515625,0.37372816244874224,0.6558058066543249,0.0,1613.9474899560562,0.2423611111111111,0.0,0.0,0.003738417000000993,0.0
fifo,0.8,30,1,n/a,192,116,0.6041666666666666,0.45184834833072146,0.5894898492724285,0.0,1876.448778837259,0.2701388888888889,0.0,0.0,0.0038422920000016347,0.0
fifo,0.8,31,1,n/a,192,103,0.5364583333333334,0.40296737555858025,0.6320216185632053,0.0,1647.9772658921386,0.23472222222222222,0.0,0.0,0.0038956250000019566,0.0
fifo,0.8,32,1,n/a,192,110,0.5729166666666666,0.4631455172516581,0.5815394418049138,0.0,1785.0794112374836,0.23680555555555555,0.0,0.0,0.0038578329999978678,0.0
fifo,0.8,33,1,n/a,192,105,0.546875,0.399752207015274,0.63368820370802,0.0,1647.94631156496,0.24305555555555555,0.0,0.0,0.0037690830000016717,0.0
fifo,0.8,34,1,n/a,192,112,0.5833333333333334,0.4765152701048063,0.56981870159722,0.0,1825.027055306777,0.26458333333333334,0.0,0.0,0.003839208999998789,0.0
fifo,0.8,35,1,n/a,192,99,0.515625,0.4031107250873535,0.6307239124845125,0.0,1888.4308354226582,0.23055555555555557,0.0,0.0,0.0037936659999999733,0.0
fifo,0.8,36,1,n/a,192,102,0.53125,0.41376369334851726,0.6219138154441706,0.0,1671.1820432052855,0.23194444444444445,0.0,0.0,0.003707500000000863,0.0
fifo,0.8,37,1,n/a,192,114,0.59375,0.4573265789390265,0.5857929520358045,0.0,1922.7972118164278,0.24513888888888888,0.0,0.0,0.00384708300000014,0.0
fifo,0.8,38,1,n/a,192,114,0.59375,0.4610238509678128,0.5755628068564327,0.0,1907.3862093545372,0.2875,0.0,0.0,0.0037294589999987693,0.0
fifo,0.8,39,1,n/a,192,99,0.515625,0.3649986865613363,0.6625794440525923,0.0,1598.7500507910222,0.2465277777777778,0.0,0.0,0.0036910839999997336,0.0
fifo,0.8,40,1,n/a,192,107,0.5572916666666666,0.39641378935419935,0.6181250696961023,0.0,1802.6423392018105,0.22152777777777777,0.0,0.0,0.003714165999998187,0.0
fifo,0.8,41,1,n/a,192,108,0.5625,0.4214904677291791,0.614312323865843,0.0,1831.6987399148275,0.24444444444444444,0.0,0.0,0.003815833000000879,0.0
fifo,0.8,42,1,n/a,192,105,0.546875,0.4165376060799458,0.6208852527218147,0.0,1791.6315881553533,0.24166666666666667,0.0,0.0,0.003780625000000981,0.0
fifo,0.8,43,1,n/a,192,103,0.5364583333333334,0.40654325076776854,0.6302337888245628,0.0,1558.9645946599617,0.24166666666666667,0.0,0.0,0.0037760829999982093,0.0
fifo,0.8,44,1,n/a,192,120,0.625,0.45880104957302265,0.5782210339804594,0.0,2133.885092117499,0.26180555555555557,0.0,0.0,0.003890915999999578,0.0
fifo,0.8,45,1,n/a,192,96,0.5,0.3928550558536669,0.6463626684563377,0.0,1628.7573722906739,0.20972222222222223,0.0,0.0,0.003579958999999633,0.0
fifo,0.8,46,1,n/a,192,97,0.5052083333333334,0.391754937904147,0.6482932844175118,0.0,1680.8381951617723,0.22708333333333333,0.0,0.0,0.003624791000000016,0.0
fifo,0.8,47,1,n/a,192,101,0.5260416666666666,0.39144810004715336,0.6415939138417743,0.0,1538.7715738742259,0.23402777777777778,0.0,0.0,0.0036665420000012716,0.0
fifo,0.8,48,1,n/a,192,108,0.5625,0.4158147272153069,0.6156386362761639,0.0,1762.9847543482124,0.25833333333333336,0.0,0.0,0.005963333000000404,0.0
fifo,0.8,49,1,n/a,192,117,0.609375,0.4468954086544111,0.5925413181425749,0.0,2060.0511226944427,0.25555555555555554,0.0,0.0,0.004024667000003035,0.0
fifo,0.8,50,1,n/a,192,102,0.53125,0.42338726945117516,0.6160472900279406,0.0,1683.6401737287288,0.2423611111111111,0.0,0.0,0.003974208999999007,0.0
fifo,0.8,51,1,n/a,192,117,0.609375,0.4350037158697945,0.5946570513317884,0.0,1917.480866223132,0.2625,0.0,0.0,0.0038235829999990756,0.0
fifo,0.8,52,1,n/a,192,97,0.5052083333333334,0.3693081410977921,0.6622071956283404,0.0,1611.0683265944122,0.2298611111111111,0.0,0.0,0.003804625000000783,0.0
fifo,0.8,53,1,n/a,192,111,0.578125,0.42362833393684296,0.6039590004095388,0.0,1892.4352023514118,0.25972222222222224,0.0,0.0,0.003973750000000109,0.0
fifo,0.8,54,1,n/a,192,108,0.5625,0.41522681517471394,0.6219977637676415,0.0,1902.2047367066273,0.24513888888888888,0.0,0.0,0.0037033329999971443,0.0
fifo,0.8,55,1,n/a,192,101,0.5260416666666666,0.3945299608011379,0.6359745729919546,0.0,1575.7162153884192,0.22916666666666666,0.0,0.0,0.0037453340000013213,0.0
fifo,0.8,56,1,n/a,192,112,0.5833333333333334,0.46052801890492967,0.5840402668725226,0.0,1997.1165222190934,0.25416666666666665,0.0,0.0,0.0037115419999977917,0.0
fifo,0.8,57,1,n/a,192,107,0.5572916666666666,0.42813668091771984,0.6090745661565726,0.0,1879.86716806724,0.25555555555555554,0.0,0.0,0.0037870829999988587,0.0
fifo,0.8,58,1,n/a,192,105,0.546875,0.4070180040550872,0.6284521820974873,0.0,1714.5067215195143,0.25069444444444444,0.0,0.0,0.0037052079999995158,0.0
fifo,0.8,59,1,n/a,192,102,0.53125,0.3978443373928654,0.6405378674419668,0.0,1651.2224274696391,0.24097222222222223,0.0,0.0,0.003666541000001189,0.0
fifo,0.8,60,1,n/a,192,114,0.59375,0.4297905072769985,0.5985959737778455,0.0,1736.8568312736988,0.25763888888888886,0.0,0.0,0.0037100000000016564,0.0
fifo,1.2,1,1,n/a,288,139,0.4826388888888889,0.3497931183581226,0.675171620090941,0.0,2131.1721375116404,0.31319444444444444,0.0,0.0,0.005740500000001703,0.0
fifo,1.2,2,1,n/a,288,134,0.4652777777777778,0.3220010869429049,0.685709664418688,0.0,2156.1415242646376,0.31319444444444444,0.0,0.0,0.005633916000000738,0.0
fifo,1.2,3,1,n/a,288,142,0.4930555555555556,0.3815320178177314,0.6549701365610119,0.0,2258.4263653787216,0.31666666666666665,0.0,0.0,0.005742333000000599,0.0
fifo,1.2,4,1,n/a,288,129,0.4479166666666667,0.34667609392981796,0.6788916394365212,0.0,2164.221646845963,0.29097222222222224,0.0,0.0,0.005782708999998221,0.0
fifo,1.2,5,1,n/a,288,127,0.4409722222222222,0.3507552722197636,0.6819156119471794,0.0,2006.1234499778038,0.28958333333333336,0.0,0.0,0.005547749999998075,0.0
fifo,1.2,6,1,n/a,288,141,0.4895833333333333,0.3740495033041345,0.658261490841322,0.0,2302.992595939854,0.3125,0.0,0.0,0.005699166999999505,0.0
fifo,1.2,7,1,n/a,288,141,0.4895833333333333,0.36800428067102353,0.6598730459638047,0.0,2288.572835772084,0.30972222222222223,0.0,0.0,0.005769958999998437,0.0
fifo,1.2,8,1,n/a,288,129,0.4479166666666667,0.3564672806578376,0.6789535007237759,0.0,2040.7275538482443,0.2881944444444444,0.0,0.0,0.005763749999999845,0.0
fifo,1.2,9,1,n/a,288,129,0.4479166666666667,0.3305748146011883,0.693832714166801,0.0,2198.6974825639745,0.2923611111111111,0.0,0.0,0.005676083000000887,0.0
fifo,1.2,10,1,n/a,288,140,0.4861111111111111,0.3452966174833892,0.6733424468054159,0.0,2526.500520343818,0.3145833333333333,0.0,0.0,0.005542750000000041,0.0
fifo,1.2,11,1,n/a,288,134,0.4652777777777778,0.3651141941576669,0.6682614523406032,0.0,2191.243522043248,0.3,0.0,0.0,0.005604500000000456,0.0
fifo,1.2,12,1,n/a,288,145,0.5034722222222222,0.3801454135306075,0.650496355307757,0.0,2399.088667893949,0.33402777777777776,0.0,0.0,0.005875625000001605,0.0
fifo,1.2,13,1,n/a,288,138,0.4791666666666667,0.3759095500147097,0.6635892754022381,0.0,2234.431217425806,0.32013888888888886,0.0,0.0,0.005834750000001776,0.0
fifo,1.2,14,1,n/a,288,137,0.4756944444444444,0.3622007811651692,0.6691826991787786,0.0,2159.982143197033,0.3236111111111111,0.0,0.0,0.006639291999999131,0.0
fifo,1.2,15,1,n/a,288,131,0.4548611111111111,0.32881129565454464,0.6906794573764734,0.0,2279.677200947927,0.30625,0.0,0.0,0.006147290999997779,0.0
fifo,1.2,16,1,n/a,288,140,0.4861111111111111,0.3514136575542204,0.6721553450469879,0.0,2138.263492412756,0.32083333333333336,0.0,0.0,0.005874625000000577,0.0
fifo,1.2,17,1,n/a,288,143,0.4965277777777778,0.39175600938221594,0.6442602098354913,0.0,2448.5272876125346,0.3104166666666667,0.0,0.0,0.005708166999998099,0.0
fifo,1.2,18,1,n/a,288,137,0.4756944444444444,0.3635148716335935,0.6708154632825423,0.0,2373.3156179700095,0.3111111111111111,0.0,0.0,0.005636124999998771,0.0
fifo,1.2,19,1,n/a,288,140,0.4861111111111111,0.3805518723507409,0.6540952563757787,0.0,2443.629777606365,0.30625,0.0,0.0,0.005776125000000576,0.0
fifo,1.2,20,1,n/a,288,150,0.5208333333333334,0.4009839581933429,0.631478702306639,0.0,2413.990124333565,0.3333333333333333,0.0,0.0,0.0056081249999984095,0.0
fifo,1.2,21,1,n/a,288,132,0.4583333333333333,0.34374886175318514,0.6845114847171523,0.0,2060.3149333999177,0.31805555555555554,0.0,0.0,0.005656333000001013,0.0
fifo,1.2,22,1,n/a,288,127,0.4409722222222222,0.3358933299932922,0.6889540589275784,0.0,2073.860921259763,0.2916666666666667,0.0,0.0,0.005582874999998211,0.0
fifo,1.2,23,1,n/a,288,141,0.4895833333333333,0.3665084207813443,0.6620204022452527,0.0,2423.4292833976206,0.30972222222222223,0.0,0.0,0.005804417000000228,0.0
fifo,1.2,24,1,n/a,288,137,0.4756944444444444,0.3552817797755454,0.6738956651783063,0.0,2454.05859611054,0.3125,0.0,0.0,0.005675083999999941,0.0
fifo,1.2,25,1,n/a,288,135,0.46875,0.35710227961513724,0.6782711188204327,0.0,2117.808492463969,0.3,0.0,0.0,0.005530208999999786,0.0
fifo,1.2,26,1,n/a,288,128,0.4444444444444444,0.33751106289222965,0.6881773112185501,0.0,2002.9953290264245,0.30486111111111114,0.0,0.0,0.005516540999998654,0.0
fifo,1.2,27,1,n/a,288,145,0.5034722222222222,0.39145934757685524,0.6400201839599333,0.0,2314.2596685253325,0.3263888888888889,0.0,0.0,0.005777417000000895,0.0
fifo,1.2,28,1,n/a,288,139,0.4826388888888889,0.39318332004435413,0.6470537219012251,0.0,2295.0937328012737,0.30833333333333335,0.0,0.0,0.0056355000000003486,0.0
fifo,1.2,29,1,n/a,288,136,0.4722222222222222,0.3557530017932729,0.6708092116980198,0.0,2250.8990554876095,0.31805555555555554,0.0,0.0,0.0055714159999986634,0.0
fifo,1.2,30,1,n/a,288,137,0.4756944444444444,0.35944097267793756,0.6738985257397299,0.0,2408.9875701631004,0.3090277777777778,0.0,0.0,0.005548250000000365,0.0
fifo,1.2,31,1,n/a,288,128,0.4444444444444444,0.344444267186557,0.6871738843253001,0.0,2258.5073573902937,0.28958333333333336,0.0,0.0,0.006019583000000495,0.0
fifo,1.2,32,1,n/a,288,137,0.4756944444444444,0.37577803550782357,0.6546877743144812,0.0,2266.897609867617,0.31180555555555556,0.0,0.0,0.005719625000001116,0.0
fifo,1.2,33,1,n/a,288,139,0.4826388888888889,0.3772982825829094,0.6588737606502935,0.0,2287.1638835618814,0.3111111111111111,0.0,0.0,0.00557662499999978,0.0
fifo,1.2,34,1,n/a,288,142,0.4930555555555556,0.3859354429026636,0.6505757354717809,0.0,2331.833513272151,0.32222222222222224,0.0,0.0,0.005653625000000773,0.0
fifo,1.2,35,1,n/a,288,129,0.4479166666666667,0.34011114485155697,0.685136770864746,0.0,1818.20319778367,0.2965277777777778,0.0,0.0,0.005555458999999985,0.0
fifo,1.2,36,1,n/a,288,131,0.4548611111111111,0.3532346810222462,0.67575535658783,0.0,2077.7913880590118,0.3034722222222222,0.0,0.0,0.0057304999999985284,0.0
fifo,1.2,37,1,n/a,288,137,0.4756944444444444,0.3713593094011747,0.6632587586841727,0.0,2289.324654875365,0.3034722222222222,0.0,0.0,0.005720166999999776,0.0
fifo,1.2,38,1,n/a,288,145,0.5034722222222222,0.3765342482159742,0.655157655850773,0.0,2592.948095419979,0.32083333333333336,0.0,0.0,0.005620916999998116,0.0
fifo,1.2,39,1,n/a,288,140,0.4861111111111111,0.3867340512678082,0.6508393521905391,0.0,2308.5967337697916,0.3277777777777778,0.0,0.0,0.005794500000000369,0.0
fifo,1.2,40,1,n/a,288,141,0.4895833333333333,0.35931127751741343,0.6594979828901366,0.0,2409.9029111340074,0.30972222222222223,0.0,0.0,0.005595916000000756,0.0
fifo,1.2,41,1,n/a,288,144,0.5,0.36922558748991935,0.6575464044110386,0.0,2303.513303112354,0.325,0.0,0.0,0.005670750000000169,0.0
fifo,1.2,42,1,n/a,288,135,0.46875,0.35728952548998066,0.6718750661991713,0.0,2255.9210444606333,0.3215277777777778,0.0,0.0,0.005744624999998393,0.0
fifo,1.2,43,1,n/a,288,143,0.4965277777777778,0.35930801769366855,0.6662578770194187,0.0,2204.452258748183,0.3298611111111111,0.0,0.0,0.005671792000001119,0.0
fifo,1.2,44,1,n/a,288,151,0.5243055555555556,0.3734375177287976,0.6508357566012022,0.0,2709.676869679499,0.33125,0.0,0.0,0.005695958000000445,0.0
fifo,1.2,45,1,n/a,288,137,0.4756944444444444,0.3735468082489267,0.6632411483283691,0.0,2199.428660624483,0.3034722222222222,0.0,0.0,0.0054668339999999205,0.0
fifo,1.2,46,1,n/a,288,142,0.4930555555555556,0.36329895116258787,0.6638726725558992,0.0,2393.151913551534,0.31319444444444444,0.0,0.0,0.00569262499999823,0.0
fifo,1.2,47,1,n/a,288,137,0.4756944444444444,0.3618480827151721,0.6701159312448324,0.0,2316.0137863482405,0.3076388888888889,0.0,0.0,0.01252133400000588,0.0
fifo,1.2,48,1,n/a,288,137,0.4756944444444444,0.3795228282126419,0.653894393052701,0.0,2270.0459757796166,0.30069444444444443,0.0,0.0,0.012593667000004416,0.0
fifo,1.2,49,1,n/a,288,136,0.4722222222222222,0.3562371138568051,0.6716944083625345,0.0,2116.8547810315026,0.3104166666666667,0.0,0.0,0.008080792000001225,0.0
fifo,1.2,50,1,n/a,288,134,0.4652777777777778,0.3782053965923419,0.6588549744101229,0.0,2054.3906993903374,0.3111111111111111,0.0,0.0,0.006905125000002954,0.0
fifo,1.2,51,1,n/a,288,136,0.4722222222222222,0.3515981992549894,0.6759635017382559,0.0,2318.176984522257,0.3138888888888889,0.0,0.0,0.006165207999998756,0.0
fifo,1.2,52,1,n/a,288,141,0.4895833333333333,0.3801195083704681,0.6545370653832614,0.0,2353.5727719088864,0.3215277777777778,0.0,0.0,0.005791125000001784,0.0
fifo,1.2,53,1,n/a,288,137,0.4756944444444444,0.36279741962958567,0.6632737218111686,0.0,2300.5947686196746,0.30694444444444446,0.0,0.0,0.005478084000003491,0.0
fifo,1.2,54,1,n/a,288,135,0.46875,0.35521450241992136,0.6734761401289426,0.0,2391.5627445693895,0.31319444444444444,0.0,0.0,0.005532999999999788,0.0
fifo,1.2,55,1,n/a,288,148,0.5138888888888888,0.39590677983492173,0.6353121793077565,0.0,2434.968345728949,0.32013888888888886,0.0,0.0,0.005874957999999708,0.0
fifo,1.2,56,1,n/a,288,139,0.4826388888888889,0.36819995778240144,0.6616594993108504,0.0,2397.1945430194774,0.30833333333333335,0.0,0.0,0.005715583000004187,0.0
fifo,1.2,57,1,n/a,288,149,0.5173611111111112,0.39186329303532097,0.6415900622085378,0.0,2430.229402060564,0.33402777777777776,0.0,0.0,0.005680707999999868,0.0
fifo,1.2,58,1,n/a,288,127,0.4409722222222222,0.34110710829543794,0.6906715895191176,0.0,2323.2253717079,0.28125,0.0,0.0,0.011943082999998467,0.0
fifo,1.2,59,1,n/a,288,150,0.5208333333333334,0.4004462764688289,0.6339088029418634,0.0,2612.798205256969,0.33125,0.0,0.0,0.009888791999998148,0.0
fifo,1.2,60,1,n/a,288,144,0.5,0.38774219550282524,0.6486344625663003,0.0,2178.8071769563835,0.3173611111111111,0.0,0.0,0.006528000000002976,0.0
fifo,2.0,1,1,n/a,480,170,0.3541666666666667,0.2675571103046265,0.7523017932385452,0.0,2775.6652328536397,0.40555555555555556,0.0,0.0,0.0159983340000025,0.0
fifo,2.0,2,1,n/a,480,171,0.35625,0.2687789333348533,0.7515337975056189,0.0,2820.605996440078,0.38263888888888886,0.0,0.0,0.014110332999997865,0.0
fifo,2.0,3,1,n/a,480,163,0.33958333333333335,0.27177435662760013,0.7532038475782232,0.0,2673.525184597113,0.3888888888888889,0.0,0.0,0.027469083999996258,0.0
fifo,2.0,4,1,n/a,480,169,0.35208333333333336,0.2709237433381621,0.7498896885974398,0.0,2776.214531040221,0.38819444444444445,0.0,0.0,0.02166545800000108,0.0
fifo,2.0,5,1,n/a,480,174,0.3625,0.28448484502481536,0.7421409874478762,0.0,2899.7335581505936,0.39791666666666664,0.0,0.0,0.011242249999995124,0.0
fifo,2.0,6,1,n/a,480,167,0.34791666666666665,0.25853371884360365,0.7593706559427518,0.0,2707.6032259399904,0.38819444444444445,0.0,0.0,0.011419666999998412,0.0
fifo,2.0,7,1,n/a,480,166,0.3458333333333333,0.2601758467121957,0.7597016681483011,0.0,2717.243539718757,0.37777777777777777,0.0,0.0,0.009596582999996883,0.0
fifo,2.0,8,1,n/a,480,157,0.32708333333333334,0.24592948493254746,0.7755426760531392,0.0,2528.7788649985514,0.36736111111111114,0.0,0.0,0.009407249999995315,0.0
fifo,2.0,9,1,n/a,480,170,0.3541666666666667,0.26220158124826576,0.7585039122520649,0.0,2883.9112923377525,0.38958333333333334,0.0,0.0,0.012907792000000029,0.0
fifo,2.0,10,1,n/a,480,166,0.3458333333333333,0.25326833842993435,0.7632457206443397,0.0,2809.252451235704,0.37569444444444444,0.0,0.0,0.010320958000001212,0.0
fifo,2.0,11,1,n/a,480,171,0.35625,0.26145891299604496,0.7518597219581722,0.0,2927.5554046270527,0.3701388888888889,0.0,0.0,0.009679333000001122,0.0
fifo,2.0,12,1,n/a,480,173,0.36041666666666666,0.2747642510466847,0.7500442252344002,0.0,2624.8483553662063,0.3909722222222222,0.0,0.0,0.010094083000005583,0.0
fifo,2.0,13,1,n/a,480,171,0.35625,0.26240531282307705,0.7519224434995289,0.0,3081.1351667733975,0.3902777777777778,0.0,0.0,0.00935833300000155,0.0
fifo,2.0,14,1,n/a,480,168,0.35,0.2670009290736242,0.7550533564386066,0.0,2892.9944134472426,0.3861111111111111,0.0,0.0,0.009678750000006175,0.0
fifo,2.0,15,1,n/a,480,156,0.325,0.2514695501666876,0.7701359877290694,0.0,2370.662191361567,0.3548611111111111,0.0,0.0,0.009269457999998565,0.0
fifo,2.0,16,1,n/a,480,173,0.36041666666666666,0.2898985856370013,0.7378629580999023,0.0,2797.6514668573495,0.38125,0.0,0.0,0.009381541999999854,0.0
fifo,2.0,17,1,n/a,480,168,0.35,0.26526698053677794,0.7562599135950541,0.0,2866.2928111217057,0.3715277777777778,0.0,0.0,0.00989175000000131,0.0
fifo,2.0,18,1,n/a,480,163,0.33958333333333335,0.26006795732447285,0.7619227766573358,0.0,2624.75064691795,0.3638888888888889,0.0,0.0,0.009472667000004265,0.0
fifo,2.0,19,1,n/a,480,176,0.36666666666666664,0.2939642364071244,0.7331427631954195,0.0,2885.2644525220085,0.3854166666666667,0.0,0.0,0.009546041000000116,0.0
fifo,2.0,20,1,n/a,480,169,0.35208333333333336,0.2862782306981699,0.7427228288734264,0.0,2880.463748105931,0.3784722222222222,0.0,0.0,0.00964291600000422,0.0
fifo,2.0,21,1,n/a,480,167,0.34791666666666665,0.26447575955890945,0.7574690398376591,0.0,2744.761622884236,0.3875,0.0,0.0,0.00965166599999634,0.0
fifo,2.0,22,1,n/a,480,155,0.3229166666666667,0.24682110791328782,0.7693866817586315,0.0,2443.0775448728336,0.3645833333333333,0.0,0.0,0.00979712499999863,0.0
fifo,2.0,23,1,n/a,480,173,0.36041666666666666,0.284823393058058,0.7394179638379641,0.0,2863.5911635644306,0.3902777777777778,0.0,0.0,0.010138415999996653,0.0
fifo,2.0,24,1,n/a,480,171,0.35625,0.27251699205920527,0.7510354834345172,0.0,2786.5462342617407,0.38958333333333334,0.0,0.0,0.009988542000002099,0.0
fifo,2.0,25,1,n/a,480,176,0.36666666666666664,0.2804149746002905,0.7423710078333896,0.0,2856.899612943777,0.40347222222222223,0.0,0.0,0.009631165999998359,0.0
fifo,2.0,26,1,n/a,480,169,0.35208333333333336,0.2644114472406355,0.7584208607687526,0.0,2700.523456156985,0.3798611111111111,0.0,0.0,0.017079959000000144,0.0
fifo,2.0,27,1,n/a,480,169,0.35208333333333336,0.27077458878145616,0.7517979585535928,0.0,2728.870850514878,0.38263888888888886,0.0,0.0,0.01170041700000013,0.0
fifo,2.0,28,1,n/a,480,168,0.35,0.2735190944155831,0.7552425739821915,0.0,2888.4839570518716,0.3659722222222222,0.0,0.0,0.010153500000001259,0.0
fifo,2.0,29,1,n/a,480,172,0.35833333333333334,0.26938830846626727,0.7482036394600071,0.0,2637.5707521535087,0.3861111111111111,0.0,0.0,0.009731667000004052,0.0
fifo,2.0,30,1,n/a,480,168,0.35,0.26030831478498406,0.7586748295414989,0.0,2925.897860965004,0.39166666666666666,0.0,0.0,0.009575083999997958,0.0
fifo,2.0,31,1,n/a,480,171,0.35625,0.2687564033797218,0.7527913108952542,0.0,2885.821242082801,0.38055555555555554,0.0,0.0,0.009383917000000963,0.0
fifo,2.0,32,1,n/a,480,173,0.36041666666666666,0.2824348770693178,0.7429811577525938,0.0,2812.2397835340544,0.3902777777777778,0.0,0.0,0.009200584000005563,0.0
fifo,2.0,33,1,n/a,480,159,0.33125,0.24954899584022533,0.7718562184000817,0.0,2446.842032365276,0.36875,0.0,0.0,0.009269750000001409,0.0
fifo,2.0,34,1,n/a,480,167,0.34791666666666665,0.2836367412493086,0.7447905055570243,0.0,2813.994819160407,0.3861111111111111,0.0,0.0,0.00950412499999942,0.0
fifo,2.0,35,1,n/a,480,160,0.3333333333333333,0.2565839434331236,0.7644516166347577,0.0,2375.8435071396,0.3659722222222222,0.0,0.0,0.009595625000002883,0.0
fifo,2.0,36,1,n/a,480,162,0.3375,0.2577568212271041,0.7622360138171587,0.0,2500.5528093487465,0.3638888888888889,0.0,0.0,0.009422667000002605,0.0
fifo,2.0,37,1,n/a,480,172,0.35833333333333334,0.2755350173488278,0.7472629155835684,0.0,2956.0185632318453,0.3763888888888889,0.0,0.0,0.00987299999999891,0.0
fifo,2.0,38,1,n/a,480,175,0.3645833333333333,0.28665103429269667,0.7397281506160627,0.0,3004.2403488746436,0.4076388888888889,0.0,0.0,0.009861290999999994,0.0
fifo,2.0,39,1,n/a,480,172,0.35833333333333334,0.26160170632695895,0.759887230918656,0.0,2841.1846906611063,0.375,0.0,0.0,0.009682624999996392,0.0
fifo,2.0,40,1,n/a,480,177,0.36875,0.26342921236347455,0.7541326550870062,0.0,2916.6089572453075,0.4048611111111111,0.0,0.0,0.009572667000000479,0.0
fifo,2.0,41,1,n/a,480,166,0.3458333333333333,0.26460623052092946,0.7592815125311412,0.0,2687.8753817158045,0.3875,0.0,0.0,0.009563333000002672,0.0
fifo,2.0,42,1,n/a,480,168,0.35,0.2759089852042149,0.750359908995482,0.0,2781.0962424379386,0.37569444444444444,0.0,0.0,0.009171375000001092,0.0
fifo,2.0,43,1,n/a,480,160,0.3333333333333333,0.2516830648132287,0.7658919934964945,0.0,2837.9375668483854,0.3548611111111111,0.0,0.0,0.009114624999995158,0.0
fifo,2.0,44,1,n/a,480,180,0.375,0.2850583799959798,0.7387106360536717,0.0,3182.5557563063426,0.41041666666666665,0.0,0.0,0.009350499999996487,0.0
fifo,2.0,45,1,n/a,480,171,0.35625,0.2619924311050122,0.7574251913002656,0.0,2903.982933687568,0.38819444444444445,0.0,0.0,0.009381125000004431,0.0
fifo,2.0,46,1,n/a,480,179,0.3729166666666667,0.2675626120261064,0.752040691805296,0.0,3017.6321462310675,0.40208333333333335,0.0,0.0,0.009490708000001291,0.0
fifo,2.0,47,1,n/a,480,156,0.325,0.24037175447010933,0.7769661459349781,0.0,2554.6399138107818,0.34375,0.0,0.0,0.009417750000004332,0.0
fifo,2.0,48,1,n/a,480,162,0.3375,0.2456413555702767,0.7674461294274193,0.0,2631.6121667456623,0.37777777777777777,0.0,0.0,0.009375999999996054,0.0
fifo,2.0,49,1,n/a,480,160,0.3333333333333333,0.25149307066773596,0.7688392805254716,0.0,2659.148518781918,0.36875,0.0,0.0,0.008941082999996297,0.0
fifo,2.0,50,1,n/a,480,161,0.33541666666666664,0.26315939652749765,0.7583328522252659,0.0,2748.9955464440695,0.38055555555555554,0.0,0.0,0.009330916999999772,0.0
fifo,2.0,51,1,n/a,480,178,0.37083333333333335,0.27145953399750816,0.7491683741833568,0.0,2980.1367767939405,0.39791666666666664,0.0,0.0,0.0094432500000039,0.0
fifo,2.0,52,1,n/a,480,166,0.3458333333333333,0.2630195961493753,0.7600916752375049,0.0,2643.052121869427,0.37083333333333335,0.0,0.0,0.009496958999996252,0.0
fifo,2.0,53,1,n/a,480,167,0.34791666666666665,0.2531722941412847,0.7647931124056402,0.0,2636.2852158157457,0.4,0.0,0.0,0.009358791000003919,0.0
fifo,2.0,54,1,n/a,480,174,0.3625,0.2674471158657228,0.7565172280140549,0.0,3001.1125216589994,0.3902777777777778,0.0,0.0,0.009033791000000235,0.0
fifo,2.0,55,1,n/a,480,169,0.35208333333333336,0.2688946995268653,0.7549097376863496,0.0,2807.233894818313,0.3902777777777778,0.0,0.0,0.010147584000002041,0.0
fifo,2.0,56,1,n/a,480,171,0.35625,0.27144452361564203,0.7533880179982944,0.0,2883.9999742077725,0.40069444444444446,0.0,0.0,0.009671584000003008,0.0
fifo,2.0,57,1,n/a,480,166,0.3458333333333333,0.24262286518750178,0.7656718253854067,0.0,2606.5851276145468,0.3888888888888889,0.0,0.0,0.009264417000004244,0.0
fifo,2.0,58,1,n/a,480,162,0.3375,0.24344424104820292,0.77626370958581,0.0,2689.423268158768,0.3840277777777778,0.0,0.0,0.0095148750000007,0.0
fifo,2.0,59,1,n/a,480,165,0.34375,0.24289420000311804,0.7740632854750249,0.0,2807.787533304062,0.3715277777777778,0.0,0.0,0.00944874999999712,0.0
fifo,2.0,60,1,n/a,480,175,0.3645833333333333,0.27502616777760525,0.7505966975551559,0.0,2870.1542228025096,0.3854166666666667,0.0,0.0,0.009361000000005504,0.0
greedy,0.8,1,1,n/a,192,136,0.7083333333333334,0.5217048265372576,0.5213352521360921,0.0,2332.953057601215,0.31180555555555556,0.0,0.0,0.008734666999998808,0.0
greedy,0.8,2,1,n/a,192,131,0.6822916666666666,0.5249541854110478,0.5128062902195114,0.0,2179.5205915122565,0.29305555555555557,0.0,0.0,0.008434333000003846,0.0
greedy,0.8,3,1,n/a,192,129,0.671875,0.5216784464863485,0.5268185327724089,0.0,2217.7290626127146,0.2965277777777778,0.0,0.0,0.00818612500000171,0.0
greedy,0.8,4,1,n/a,192,123,0.640625,0.47887529190909695,0.5525935601915708,0.0,1921.9750487161853,0.28055555555555556,0.0,0.0,0.008568541000002483,0.0
greedy,0.8,5,1,n/a,192,123,0.640625,0.45964671828051556,0.5638546392521844,0.0,1945.7099763146196,0.2881944444444444,0.0,0.0,0.008499499999999216,0.0
greedy,0.8,6,1,n/a,192,135,0.703125,0.5267568193721922,0.5044128510443255,0.0,2245.728473544368,0.325,0.0,0.0,0.008711083000001452,0.0
greedy,0.8,7,1,n/a,192,122,0.6354166666666666,0.4876654366567875,0.5463273846297467,0.0,1973.593464254828,0.27569444444444446,0.0,0.0,0.008177375000002485,0.0
greedy,0.8,8,1,n/a,192,114,0.59375,0.4400417319120202,0.6002423390356129,0.0,1833.8977283861573,0.27291666666666664,0.0,0.0,0.008274749999998221,0.0
greedy,0.8,9,1,n/a,192,128,0.6666666666666666,0.4964260899721846,0.5444243976062724,0.0,1967.2377599040703,0.3,0.0,0.0,0.019148459000000173,0.0
greedy,0.8,10,1,n/a,192,124,0.6458333333333334,0.49709518465894764,0.5435200502552369,0.0,2063.433532668348,0.27361111111111114,0.0,0.0,0.011986166999996328,0.0
greedy,0.8,11,1,n/a,192,129,0.671875,0.5099243796023947,0.5365365723874518,0.0,2136.930237733587,0.28680555555555554,0.0,0.0,0.010086042000004625,0.0
greedy,0.8,12,1,n/a,192,126,0.65625,0.4960199320744299,0.5523016417576545,0.0,2066.563554708141,0.2916666666666667,0.0,0.0,0.009435375000002466,0.0
greedy,0.8,13,1,n/a,192,118,0.6145833333333334,0.48563737035838817,0.5602416982554168,0.0,1740.175166063465,0.25833333333333336,0.0,0.0,0.008316749999998763,0.0
greedy,0.8,14,1,n/a,192,128,0.6666666666666666,0.510407599126259,0.5339252358564077,0.0,2069.8942434877777,0.29305555555555557,0.0,0.0,0.008544917000001817,0.0
greedy,0.8,15,1,n/a,192,134,0.6979166666666666,0.5521677406900442,0.5020363510062336,0.0,2237.802416599126,0.3104166666666667,0.0,0.0,0.00831287500000144,0.0
greedy,0.8,16,1,n/a,192,129,0.671875,0.5136832269809835,0.5309623484240711,0.0,2065.9128389936764,0.29791666666666666,0.0,0.0,0.00802200000000397,0.0
greedy,0.8,17,1,n/a,192,131,0.6822916666666666,0.5187052744850278,0.5291591238085149,0.0,2270.9506905407834,0.2875,0.0,0.0,0.008589166999996678,0.0
greedy,0.8,18,1,n/a,192,128,0.6666666666666666,0.5014779870475881,0.5382315869667904,0.0,2179.636812264963,0.2875,0.0,0.0,0.015222541999996508,0.0
greedy,0.8,19,1,n/a,192,137,0.7135416666666666,0.5629826607581537,0.48613936252933554,0.0,2154.5153264820337,0.31527777777777777,0.0,0.0,0.011525540999997475,0.0
greedy,0.8,20,1,n/a,192,124,0.6458333333333334,0.504839919262465,0.5429733630085474,0.0,2123.009572592034,0.27361111111111114,0.0,0.0,0.009448666999993804,0.0
greedy,0.8,21,1,n/a,192,132,0.6875,0.5485358351695638,0.5006765733492509,0.0,2080.037556727639,0.2972222222222222,0.0,0.0,0.00853241699999785,0.0
greedy,0.8,22,1,n/a,192,127,0.6614583333333334,0.5390283757545729,0.5130177537692666,0.0,2035.8092565562824,0.29444444444444445,0.0,0.0,0.014913207999995848,0.0
greedy,0.8,23,1,n/a,192,125,0.6510416666666666,0.5343281264642489,0.5193883574620808,0.0,2100.1477686380817,0.2847222222222222,0.0,0.0,0.01782549999999361,0.0
greedy,0.8,24,1,n/a,192,131,0.6822916666666666,0.5009121185055578,0.5342184589456975,0.0,2033.1915383703495,0.29583333333333334,0.0,0.0,0.019310959000002015,0.0
greedy,0.8,25,1,n/a,192,124,0.6458333333333334,0.48379311787766804,0.55955466625822,0.0,2103.3245308560076,0.27708333333333335,0.0,0.0,0.012022416999997176,0.0
greedy,0.8,26,1,n/a,192,124,0.6458333333333334,0.5080191460723765,0.5393449846989609,0.0,1970.7374308020487,0.2916666666666667,0.0,0.0,0.01312791600000196,0.0
greedy,0.8,27,1,n/a,192,129,0.671875,0.5063799127321833,0.5307788029815403,0.0,2138.0950591693577,0.2986111111111111,0.0,0.0,0.00893845799999582,0.0
greedy,0.8,28,1,n/a,192,116,0.6041666666666666,0.45227842861555584,0.590612988659984,0.0,1925.4543335409737,0.25972222222222224,0.0,0.0,0.008361167000003888,0.0
greedy,0.8,29,1,n/a,192,127,0.6614583333333334,0.4902803218228387,0.5520546030914277,0.0,2015.1109943501613,0.3020833333333333,0.0,0.0,0.017043415999999922,0.0
greedy,0.8,30,1,n/a,192,138,0.71875,0.5468507333895098,0.5055269538746394,0.0,2258.433587679053,0.3284722222222222,0.0,0.0,0.018973416000001464,0.0
greedy,0.8,31,1,n/a,192,120,0.625,0.4743390627274755,0.566899668856661,0.0,1913.5367960917047,0.2722222222222222,0.0,0.0,0.011947833000000685,0.0
greedy,0.8,32,1,n/a,192,137,0.7135416666666666,0.5654674004541707,0.48399215103287574,0.0,2171.502173162319,0.3013888888888889,0.0,0.0,0.010165708000002383,0.0
greedy,0.8,33,1,n/a,192,129,0.671875,0.49580531616654655,0.5478792197902493,0.0,1981.4058252321622,0.30416666666666664,0.0,0.0,0.008826374999998166,0.0
greedy,0.8,34,1,n/a,192,133,0.6927083333333334,0.5686669325528363,0.4878115646874388,0.0,2170.8102101429067,0.30486111111111114,0.0,0.0,0.008556708999996943,0.0
greedy,0.8,35,1,n/a,192,127,0.6614583333333334,0.4979822983466685,0.5385944722144713,0.0,2344.6891617985884,0.29583333333333334,0.0,0.0,0.008194959000000779,0.0
greedy,0.8,36,1,n/a,192,118,0.6145833333333334,0.470358242182237,0.5707390647302006,0.0,1924.8099380094316,0.26805555555555555,0.0,0.0,0.007863332999995976,0.0
greedy,0.8,37,1,n/a,192,126,0.65625,0.5070086444807081,0.5413185904701474,0.0,2155.6293146197645,0.275,0.0,0.0,0.008129291999999566,0.0
greedy,0.8,38,1,n/a,192,133,0.6927083333333334,0.5299527818777247,0.5099474684020018,0.0,2259.0593494143363,0.3263888888888889,0.0,0.0,0.007982042000001854,0.0
greedy,0.8,39,1,n/a,192,121,0.6302083333333334,0.465125704387163,0.5736354083039192,0.0,2001.9854874367759,0.2965277777777778,0.0,0.0,0.008019290999996542,0.0
greedy,0.8,40,1,n/a,192,122,0.6354166666666666,0.45140785945421946,0.5676518825132164,0.0,2014.415774544834,0.2569444444444444,0.0,0.0,0.008188875000001872,0.0
greedy,0.8,41,1,n/a,192,124,0.6458333333333334,0.49279316961364333,0.55026979845807,0.0,2124.393997458593,0.2798611111111111,0.0,0.0,0.008551834000002145,0.0
greedy,0.8,42,1,n/a,192,122,0.6354166666666666,0.48065824504881083,0.562800455685881,0.0,2119.514785058714,0.275,0.0,0.0,0.00843687500000101,0.0
greedy,0.8,43,1,n/a,192,130,0.6770833333333334,0.5274163906610717,0.5227556830581988,0.0,1985.8239981933978,0.30277777777777776,0.0,0.0,0.008472500000003436,0.0
greedy,0.8,44,1,n/a,192,136,0.7083333333333334,0.5230424395806259,0.519777100770699,0.0,2407.027015554492,0.3076388888888889,0.0,0.0,0.008637000000000228,0.0
greedy,0.8,45,1,n/a,192,115,0.5989583333333334,0.4585957623566394,0.5832867742600321,0.0,1926.8213619202668,0.2513888888888889,0.0,0.0,0.007868041000001824,0.0
greedy,0.8,46,1,n/a,192,118,0.6145833333333334,0.4765765979888248,0.5715331353742032,0.0,2024.622295116098,0.2722222222222222,0.0,0.0,0.007893957999996815,0.0
greedy,0.8,47,1,n/a,192,117,0.609375,0.452398026190853,0.5871565742290255,0.0,1807.9555531233873,0.2763888888888889,0.0,0.0,0.007914790999997479,0.0
greedy,0.8,48,1,n/a,192,129,0.671875,0.5009504630680252,0.5369498350156119,0.0,2107.3519231068994,0.3020833333333333,0.0,0.0,0.007981791000005956,0.0
greedy,0.8,49,1,n/a,192,134,0.6979166666666666,0.5011211583914154,0.5414171595848698,0.0,2265.168713167068,0.2972222222222222,0.0,0.0,0.00830429199999827,0.0
greedy,0.8,50,1,n/a,192,128,0.6666666666666666,0.5288955928541675,0.5207793153712121,0.0,2053.9108889288545,0.3076388888888889,0.0,0.0,0.008111499999998273,0.0
greedy,0.8,51,1,n/a,192,129,0.671875,0.4860734269246614,0.5469336698935487,0.0,2099.793950420087,0.2881944444444444,0.0,0.0,0.008392792000002203,0.0
greedy,0.8,52,1,n/a,192,122,0.6354166666666666,0.4607543793628132,0.5810993493760555,0.0,2027.0635464037982,0.28888888888888886,0.0,0.0,0.008233957999998154,0.0
greedy,0.8,53,1,n/a,192,133,0.6927083333333334,0.51440054650581,0.5217102311751451,0.0,2232.7685038981163,0.31875,0.0,0.0,0.008227583000000038,0.0
greedy,0.8,54,1,n/a,192,129,0.671875,0.49815553961689074,0.5449952762730472,0.0,2218.432399416436,0.2951388888888889,0.0,0.0,0.007936874999998622,0.0
greedy,0.8,55,1,n/a,192,124,0.6458333333333334,0.48115536446239726,0.5554772895088471,0.0,1904.452640324774,0.27708333333333335,0.0,0.0,0.008245791000000224,0.0
greedy,0.8,56,1,n/a,192,126,0.65625,0.518929903974111,0.530807886576538,0.0,2218.7169541438807,0.28402777777777777,0.0,0.0,0.008318957999996712,0.0
greedy,0.8,57,1,n/a,192,132,0.6875,0.5323480336967225,0.5148695775452039,0.0,2270.461235743156,0.3173611111111111,0.0,0.0,0.008554665999994882,0.0
greedy,0.8,58,1,n/a,192,130,0.6770833333333334,0.5023224393117492,0.5415109696379636,0.0,2115.683908943347,0.30277777777777776,0.0,0.0,0.00822087499999924,0.0
greedy,0.8,59,1,n/a,192,112,0.5833333333333334,0.42950477365566014,0.6067880835154233,0.0,1894.6771635444948,0.26805555555555555,0.0,0.0,0.008141625000000374,0.0
greedy,0.8,60,1,n/a,192,127,0.6614583333333334,0.4662002432093825,0.5567252956552253,0.0,2000.6007075020993,0.2902777777777778,0.0,0.0,0.007985583999996493,0.0
greedy,1.2,1,1,n/a,288,185,0.6423611111111112,0.46325032754972423,0.5685835213716395,0.0,2985.680986506547,0.41458333333333336,0.0,0.0,0.013104042000001925,0.0
greedy,1.2,2,1,n/a,288,180,0.625,0.4428676041333924,0.5753091920646323,0.0,2894.025606431146,0.42986111111111114,0.0,0.0,0.012601166999999691,0.0
greedy,1.2,3,1,n/a,288,186,0.6458333333333334,0.5097992886855701,0.5406028658948787,0.0,3002.541765792253,0.41597222222222224,0.0,0.0,0.012708999999993864,0.0
greedy,1.2,4,1,n/a,288,171,0.59375,0.45810190291031777,0.5765456291830189,0.0,2837.4576842251718,0.3923611111111111,0.0,0.0,0.012612042000000656,0.0
greedy,1.2,5,1,n/a,288,178,0.6180555555555556,0.4840281206193714,0.5588435075465099,0.0,2820.4159926257857,0.41180555555555554,0.0,0.0,0.012573625000001698,0.0
greedy,1.2,6,1,n/a,288,178,0.6180555555555556,0.48112514382559113,0.5631188771067581,0.0,2914.6559451077705,0.3993055555555556,0.0,0.0,0.012702625000002854,0.0
greedy,1.2,7,1,n/a,288,186,0.6458333333333334,0.48640861631292187,0.5485593659843646,0.0,3040.2427944513656,0.4173611111111111,0.0,0.0,0.024427457999998126,0.0
greedy,1.2,8,1,n/a,288,181,0.6284722222222222,0.4816779195934863,0.558247064524312,0.0,2848.1794935301773,0.4076388888888889,0.0,0.0,0.01617645900000042,0.0
greedy,1.2,9,1,n/a,288,184,0.6388888888888888,0.46924061568721404,0.562672346081897,0.0,2977.227347337911,0.41875,0.0,0.0,0.013404166999997358,0.0
greedy,1.2,10,1,n/a,288,182,0.6319444444444444,0.465143542753911,0.5643666301329291,0.0,3282.2831521049593,0.4076388888888889,0.0,0.0,0.012219416000000649,0.0
greedy,1.2,11,1,n/a,288,182,0.6319444444444444,0.49319053515723704,0.5526020886483152,0.0,3056.416127782884,0.40694444444444444,0.0,0.0,0.018470167000003812,0.0
greedy,1.2,12,1,n/a,288,181,0.6284722222222222,0.47480236941393494,0.5633388485521347,0.0,2975.2043501265607,0.41388888888888886,0.0,0.0,0.0147172500000039,0.0
greedy,1.2,13,1,n/a,288,191,0.6631944444444444,0.510674721119635,0.5330791786613722,0.0,3033.577548722317,0.43472222222222223,0.0,0.0,0.013338249999996776,0.0
greedy,1.2,14,1,n/a,288,180,0.625,0.4719502846861959,0.5660402016150761,0.0,2906.5595957608903,0.41597222222222224,0.0,0.0,0.012667084000000273,0.0
greedy,1.2,15,1,n/a,288,180,0.625,0.46413527199155974,0.56615446740117,0.0,3094.9484133608166,0.4236111111111111,0.0,0.0,0.012855250000001206,0.0
greedy,1.2,16,1,n/a,288,179,0.6215277777777778,0.44217535873898156,0.5866199061986546,0.0,2696.238875795044,0.41388888888888886,0.0,0.0,0.01272945800000258,0.0
greedy,1.2,17,1,n/a,288,192,0.6666666666666666,0.5129810472788053,0.5293587402757434,0.0,3131.5863689862626,0.43680555555555556,0.0,0.0,0.013248999999994737,0.0
greedy,1.2,18,1,n/a,288,180,0.625,0.479865236041817,0.565948548318705,0.0,3117.596760725337,0.4125,0.0,0.0,0.012602250000000481,0.0
greedy,1.2,19,1,n/a,288,182,0.6319444444444444,0.48797010765551646,0.5534299852277165,0.0,3117.1598441205715,0.4097222222222222,0.0,0.0,0.012896666999999695,0.0
greedy,1.2,20,1,n/a,288,184,0.6388888888888888,0.4912766359926078,0.5508367220331831,0.0,3044.3571726410396,0.40625,0.0,0.0,0.012509250000000804,0.0
greedy,1.2,21,1,n/a,288,184,0.6388888888888888,0.4771346076150906,0.5586301424944744,0.0,2848.879547604903,0.4444444444444444,0.0,0.0,0.012968583000002809,0.0
greedy,1.2,22,1,n/a,288,179,0.6215277777777778,0.47770633075319857,0.5604712877457496,0.0,2932.670696287791,0.40555555555555556,0.0,0.0,0.012732375000005902,0.0
greedy,1.2,23,1,n/a,288,196,0.6805555555555556,0.4991741427214121,0.5383236480745472,0.0,3233.3198195300433,0.43125,0.0,0.0,0.012919832999997993,0.0
greedy,1.2,24,1,n/a,288,178,0.6180555555555556,0.4664602089080139,0.5708575525612372,0.0,3057.0279033053425,0.4048611111111111,0.0,0.0,0.012389167000002033,0.0
greedy,1.2,25,1,n/a,288,179,0.6215277777777778,0.45909126765445935,0.5838097869482235,0.0,2857.3138874376978,0.39166666666666666,0.0,0.0,0.01248641700000519,0.0
greedy,1.2,26,1,n/a,288,171,0.59375,0.4539930381702595,0.5830256315718918,0.0,2662.10288189185,0.40625,0.0,0.0,0.012907249999997816,0.0
greedy,1.2,27,1,n/a,288,189,0.65625,0.5019968350331743,0.5367487381858373,0.0,3049.068049779177,0.4215277777777778,0.0,0.0,0.013161625000002175,0.0
greedy,1.2,28,1,n/a,288,174,0.6041666666666666,0.4984042915000732,0.551832708495714,0.0,2843.2967106509527,0.38055555555555554,0.0,0.0,0.012608415999999067,0.0
greedy,1.2,29,1,n/a,288,175,0.6076388888888888,0.48008278653322595,0.5623332344717717,0.0,2957.640827575625,0.40069444444444446,0.0,0.0,0.02464358299999958,0.0
greedy,1.2,30,1,n/a,288,178,0.6180555555555556,0.46907439079085356,0.5752712344071109,0.0,3005.3711680039664,0.4097222222222222,0.0,0.0,0.015615791000001877,0.0
greedy,1.2,31,1,n/a,288,169,0.5868055555555556,0.4564862538168404,0.585693174355326,0.0,2948.184377329252,0.3770833333333333,0.0,0.0,0.013502667000004465,0.0
greedy,1.2,32,1,n/a,288,182,0.6319444444444444,0.49719515851877044,0.5432136704216695,0.0,2869.8987216599294,0.41944444444444445,0.0,0.0,0.012780124999999032,0.0
greedy,1.2,33,1,n/a,288,186,0.6458333333333334,0.4867511131249322,0.5557929273888202,0.0,3145.5835815685014,0.4201388888888889,0.0,0.0,0.012654166000004352,0.0
greedy,1.2,34,1,n/a,288,175,0.6076388888888888,0.47260220137839093,0.5705450046350968,0.0,2852.2968579222124,0.39166666666666666,0.0,0.0,0.012453457999995976,0.0
greedy,1.2,35,1,n/a,288,175,0.6076388888888888,0.47260912784766207,0.5678331102672629,0.0,2528.3307656322386,0.4041666666666667,0.0,0.0,0.01243641700000353,0.0
greedy,1.2,36,1,n/a,288,177,0.6145833333333334,0.4918519923911954,0.5543597838770558,0.0,2919.483745624932,0.40208333333333335,0.0,0.0,0.013044583999999304,0.0
greedy,1.2,37,1,n/a,288,180,0.625,0.4808911608193154,0.5616516582528621,0.0,2800.713230917027,0.4111111111111111,0.0,0.0,0.012858708999999635,0.0
greedy,1.2,38,1,n/a,288,181,0.6284722222222222,0.46117423716329303,0.5711406572858531,0.0,3295.148397818405,0.40347222222222223,0.0,0.0,0.012288542000000291,0.0
greedy,1.2,39,1,n/a,288,195,0.6770833333333334,0.5163591170827864,0.5258691493229106,0.0,3241.5833770552235,0.45208333333333334,0.0,0.0,0.013035334000001342,0.0
greedy,1.2,40,1,n/a,288,182,0.6319444444444444,0.47388842601996645,0.5582818695227121,0.0,3016.9742117016713,0.4,0.0,0.0,0.012499915999995892,0.0
greedy,1.2,41,1,n/a,288,183,0.6354166666666666,0.4705462801901323,0.5645421379141726,0.0,2892.3117205440917,0.4048611111111111,0.0,0.0,0.012497875000001102,0.0
greedy,1.2,42,1,n/a,288,186,0.6458333333333334,0.4747562643074532,0.5585098330394918,0.0,3024.3949264430426,0.44027777777777777,0.0,0.0,0.01287612499999824,0.0
greedy,1.2,43,1,n/a,288,190,0.6597222222222222,0.47501101452029665,0.5579345884375031,0.0,3003.530615650561,0.4236111111111111,0.0,0.0,0.012629250000003367,0.0
greedy,1.2,44,1,n/a,288,188,0.6527777777777778,0.4719891926816739,0.5615809173821247,0.0,3305.6026179530318,0.41458333333333336,0.0,0.0,0.013136499999994555,0.0
greedy,1.2,45,1,n/a,288,182,0.6319444444444444,0.4883844215772045,0.5557674106813899,0.0,2859.9436908734137,0.40208333333333335,0.0,0.0,0.012165166999999144,0.0
greedy,1.2,46,1,n/a,288,192,0.6666666666666666,0.4853810394107013,0.5508865850156124,0.0,3143.5934795121048,0.4361111111111111,0.0,0.0,0.012616999999998768,0.0
greedy,1.2,47,1,n/a,288,181,0.6284722222222222,0.46078575136800415,0.5738377486505943,0.0,3007.4517918363968,0.40902777777777777,0.0,0.0,0.012825542000001633,0.0
greedy,1.2,48,1,n/a,288,187,0.6493055555555556,0.500976840113346,0.5405335332898309,0.0,3027.4113382809496,0.4166666666666667,0.0,0.0,0.023460917000008408,0.0
greedy,1.2,49,1,n/a,288,171,0.59375,0.45452782669864567,0.5820344332874077,0.0,2622.929354576198,0.3923611111111111,0.0,0.0,0.0155100420000025,0.0
greedy,1.2,50,1,n/a,288,191,0.6631944444444444,0.5125418210704106,0.5295637128511952,0.0,2955.2427903203734,0.44305555555555554,0.0,0.0,0.013443082999998524,0.0
greedy,1.2,51,1,n/a,288,179,0.6215277777777778,0.4721521888048725,0.56821221682936,0.0,2894.2235518379307,0.41180555555555554,0.0,0.0,0.012383458000002179,0.0
greedy,1.2,52,1,n/a,288,191,0.6631944444444444,0.5058254393934719,0.5386701344894362,0.0,3301.831136329421,0.4361111111111111,0.0,0.0,0.012498624999992103,0.0
greedy,1.2,53,1,n/a,288,175,0.6076388888888888,0.47527045775038934,0.5624328305009989,0.0,2893.129571732662,0.39652777777777776,0.0,0.0,0.012110125000006633,0.0
greedy,1.2,54,1,n/a,288,177,0.6145833333333334,0.460089586790371,0.5754440077999723,0.0,3101.338347188474,0.4083333333333333,0.0,0.0,0.012328624999994986,0.0
greedy,1.2,55,1,n/a,288,181,0.6284722222222222,0.48902920709640607,0.5509070710029333,0.0,2952.160401101897,0.3951388888888889,0.0,0.0,0.02493912500000306,0.0
greedy,1.2,56,1,n/a,288,188,0.6527777777777778,0.4965173952275405,0.5435299071492181,0.0,3177.747650759369,0.4215277777777778,0.0,0.0,0.02289650000000165,0.0
greedy,1.2,57,1,n/a,288,186,0.6458333333333334,0.49039156048897803,0.5509117426026966,0.0,2971.2144217436944,0.425,0.0,0.0,0.01580516599999271,0.0
greedy,1.2,58,1,n/a,288,163,0.5659722222222222,0.43651870973953716,0.6034458798615521,0.0,2752.014633192201,0.36736111111111114,0.0,0.0,0.013505374999994046,0.0
greedy,1.2,59,1,n/a,288,201,0.6979166666666666,0.5265758683056921,0.5159503178753728,0.0,3323.8582660590387,0.44722222222222224,0.0,0.0,0.012553832999998349,0.0
greedy,1.2,60,1,n/a,288,176,0.6111111111111112,0.44739694652537426,0.5830436242393311,0.0,2723.2575691840166,0.39444444444444443,0.0,0.0,0.01224304099999074,0.0
greedy,2.0,1,1,n/a,480,279,0.58125,0.4355022601816989,0.5959545961626678,0.0,4542.350412723228,0.6354166666666666,0.0,0.0,0.021665000000012924,0.0
greedy,2.0,2,1,n/a,480,272,0.5666666666666667,0.4152077971122821,0.6092059736683584,0.0,4382.513614468963,0.6180555555555556,0.0,0.0,0.02135508400000674,0.0
greedy,2.0,3,1,n/a,480,272,0.5666666666666667,0.4361560020480983,0.604225682441855,0.0,4489.435238283186,0.6118055555555556,0.0,0.0,0.020922249999998144,0.0
greedy,2.0,4,1,n/a,480,266,0.5541666666666667,0.42499802440963713,0.6078160388607572,0.0,4186.297140497749,0.6041666666666666,0.0,0.0,0.020914290999996865,0.0
greedy,2.0,5,1,n/a,480,276,0.575,0.4410180670353801,0.5936875257908674,0.0,4607.535001380917,0.6138888888888889,0.0,0.0,0.02096224999999663,0.0
greedy,2.0,6,1,n/a,480,272,0.5666666666666667,0.416989737853597,0.6130747545022783,0.0,4418.055516830948,0.6201388888888889,0.0,0.0,0.022108791000007955,0.0
greedy,2.0,7,1,n/a,480,267,0.55625,0.41233341544373003,0.6186343893448689,0.0,4075.1362572134963,0.6083333333333333,0.0,0.0,0.02171350000000416,0.0
greedy,2.0,8,1,n/a,480,257,0.5354166666666667,0.4020615874245804,0.6337214261325346,0.0,4047.3524229573336,0.5875,0.0,0.0,0.021510542000001465,0.0
greedy,2.0,9,1,n/a,480,272,0.5666666666666667,0.42266844123961667,0.6088353132713697,0.0,4231.545872817044,0.5965277777777778,0.0,0.0,0.021276332999988767,0.0
greedy,2.0,10,1,n/a,480,269,0.5604166666666667,0.4242788799822217,0.605460998566943,0.0,4350.49409066047,0.6006944444444444,0.0,0.0,0.02112187499999152,0.0
greedy,2.0,11,1,n/a,480,274,0.5708333333333333,0.4083522351358464,0.6126229150704059,0.0,4571.739552974403,0.5916666666666667,0.0,0.0,0.021635583000005454,0.0
greedy,2.0,12,1,n/a,480,277,0.5770833333333333,0.4379578234641833,0.5973869473950963,0.0,4455.081147948889,0.6159722222222223,0.0,0.0,0.022342416000000753,0.0
greedy,2.0,13,1,n/a,480,279,0.58125,0.4238235401982322,0.5990686435493469,0.0,4768.542635945905,0.6222222222222222,0.0,0.0,0.024799125000001254,0.0
greedy,2.0,14,1,n/a,480,269,0.5604166666666667,0.41525568766854093,0.6162399290937286,0.0,4422.952072907341,0.6083333333333333,0.0,0.0,0.021727125000012393,0.0
greedy,2.0,15,1,n/a,480,259,0.5395833333333333,0.4071437565062648,0.6211059032209683,0.0,4104.889889640357,0.59375,0.0,0.0,0.021292666999997323,0.0
greedy,2.0,16,1,n/a,480,274,0.5708333333333333,0.4524865654819029,0.590602464280604,0.0,4330.208757496714,0.60625,0.0,0.0,0.02252525000000105,0.0
greedy,2.0,17,1,n/a,480,290,0.6041666666666666,0.45460044773561054,0.5842857029860833,0.0,4820.502908855545,0.6402777777777777,0.0,0.0,0.021813791999989007,0.0
greedy,2.0,18,1,n/a,480,256,0.5333333333333333,0.4037771027502955,0.6319658622364652,0.0,4049.46427126945,0.5597222222222222,0.0,0.0,0.02088483299999666,0.0
greedy,2.0,19,1,n/a,480,276,0.575,0.45283111255970165,0.5891331591272901,0.0,4374.757293806074,0.6131944444444445,0.0,0.0,0.022203666000010003,0.0
greedy,2.0,20,1,n/a,480,276,0.575,0.4492266614833691,0.5936987529208104,0.0,4666.470407650126,0.6055555555555555,0.0,0.0,0.021642291999995678,0.0
greedy,2.0,21,1,n/a,480,260,0.5416666666666666,0.4090045406561515,0.6253704763750194,0.0,4118.532343382286,0.5944444444444444,0.0,0.0,0.021155917000001523,0.0
greedy,2.0,22,1,n/a,480,269,0.5604166666666667,0.4290743788142725,0.6065460427908613,0.0,4284.864577692994,0.6083333333333333,0.0,0.0,0.02229229099999941,0.0
greedy,2.0,23,1,n/a,480,288,0.6,0.4665520302459917,0.5727955528506239,0.0,4607.852333738915,0.6340277777777777,0.0,0.0,0.02189820799999609,0.0
greedy,2.0,24,1,n/a,480,278,0.5791666666666667,0.43490002069392647,0.6007440607286494,0.0,4163.134810014802,0.6284722222222222,0.0,0.0,0.021966458000008515,0.0
greedy,2.0,25,1,n/a,480,258,0.5375,0.4076793141206696,0.6280070481186277,0.0,4299.153712759324,0.5763888888888888,0.0,0.0,0.022025874999997086,0.0
greedy,2.0,26,1,n/a,480,259,0.5395833333333333,0.4127321188381622,0.6230525138499365,0.0,4052.596646507615,0.5875,0.0,0.0,0.022888041000001635,0.0
greedy,2.0,27,1,n/a,480,285,0.59375,0.42928520826772576,0.5950876514860719,0.0,4682.949909632175,0.63125,0.0,0.0,0.023332500000009304,0.0
greedy,2.0,28,1,n/a,480,267,0.55625,0.43421850947432117,0.6093296677283919,0.0,4536.533677972512,0.5791666666666667,0.0,0.0,0.0238643330000059,0.0
greedy,2.0,29,1,n/a,480,254,0.5291666666666667,0.38744626095448104,0.6338067255232707,0.0,4016.2693135171867,0.5527777777777778,0.0,0.0,0.023064082999994184,0.0
greedy,2.0,30,1,n/a,480,273,0.56875,0.42738679080528763,0.6066321779407067,0.0,4633.606901994817,0.6145833333333334,0.0,0.0,0.023372999999992317,0.0
greedy,2.0,31,1,n/a,480,265,0.5520833333333334,0.4088446957294395,0.6223196126852457,0.0,4353.201349399908,0.6034722222222222,0.0,0.0,0.02323545799998783,0.0
greedy,2.0,32,1,n/a,480,266,0.5541666666666667,0.4167522072455886,0.6156045632472631,0.0,4094.4668322473785,0.5965277777777778,0.0,0.0,0.02358366699999692,0.0
greedy,2.0,33,1,n/a,480,264,0.55,0.4227623492872459,0.6173141914081794,0.0,3958.847412041751,0.5923611111111111,0.0,0.0,0.024282374999998524,0.0
greedy,2.0,34,1,n/a,480,274,0.5708333333333333,0.4489201203423131,0.5934654161775716,0.0,4406.391303454572,0.6111111111111112,0.0,0.0,0.023945957999998768,0.0
greedy,2.0,35,1,n/a,480,261,0.54375,0.4106930445340766,0.6188219428396917,0.0,4045.384747945264,0.5826388888888889,0.0,0.0,0.03390612499998724,0.0
greedy,2.0,36,1,n/a,480,263,0.5479166666666667,0.39803807712820327,0.6326485288880419,0.0,4043.225421081387,0.5631944444444444,0.0,0.0,0.03049091699999451,0.0
greedy,2.0,37,1,n/a,480,255,0.53125,0.40573357156254153,0.6309995938095418,0.0,4274.23957550756,0.5736111111111111,0.0,0.0,0.02235420799999588,0.0
greedy,2.0,38,1,n/a,480,273,0.56875,0.4390165676482068,0.5983635602973918,0.0,4430.712023627693,0.6402777777777777,0.0,0.0,0.02106987499999491,0.0
greedy,2.0,39,1,n/a,480,279,0.58125,0.4204658083201398,0.6126769796095233,0.0,4430.814782853862,0.6270833333333333,0.0,0.0,0.02169516699999008,0.0
greedy,2.0,40,1,n/a,480,283,0.5895833333333333,0.4251835059608529,0.6055655968574869,0.0,4457.028104689867,0.6340277777777777,0.0,0.0,0.021483707999990997,0.0
greedy,2.0,41,1,n/a,480,279,0.58125,0.4481583782308166,0.589555269153291,0.0,4423.98764573891,0.6270833333333333,0.0,0.0,0.021219208000005096,0.0
greedy,2.0,42,1,n/a,480,280,0.5833333333333334,0.4322733607072932,0.6015335255822443,0.0,4410.723104905594,0.6305555555555555,0.0,0.0,0.021061416999998528,0.0
greedy,2.0,43,1,n/a,480,265,0.5520833333333334,0.4085555365691003,0.6188330382985661,0.0,4343.884913507202,0.58125,0.0,0.0,0.020739500000004796,0.0
greedy,2.0,44,1,n/a,480,282,0.5875,0.43859058189078726,0.5979461563305508,0.0,4874.1660623689595,0.6361111111111111,0.0,0.0,0.021268958999996812,0.0
greedy,2.0,45,1,n/a,480,277,0.5770833333333333,0.42825419848208035,0.6032925473189994,0.0,4382.682245658543,0.6194444444444445,0.0,0.0,0.021197041000007744,0.0
greedy,2.0,46,1,n/a,480,269,0.5604166666666667,0.4009810107507387,0.6296770594530443,0.0,4324.751544087262,0.6131944444444445,0.0,0.0,0.021255665999987627,0.0
greedy,2.0,47,1,n/a,480,254,0.5291666666666667,0.3981894855725915,0.6331872693866454,0.0,4113.911076099692,0.5576388888888889,0.0,0.0,0.021040333000001965,0.0
greedy,2.0,48,1,n/a,480,263,0.5479166666666667,0.3934781931459371,0.628940161697652,0.0,4275.207960313937,0.5979166666666667,0.0,0.0,0.0320698750000048,0.0
greedy,2.0,49,1,n/a,480,260,0.5416666666666666,0.40519964648223233,0.6262429449295661,0.0,4016.191409129204,0.5972222222222222,0.0,0.0,0.022131665999992833,0.0
greedy,2.0,50,1,n/a,480,254,0.5291666666666667,0.4034502214900034,0.6282695765328694,0.0,4073.395722194508,0.5763888888888888,0.0,0.0,0.03517695899999751,0.0
greedy,2.0,51,1,n/a,480,274,0.5708333333333333,0.4267865888165591,0.6054652217412371,0.0,4414.39549618743,0.6111111111111112,0.0,0.0,0.02375333300000193,0.0
greedy,2.0,52,1,n/a,480,255,0.53125,0.40488799778532963,0.6307680946975978,0.0,4133.236006084815,0.5756944444444444,0.0,0.0,0.021699874999995927,0.0
greedy,2.0,53,1,n/a,480,260,0.5416666666666666,0.4093576283153178,0.6250657411577241,0.0,4223.690529260571,0.5868055555555556,0.0,0.0,0.021375457999994296,0.0
greedy,2.0,54,1,n/a,480,266,0.5541666666666667,0.41024697722954007,0.6229654171891823,0.0,4189.544582012641,0.5875,0.0,0.0,0.02178808300000412,0.0
greedy,2.0,55,1,n/a,480,273,0.56875,0.42383802236813417,0.6112970476762052,0.0,4387.141375535509,0.6173611111111111,0.0,0.0,0.03293841699999689,0.0
greedy,2.0,56,1,n/a,480,266,0.5541666666666667,0.42642022752386605,0.6114320291759936,0.0,4359.3774597376,0.6076388888888888,0.0,0.0,0.025516792000004784,0.0
greedy,2.0,57,1,n/a,480,266,0.5541666666666667,0.39825635092221295,0.6266763283806389,0.0,4376.02525796494,0.6083333333333333,0.0,0.0,0.02316845800000067,0.0
greedy,2.0,58,1,n/a,480,270,0.5625,0.4126802573358031,0.620644347199075,0.0,4169.308965631876,0.6166666666666667,0.0,0.0,0.022177208000002224,0.0
greedy,2.0,59,1,n/a,480,256,0.5333333333333333,0.3845999762354206,0.6445937169815705,0.0,4131.540977873377,0.5833333333333334,0.0,0.0,0.022588083000002257,0.0
greedy,2.0,60,1,n/a,480,265,0.5520833333333334,0.39865529811597983,0.6299777704383294,0.0,4195.007875582105,0.5909722222222222,0.0,0.0,0.022814666999991573,0.0
